Drug,Target_A,Target_B,Indication,Phase,rank,label,tLung_mean_A,tLung_mean_B,nLung_mean_A,nLung_mean_B,safety_score_A,safety_score_B,specificity_A,specificity_B,expr_tnk_A,expr_tnk_B,expr_myeloid_A,expr_myeloid_B,expr_epithelial_A,expr_epithelial_B,diff_tumor_mean,prod_tumor_mean,sum_tumor_mean,min_tumor_mean,max_tumor_mean,safety_score_min,safety_score_prod,specificity_min,specificity_prod,double_positive_rate,target_similarity,is_immune_engager,is_dual_checkpoint,is_angiogenic_co_target
Elranatamab,TNFRSF17,CD3E,Relapsed/refractory multiple myeloma | Multiple Myeloma | Relapse multiple myeloma | Smoldering Multiple Myeloma | Bone Marrow Neoplasms,"Approved, NDA/BLA",4,1,0.040244523435831,0.736981987953186,0.0402837544679641,0.7350622415542603,0.3027197340691121,0.3243314437737325,0.9995654696421932,1.0024453429260909,0.0414421670138835,0.7345154881477356,0.0414013490080833,0.7241330146789551,0.0406943261623382,0.7432199120521545,0.6967374645173551,0.029659488885967315,0.777226511389017,0.040244523435831,0.736981987953186,0.3027197340691121,0.0981815284094355,0.9995654696421932,1.0020097499925473,0.006072154861921742,0.9987171668478415,1,0,0
Talquetamab,CD3E,GPRC5D,Plasma cell myeloma refractory | Relapse multiple myeloma | Multiple Myeloma | Bone Marrow Neoplasms | Smoldering Multiple Myeloma,"Approved, NDA/BLA",4,1,0.736981987953186,0.0003322332631796,0.7350622415542603,0.0005814629839733,0.3243314437737325,0.0065222330204565,1.0024453429260909,0.9950727063613674,0.7345154881477356,0.0003881806624121,0.7241330146789551,0.0005207716603763,0.7432199120521545,0.0003290646418463,0.7366497546900065,0.00024484993076227563,0.7373142212163656,0.0003322332631796,0.736981987953186,0.0065222330204565,0.002115365252153369,0.9950727063613674,0.9975060003648143,0.00011080574565548897,0.8700661647194224,1,0,0
Epcoritamab,MS4A1,CD3E,Mediastinal large B-cell lymphoma | Recurrent Follicular Lymphoma | Refractory Follicular Lymphoma | Diffuse Large B-Cell Lymphoma | High grade B-cell lymphoma | Follicular Lymphoma | Diffuse large B-cell lymphoma recurrent | Large B-cell lymphoma | Indolent B-Cell Non-Hodgkin Lymphoma | Non-Hodgkin Lymphoma | Richter's syndrome | B-cell lymphoma refractory | Mantle-Cell Lymphoma | Marginal Zone B-Cell Lymphoma | Small Lymphocytic Lymphoma | B-Cell Lymphoma | Indolent Non-Hodgkin Lymphoma,"Approved, NDA/BLA",4,1,0.3328534364700317,0.736981987953186,0.3374113142490387,0.7350622415542603,0.4109104902294773,0.3243314437737325,0.9882350421596696,1.0024453429260909,0.3303883373737335,0.7345154881477356,0.3282518684864044,0.7241330146789551,0.3216332495212555,0.7432199120521545,0.40412855148315435,0.24530698730673348,1.0698354244232178,0.3328534364700317,0.736981987953186,0.3243314437737325,0.13327119255789857,0.9882350421596696,0.9906516157293299,0.03673579820965552,0.9998183393155541,1,0,0
Glofitamab,MS4A1,CD3E,Diffuse large B-cell lymphoma recurrent | Diffuse large B-cell lymphoma refractory | Mediastinal large B-cell lymphoma | Diffuse Large B-Cell Lymphoma | Mantle-Cell Lymphoma | Mantle cell lymphoma refractory | Large B-cell lymphoma | Richter's syndrome | Follicular Lymphoma | Indolent Non-Hodgkin Lymphoma | Marginal Zone B-Cell Lymphoma | Refractory Transformed Follicular Lymphoma to Diffuse Large B-Cell Lymphoma | Primary mediastinal large B-cell lymphoma refractory | Refractory Indolent Adult Non-Hodgkin Lymphoma | Refractory Transformed Indolent B-Cell Non-Hodgkin Lymphoma | B-Cell Lymphoma | Refractory Mature B-Cell Non-Hodgkin Lymphoma | High grade B-cell lymphoma | Non-Hodgkin Lymphoma,"Approved, NDA/BLA",4,1,0.3328534364700317,0.736981987953186,0.3374113142490387,0.7350622415542603,0.4109104902294773,0.3243314437737325,0.9882350421596696,1.0024453429260909,0.3303883373737335,0.7345154881477356,0.3282518684864044,0.7241330146789551,0.3216332495212555,0.7432199120521545,0.40412855148315435,0.24530698730673348,1.0698354244232178,0.3328534364700317,0.736981987953186,0.3243314437737325,0.13327119255789857,0.9882350421596696,0.9906516157293299,0.03673579820965552,0.9998183393155541,1,0,0
Teclistamab,TNFRSF17,CD3E,Multiple Myeloma | Relapse multiple myeloma | Bone Marrow Neoplasms | Dihydropyrimidine Dehydrogenase Deficiency | Smoldering Multiple Myeloma | Hematologic Neoplasms | Relapsed/refractory multiple myeloma | Plasma cell myeloma refractory,"Approved, NDA/BLA",4,1,0.040244523435831,0.736981987953186,0.0402837544679641,0.7350622415542603,0.3027197340691121,0.3243314437737325,0.9995654696421932,1.0024453429260909,0.0414421670138835,0.7345154881477356,0.0414013490080833,0.7241330146789551,0.0406943261623382,0.7432199120521545,0.6967374645173551,0.029659488885967315,0.777226511389017,0.040244523435831,0.736981987953186,0.3027197340691121,0.0981815284094355,0.9995654696421932,1.0020097499925473,0.006072154861921742,0.9987171668478415,1,0,0
Cadonilimab,CTLA4,PDCD1,Uterine Cervical Cancer | Gastroesophageal junction adenocarcinoma | Stomach Cancer | Non-Small Cell Lung Cancer | Hepatocellular Carcinoma | Locally Advanced Cervical Carcinoma | Locally Advanced Gastroesophageal Junction Adenocarcinoma | stomach adenocarcinoma | Metastatic Carcinoma to the Uterine Cervix | Adenocarcinoma | Metastatic gastric adenocarcinoma | HER2-expressing Gastric Adenocarcinoma | Triple Negative Breast Cancer | Advanced cancer | Gastrooesophageal junction cancer | Late gastric cancer | Metastatic Colorectal Carcinoma | RAS mutant Colorectal Cancer | Unresectable Hepatocellular Carcinoma | Colorectal Cancer | Locally Advanced Rectal Carcinoma | Renal Cell Carcinoma | Relapsed Vulvar Cancer | Non-squamous non-small cell lung cancer | HER2 Positive Transitional Cell Carcinoma | Vulvar Neoplasms | Metastatic Microsatellite Stable Colorectal Carcinoma | Advanced Renal Cell Carcinoma | Pancreatic carcinoma non-resectable | Oesophageal squamous cell carcinoma recurrent | Locally Advanced Esophageal Squamous Cell Carcinoma | Metastatic hepatocellular carcinoma | Advanced Lung Non-Small Cell Carcinoma | Metastatic Cervical Carcinoma | Advanced Hepatocellular Carcinoma | Recurrent Cervical Cancer | Nasopharyngeal Carcinoma | Esophageal Squamous Cell Carcinoma | Extensive stage Small Cell Lung Cancer | Small Cell Lung Cancer | Advanced Gastric Adenocarcinoma | Locally Advanced Lung Non-Small Cell Carcinoma | metastatic non-small cell lung cancer | Advanced Malignant Solid Neoplasm | Metastatic Solid Tumor | Melanoma | Tumor of advanced extent | Solid tumor,"Approved, NDA/BLA",4,1,0.0449843853712081,0.0371215306222438,0.0441446676850318,0.0368414930999279,0.3134094143326692,0.2913144945871229,1.008919439696634,1.003224697230778,0.044516559690237,0.0363958217203617,0.043271392583847,0.0375192314386367,0.0453834980726242,0.0369100831449031,0.007862854748964303,0.0016698892390801174,0.0821059159934519,0.0371215306222438,0.0449843853712081,0.2913144945871229,0.09130070513516772,1.003224697230778,1.0121728994199015,0.0008986877263326712,0.9963185437204501,0,1,0
Mosunetuzumab,MS4A1,CD3E,Follicular Lymphoma | Large B-cell lymphoma | Aggressive B-Cell Non-Hodgkin Lymphoma | Non-Hodgkin's lymphoma refractory | Recurrent Non-Hodgkin Lymphoma | Refractory Aggressive Non-Hodgkin Lymphoma | Indolent B-Cell Non-Hodgkin Lymphoma | Marginal Zone B-Cell Lymphoma | B-Cell Lymphoma | Diffuse Large B-Cell Lymphoma | Refractory Transformed Follicular Lymphoma to Diffuse Large B-Cell Lymphoma | Non-Hodgkin Lymphoma | B-Cell Chronic Lymphocytic Leukemia | B-cell lymphoma refractory | Diffuse large B-cell lymphoma recurrent | High grade B-cell lymphoma | Systemic Lupus Erythematosus | Refractory Follicular Lymphoma,"Approved, NDA/BLA",4,1,0.3328534364700317,0.736981987953186,0.3374113142490387,0.7350622415542603,0.4109104902294773,0.3243314437737325,0.9882350421596696,1.0024453429260909,0.3303883373737335,0.7345154881477356,0.3282518684864044,0.7241330146789551,0.3216332495212555,0.7432199120521545,0.40412855148315435,0.24530698730673348,1.0698354244232178,0.3328534364700317,0.736981987953186,0.3243314437737325,0.13327119255789857,0.9882350421596696,0.9906516157293299,0.03673579820965552,0.9998183393155541,1,0,0
Amivantamab-VMJM,EGFR,MET,EGFR ex20ins mutation in non-small cell lung cancer | EGFR-mutated non-small Cell Lung Cancer | EGFR exon 19 Deletions Mutant Non-small Cell Lung Cancer | Advanced Lung Non-Small Cell Carcinoma | Small Cell Lung Cancer | EGFR positive non-small cell lung cancer | metastatic non-small cell lung cancer | Laryngeal Cleft | Non-Small Cell Lung Cancer | Metastatic Solid Tumor | Gastrointestinal Neoplasms | Neoplasms | Neoplasm Metastasis | Recurrent Non-Small Cell Lung Cancer | Secondary malignant neoplasm of lung | Esophageal Carcinoma | Stomach Cancer | Colorectal Cancer | Advanced Malignant Solid Neoplasm | EGFR exon 21 Substitution Mutant Non-small Cell Lung Cancer | Metastatic Colorectal Carcinoma,"Approved, NDA/BLA",4,1,0.2500387728214264,0.2726970613002777,0.2226305454969406,0.2730317413806915,0.4410472192302643,0.4203732279753822,1.100532489030263,0.998963940574436,0.2356877774000167,0.2747542858123779,0.2406675368547439,0.2727423310279846,0.2502810657024383,0.2936901748180389,0.02265828847885132,0.06818483855953072,0.5227358341217041,0.2500387728214264,0.2726970613002777,0.4203732279753822,0.18540444323739225,0.998963940574436,1.0993922719718638,0.00641954144640202,0.9994485690962657,0,0,0
Blinatumomab,CD19,CD3E,Precursor B-Cell Lymphoblastic Leukemia-Lymphoma | CD19-positive B-cell Precursor acute lymphoblastic leukemia | Burkitt Lymphoma | Acute Lymphoblastic Leukemia | Pre B-cell acute lymphoblastic leukemia | Philadelphia Chromosome Negative Acute Lymphoblastic Leukemia | CD19-positive B-cell acute lymphoblastic leukemia | Recurrent B Acute Lymphoblastic Leukemia | Refractory B Acute Lymphoblastic Leukemia | Philadelphia positive acute lymphocytic leukaemia | Richter's syndrome | Refractory Indolent Non-Hodgkin Lymphoma | B-Cell Lymphoma | Residual Neoplasm | Adult Acute Lymphocytic Leukemia,"Approved, NDA/BLA",4,1,0.064342513680458,0.736981987953186,0.0662170052528381,0.7350622415542603,0.3396251482844286,0.3243314437737325,0.9838707634196736,1.0024453429260909,0.0652454048395156,0.7345154881477356,0.0630370453000068,0.7241330146789551,0.0646611973643302,0.7432199120521545,0.6726394742727281,0.04741927364212901,0.801324501633644,0.064342513680458,0.736981987953186,0.3243314437737325,0.11015111468495671,0.9838707634196736,0.9862766648311896,0.015571900789453794,0.9999607610080415,1,0,0
Ivonescimab,PDCD1,VEGFA,"Non-Small Cell Lung Cancer | Squamous cell carcinoma, metastatic | Advanced Lung Non-Small Cell Squamous Carcinoma | Non-squamous non-small cell lung cancer | Squamous non-small cell lung cancer | Advanced Lung Non-Small Cell Carcinoma | PD-L1 positive Non-Small Cell Lung Cancer | EGFR positive Non-squamous non-small cell lung cancer | Metastatic Lung Non-Small Cell Carcinoma | Hepatocellular Carcinoma | Advanced cancer | Gastroesophageal junction adenocarcinoma | Gastrooesophageal junction cancer | stomach adenocarcinoma | Unresectable Hepatocellular Carcinoma | Metastatic Colorectal Carcinoma | Advanced Triple-Negative Breast Carcinoma | Metastatic Triple-Negative Breast Carcinoma | Female Genital Neoplasms | Advanced Endometrial Carcinoma | Neoplasm Metastasis | Ovarian Cancer | Uterine Cervical Cancer | Microsatellite Stable Colorectal Carcinoma | Metastatic Non-Squamous Non-Small Cell Lung Carcinoma | Platinum-Resistant Ovarian Carcinoma | Extensive stage Small Cell Lung Cancer | Advanced Hepatocellular Carcinoma","Approved, NDA/BLA",4,1,0.0371215306222438,0.3522780239582062,0.0368414930999279,0.3303407430648803,0.2913144945871229,0.4175137819573727,1.003224697230778,1.0576779671737235,0.0363958217203617,0.3407605290412903,0.0375192314386367,0.341223806142807,0.0369100831449031,0.3476842045783996,0.3151564933359624,0.013077099453908085,0.38939955458044995,0.0371215306222438,0.3522780239582062,0.2913144945871229,0.12162781637407026,1.003224697230778,1.0610886583855235,0.0038566286365292646,0.9997188061186437,0,0,1
Odronextamab,MS4A1,CD3E,Recurrent Follicular Lymphoma | Refractory Follicular Lymphoma | Diffuse large B-cell lymphoma recurrent | Diffuse large B-cell lymphoma refractory | Aggressive B-Cell Non-Hodgkin Lymphoma | B-Cell Lymphoma | Diffuse Large B-Cell Lymphoma | Follicular Lymphoma | Non-Hodgkin Lymphoma | B-cell lymphoma refractory | B-Cell Chronic Lymphocytic Leukemia | CD20 positive B-Cell Lymphoma | Lymphoid Leukemia,"Approved, NDA/BLA",4,1,0.3328534364700317,0.736981987953186,0.3374113142490387,0.7350622415542603,0.4109104902294773,0.3243314437737325,0.9882350421596696,1.0024453429260909,0.3303883373737335,0.7345154881477356,0.3282518684864044,0.7241330146789551,0.3216332495212555,0.7432199120521545,0.40412855148315435,0.24530698730673348,1.0698354244232178,0.3328534364700317,0.736981987953186,0.3243314437737325,0.13327119255789857,0.9882350421596696,0.9906516157293299,0.03673579820965552,0.9998183393155541,1,0,0
Tarlatamab,CD3E,DLL3,Advanced Lung Small Cell Carcinoma | Extensive stage Small Cell Lung Cancer | Small cell lung cancer recurrent | Small Cell Lung Cancer | Prostate Neuroendocrine Carcinoma,"Approved, NDA/BLA",4,1,0.736981987953186,0.0083279805257916,0.7350622415542603,0.0079311551526188,0.3243314437737325,0.1248928920695039,1.0024453429260909,1.006849947530432,0.7345154881477356,0.0088349925354123,0.7241330146789551,0.008379690349102,0.7432199120521545,0.008308881893754,0.7286540074273944,0.006137571643533313,0.7453099684789777,0.0083279805257916,0.736981987953186,0.1248928920695039,0.04050669200197914,1.0024453429260909,1.0093120409272605,0.002201340813689379,0.9970972677330034,1,0,0
Catumaxomab,CD3E,EPCAM,Advanced gastric carcinoma | Secondary malignant neoplasm of peritoneum | Non-Muscle Invasive Bladder Neoplasms,"Phase 3,2/3",3,1,0.736981987953186,1.3818910121917725,0.7350622415542603,1.3133620023727417,0.3243314437737325,0.4207297249094102,1.0024453429260909,1.050264720374901,0.7345154881477356,1.3389904499053955,0.7241330146789551,1.3404426574707031,0.7432199120521545,1.4144569635391235,0.6449090242385864,1.018428785299733,2.1188730001449585,0.736981987953186,1.3818910121917725,0.3243314437737325,0.13645587911839432,1.0024453429260909,1.0528329777793926,0.054715877204689005,0.9998626091708209,1,0,0
Alnuctamab,TNFRSF17,CD3E,Multiple Myeloma | Relapse multiple myeloma | Relapsed/refractory multiple myeloma,"Phase 3,2/3",3,1,0.040244523435831,0.736981987953186,0.0402837544679641,0.7350622415542603,0.3027197340691121,0.3243314437737325,0.9995654696421932,1.0024453429260909,0.0414421670138835,0.7345154881477356,0.0414013490080833,0.7241330146789551,0.0406943261623382,0.7432199120521545,0.6967374645173551,0.029659488885967315,0.777226511389017,0.040244523435831,0.736981987953186,0.3027197340691121,0.0981815284094355,0.9995654696421932,1.0020097499925473,0.006072154861921742,0.9987171668478415,1,0,0
Erfonrilimab,CTLA4,CD274,HER2 positive Gastrooesophageal junction cancer | Advanced Pancreatic Ductal Adenocarcinoma | Anophthalmia With Pulmonary Hypoplasia | Pancreatic Cancer | Advanced Lung Non-Small Cell Squamous Carcinoma | Advanced Bile Duct Carcinoma | HER2 positive Biliary Tract Neoplasms | HER2 Positive Colorectal Cancer | HER2 Positive Solid Tumors | thymic carcinoma | Advanced Esophageal Squamous Cell Carcinoma | Triple Negative Breast Cancer | Breast Cancer | Esophageal Carcinoma | Stomach Cancer | Gastrointestinal Neoplasms | Advanced Malignant Solid Neoplasm | Lymphoma | colon cancer liver metastasis | Colonic Cancer,"Phase 3,2/3",3,1,0.0449843853712081,0.0394914634525775,0.0441446676850318,0.039888359606266,0.3134094143326692,0.2958513039616033,1.008919439696634,0.9955845656164276,0.044516559690237,0.0397807545959949,0.043271392583847,0.0414723642170429,0.0453834980726242,0.0420105867087841,0.0054929219186306,0.0017764992108237267,0.0844758488237856,0.0394914634525775,0.0449843853712081,0.2958513039616033,0.09272258390416259,0.9955845656164276,1.0044646221123428,0.0009490749798060097,0.9984347855420377,0,1,0
Linvoseltamab,TNFRSF17,CD3E,Relapse multiple myeloma | Plasma cell myeloma refractory | Recurrent Multiple Myeloma | Monoclonal Gammopathy of Undetermined Significance | Smoldering Multiple Myeloma | Chronic Kidney Diseases | Relapsed/refractory multiple myeloma,"Phase 3,2/3",3,1,0.040244523435831,0.736981987953186,0.0402837544679641,0.7350622415542603,0.3027197340691121,0.3243314437737325,0.9995654696421932,1.0024453429260909,0.0414421670138835,0.7345154881477356,0.0414013490080833,0.7241330146789551,0.0406943261623382,0.7432199120521545,0.6967374645173551,0.029659488885967315,0.777226511389017,0.040244523435831,0.736981987953186,0.3027197340691121,0.0981815284094355,0.9995654696421932,1.0020097499925473,0.006072154861921742,0.9987171668478415,1,0,0
Navicixizumab,DLL4,VEGFA,Platinum-Resistant Fallopian Tube Carcinoma | Platinum-Resistant Ovarian Carcinoma | Primary peritoneal carcinoma | Colorectal Cancer | Ovarian Cancer | Stomach Cancer | Triple Negative Breast Cancer | Fallopian Tube Carcinoma | Peritoneal Neoplasms,"Phase 3,2/3",3,1,0.0069326008670032,0.3522780239582062,0.0074427258223295,0.3303407430648803,0.107006552796355,0.4175137819573727,0.9911194159395544,1.0576779671737235,0.0075928140431642,0.3407605290412903,0.00714877480641,0.341223806142807,0.0075410646386444,0.3476842045783996,0.345345423091203,0.002442202934318834,0.3592106248252094,0.0069326008670032,0.3522780239582062,0.107006552796355,0.04467671055222745,0.9911194159395544,1.048285169077356,0.0007938375380874342,0.9971620615851324,0,0,1
Rilvegostomig,PDCD1,TIGIT,Biliary Tract Neoplasms | Advanced Cholangiocarcinoma | Gastroesophageal junction adenocarcinoma | stomach adenocarcinoma | metastatic non-small cell lung cancer | Non-Small Cell Lung Cancer | Metastatic Solid Tumor,"Phase 3,2/3",3,1,0.0371215306222438,0.1678885519504547,0.0368414930999279,0.1682288646697998,0.2913144945871229,0.3933687403676078,1.003224697230778,0.9984405696292284,0.0363958217203617,0.1612036675214767,0.0375192314386367,0.1679251939058303,0.0369100831449031,0.1677955389022827,0.13076702132821091,0.006232280022352973,0.2050100825726985,0.0371215306222438,0.1678885519504547,0.2913144945871229,0.11459401578656284,0.9984405696292284,1.0016602381692081,0.0027714328674893138,0.9973643354321027,0,1,0
SI-B001,EGFR,ERBB3,Adenocarcinoma of Lung | squamous cell lung carcinoma | Non-Small Cell Lung Cancer | Locally Advanced Lung Non-Small Cell Carcinoma | metastatic non-small cell lung cancer | Glandular and Epithelial Neoplasms | Esophageal Squamous Cell Carcinoma | Squamous Cell Carcinoma of Head and Neck | Squamous cell carcinoma of head and neck metastatic | Colorectal Cancer | EGFR-mutated non-small Cell Lung Cancer | Stomach Cancer | Locally Advanced Head and Neck Squamous Cell Carcinoma | Metastatic epithelioma | Gastrooesophageal junction cancer | Uterine Cervical Cancer,"Phase 3,2/3",3,1,0.2500387728214264,0.2228399366140365,0.2226305454969406,0.2218862622976303,0.4410472192302643,0.4077920779026814,1.100532489030263,1.003507622298924,0.2356877774000167,0.2227225452661514,0.2406675368547439,0.2285714298486709,0.2502810657024383,0.2277127206325531,0.027198836207389887,0.05571862428657813,0.4728787094354629,0.2228399366140365,0.2500387728214264,0.4077920779026814,0.17985556198310895,1.003507622298924,1.104392741329476,0.007497107332048072,0.9994599349347754,0,0,0
Tebotelimab,LAG3,PDCD1,Stomach Cancer | Gastrooesophageal junction cancer | Metastatic HER2 positive gastroesophageal junction cancer | HER2-positive gastric cancer | Advanced Malignant Solid Neoplasm | Cholangiocarcinoma | Hematologic Neoplasms | Non-Small Cell Lung Cancer | Ovarian Cancer | Small Cell Lung Cancer | Uterine Cervical Cancer | HER2 Positive Solid Tumors | Triple Negative Breast Cancer,"Phase 3,2/3",3,1,0.0885069444775581,0.0371215306222438,0.0936155393719673,0.0368414930999279,0.3563741201757921,0.2913144945871229,0.9644286759166234,1.003224697230778,0.09308572858572,0.0363958217203617,0.089312344789505,0.0375192314386367,0.0903282389044761,0.0369100831449031,0.051385413855314296,0.003285513249704904,0.1256284750998019,0.0371215306222438,0.0885069444775581,0.2913144945871229,0.10381694670294148,0.9644286759166234,0.9675386663971345,0.00181206615465941,0.9952051920995237,0,1,0
TNB-383B,TNFRSF17,CD3E,Multiple Myeloma | Plasma cell myeloma refractory | Relapse multiple myeloma | Immunoglobulin Light-Chain Amyloidosis | Relapsed/refractory multiple myeloma,"Phase 3,2/3",3,1,0.040244523435831,0.736981987953186,0.0402837544679641,0.7350622415542603,0.3027197340691121,0.3243314437737325,0.9995654696421932,1.0024453429260909,0.0414421670138835,0.7345154881477356,0.0414013490080833,0.7241330146789551,0.0406943261623382,0.7432199120521545,0.6967374645173551,0.029659488885967315,0.777226511389017,0.040244523435831,0.736981987953186,0.3027197340691121,0.0981815284094355,0.9995654696421932,1.0020097499925473,0.006072154861921742,0.9987171668478415,1,0,0
Volrustomig,CTLA4,PDCD1,Locally Advanced Head and Neck Squamous Cell Carcinoma | Unresectable Pleural Malignant Mesothelioma | Locally Advanced Cervical Carcinoma | metastatic non-small cell lung cancer | Colorectal Cancer | Microsatellite instability-high cancer | Advanced Malignant Solid Neoplasm | Advanced Cholangiocarcinoma | Biliary Tract Neoplasms | Advanced Bile Duct Carcinoma | Hepatocellular Carcinoma | Gastroesophageal junction adenocarcinoma | Non-Small Cell Lung Cancer | Soft Tissue Sarcoma | Sarcoma | Solid tumor | HER2 Positive Gastroesophageal Adenocarcinoma | Metastatic HER2 positive gastroesophageal junction cancer,"Phase 3,2/3",3,1,0.0449843853712081,0.0371215306222438,0.0441446676850318,0.0368414930999279,0.3134094143326692,0.2913144945871229,1.008919439696634,1.003224697230778,0.044516559690237,0.0363958217203617,0.043271392583847,0.0375192314386367,0.0453834980726242,0.0369100831449031,0.007862854748964303,0.0016698892390801174,0.0821059159934519,0.0371215306222438,0.0449843853712081,0.2913144945871229,0.09130070513516772,1.003224697230778,1.0121728994199015,0.0008986877263326712,0.9963185437204501,0,1,0
PM-8002,CD274,VEGFA,"Advanced Lung Non-Small Cell Squamous Carcinoma | Locally Advanced Lung Non-Squamous Non-Small Cell Carcinoma | Metastatic Lung Non-Small Cell Carcinoma | Extensive stage Small Cell Lung Cancer | Small Cell Lung Cancer | EGFR positive Non-squamous non-small cell lung cancer | Metastatic Non-Squamous Non-Small Cell Lung Carcinoma | Neuroendocrine Tumors | Hepatocellular Carcinoma | Mesothelioma, Malignant | Unresectable Hepatocellular Carcinoma | Triple Negative Breast Cancer | Advanced Malignant Solid Neoplasm","Phase 3,2/3",3,1,0.0394914634525775,0.3522780239582062,0.039888359606266,0.3303407430648803,0.2958513039616033,0.4175137819573727,0.9955845656164276,1.0576779671737235,0.0397807545959949,0.3407605290412903,0.0414723642170429,0.341223806142807,0.0420105867087841,0.3476842045783996,0.3127865605056287,0.013911974708291721,0.39176948741078366,0.0394914634525775,0.3522780239582062,0.2958513039616033,0.12352199681402924,0.9955845656164276,1.0530078595107177,0.004072860503247117,0.999448752667272,0,0,1
TR-009,DLL4,VEGFA,Carcinoma of ampulla of Vater | Cholangiocarcinoma | Gallbladder Carcinoma | Colonic Cancer | Metastatic Colorectal Carcinoma | Rectal Cancer | Unresectable Colorectal Carcinoma | Neoplasms | Ovarian Cancer,"Phase 3,2/3",3,1,0.0069326008670032,0.3522780239582062,0.0074427258223295,0.3303407430648803,0.107006552796355,0.4175137819573727,0.9911194159395544,1.0576779671737235,0.0075928140431642,0.3407605290412903,0.00714877480641,0.341223806142807,0.0075410646386444,0.3476842045783996,0.345345423091203,0.002442202934318834,0.3592106248252094,0.0069326008670032,0.3522780239582062,0.107006552796355,0.04467671055222745,0.9911194159395544,1.048285169077356,0.0007938375380874342,0.9971620615851324,0,0,1
Acasunlimab,TNFRSF9,CD274,Advanced Endometrial Carcinoma | Non-Small Cell Lung Cancer | Endometrial Carcinoma | Malignant Solid Neoplasm | Squamous Cell Carcinoma of Head and Neck | Triple Negative Breast Cancer | Urothelial Carcinoma of the Urinary Bladder | Uterine Cervical Cancer | Advanced Malignant Solid Neoplasm,"Phase 1,2",2,1,0.0411083288490772,0.0394914634525775,0.0405395962297916,0.039888359606266,0.3043941037308105,0.2958513039616033,1.0062815899669149,0.9955845656164276,0.042078785598278,0.0397807545959949,0.039554975926876,0.0414723642170429,0.0414621420204639,0.0420105867087841,0.0016168653964996962,0.0016234280663398695,0.0805997923016547,0.0394914634525775,0.0411083288490772,0.2958513039616033,0.09005539250698383,0.9955845656164276,1.001838419635019,0.0007743696352646043,0.9987296255385714,1,0,0
Acimtamig,FCGR3A,TNFRSF8,CD30+ Anaplastic Large T-cell Lymphoma | Hodgkin's Lymphoma | Recurrent Hodgkin Lymphoma | Refractory Hodgkin Lymphoma | CD-30 positive Peripheral T-Cell Lymphoma | CD30-Positive Cutaneous T-Cell Lymphoma | Mycosis Fungoides | Peripheral T-Cell Lymphoma,"Phase 1,2",2,1,1.1602472066879272,0.0062902830541133,1.13978374004364,0.0060006976127624,0.3864865631973361,0.1004913669723465,1.0171993161072588,1.0051711041771905,1.136282444000244,0.0070027792826294,1.1368446350097656,0.0056338026188313,1.1213973760604858,0.006279650144279,1.1539569236338139,0.00729828334281136,1.1665374897420406,0.0062902830541133,1.1602472066879272,0.1004913669723465,0.03883856305214449,1.0051711041771905,1.0224593597398164,0.001096360231605263,0.9918609928279872,0,0,0
AMG-570,TNFSF13B,ICOSLG,-,"Phase 1,2",2,1,0.4118806719779968,0.0357482992112636,0.411745548248291,0.0359344109892845,0.3940227308658232,0.2841757631205959,1.000292636778456,0.9978342578266572,0.4064407050609588,0.0356505140662193,0.4176588952541351,0.0346786603331565,0.4091095924377441,0.0337565466761589,0.3761323727667332,0.014724033501205746,0.4476289711892604,0.0357482992112636,0.4118806719779968,0.2841757631205959,0.11197171023065648,0.9978342578266572,0.9981262608293006,0.005365864998911476,0.9991831322685343,0,0,0
Anti-CD3 and anti-HER2 BiTE-expressing T cell(University of Michigan College of Engineering),CD3E,ERBB2,Breast Cancer,"Phase 1,2",2,1,0.736981987953186,0.1458282619714737,0.7350622415542603,0.1440167427062988,0.3243314437737325,0.3952691077726624,1.0024453429260909,1.0093369223702364,0.7345154881477356,0.1456919759511947,0.7241330146789551,0.1421233266592025,0.7432199120521545,0.1540296673774719,0.5911537259817123,0.10747280240749468,0.8828102499246597,0.1458282619714737,0.736981987953186,0.3243314437737325,0.12819820040306268,1.0024453429260909,1.0118050972733967,0.02648996026137635,0.9997368024735713,1,0,0
Anti-CD3/anti-EGFR -activated T cells(Barbara Ann Karmanos Cancer Institute),CD3E,EGFR,Pancreatic Cancer | Glioblastoma,"Phase 1,2",2,1,0.736981987953186,0.2500387728214264,0.7350622415542603,0.2226305454969406,0.3243314437737325,0.4410472192302643,1.0024453429260909,1.100532489030263,0.7345154881477356,0.2356877774000167,0.7241330146789551,0.2406675368547439,0.7432199120521545,0.2502810657024383,0.48694321513175964,0.18427407185930988,0.9870207607746124,0.2500387728214264,0.736981987953186,0.3243314437737325,0.14304548138534154,1.0024453429260909,1.1032236683672463,0.02655644370876967,0.9998130944753393,1,0,0
Bafisontamab,EGFR,MET,Non-Small Cell Lung Cancer | Cholangiocarcinoma | Colorectal Cancer | Hepatocellular Carcinoma | Stomach Cancer | Metastatic Digestive System Neuroendocrine Tumor G1 | Metastatic Solid Tumor | Metastatic Colorectal Carcinoma,"Phase 1,2",2,1,0.2500387728214264,0.2726970613002777,0.2226305454969406,0.2730317413806915,0.4410472192302643,0.4203732279753822,1.100532489030263,0.998963940574436,0.2356877774000167,0.2747542858123779,0.2406675368547439,0.2727423310279846,0.2502810657024383,0.2936901748180389,0.02265828847885132,0.06818483855953072,0.5227358341217041,0.2500387728214264,0.2726970613002777,0.4203732279753822,0.18540444323739225,0.998963940574436,1.0993922719718638,0.00641954144640202,0.9994485690962657,0,0,0
BI-764532,CD3E,DLL3,Extensive stage Small Cell Lung Cancer | Neuroendocrine Carcinoma | Neuroendocrine Tumors | Small Cell Lung Cancer | Glioma,"Phase 1,2",2,1,0.736981987953186,0.0083279805257916,0.7350622415542603,0.0079311551526188,0.3243314437737325,0.1248928920695039,1.0024453429260909,1.006849947530432,0.7345154881477356,0.0088349925354123,0.7241330146789551,0.008379690349102,0.7432199120521545,0.008308881893754,0.7286540074273944,0.006137571643533313,0.7453099684789777,0.0083279805257916,0.736981987953186,0.1248928920695039,0.04050669200197914,1.0024453429260909,1.0093120409272605,0.002201340813689379,0.9970972677330034,1,0,0
Cevostamab,CD3E,FCRL5,Relapsed/refractory multiple myeloma | Plasma cell myeloma refractory | Relapse multiple myeloma | Multiple Myeloma,"Phase 1,2",2,1,0.736981987953186,0.0355046615004539,0.7350622415542603,0.0299569722265005,0.3243314437737325,0.3018230942293281,1.0024453429260909,1.0693834336077417,0.7345154881477356,0.033150628209114,0.7241330146789551,0.0318617597222328,0.7432199120521545,0.033180683851242,0.7014773264527321,0.026166296014209466,0.77248664945364,0.0355046615004539,0.736981987953186,0.3018230942293281,0.0978907199156533,1.0024453429260909,1.0719984428223932,0.006781311634116979,0.9978086186288909,1,0,0
Cinrebafusp alfa,TNFRSF9,ERBB2,-,"Phase 1,2",2,1,0.0411083288490772,0.1458282619714737,0.0405395962297916,0.1440167427062988,0.3043941037308105,0.3952691077726624,1.0062815899669149,1.0093369223702364,0.042078785598278,0.1456919759511947,0.039554975926876,0.1421233266592025,0.0414621420204639,0.1540296673774719,0.1047199331223965,0.005994756148612719,0.1869365908205509,0.0411083288490772,0.1458282619714737,0.3043941037308105,0.12031758579293671,1.0062815899669149,1.015677163055034,0.0020195560087700884,0.9991052313240997,1,0,0
CKD-702,EGFR,MET,Gastroesophageal junction adenocarcinoma | Stomach Cancer | Neoplasms | metastatic non-small cell lung cancer,"Phase 1,2",2,1,0.2500387728214264,0.2726970613002777,0.2226305454969406,0.2730317413806915,0.4410472192302643,0.4203732279753822,1.100532489030263,0.998963940574436,0.2356877774000167,0.2747542858123779,0.2406675368547439,0.2727423310279846,0.2502810657024383,0.2936901748180389,0.02265828847885132,0.06818483855953072,0.5227358341217041,0.2500387728214264,0.2726970613002777,0.4203732279753822,0.18540444323739225,0.998963940574436,1.0993922719718638,0.00641954144640202,0.9994485690962657,0,0,0
Dalutrafusp alfa,CD73,TGF-Β,Advanced Pancreatic Ductal Adenocarcinoma | Pancreatic Ductal Adenocarcinoma,"Phase 1,2",2,1,0.0687058418989181,0.0687058418989181,0.0662170052528381,0.0662170052528381,0.3349080558811468,0.3349080558811468,1.002538754437549,1.002538754437549,0.067636601626873,0.067636601626873,0.0669665038585662,0.0669665038585662,0.0698165446519851,0.0698165446519851,0.0,0.004720492711039129,0.1374116837978362,0.0687058418989181,0.0687058418989181,0.3349080558811468,0.11216340589408935,1.002538754437549,1.0050839541491923,0.0014767354040635988,1.0000000000000002,0,0,0
Danvilostomig,CTLA4,PDCD1,Non-Small Cell Lung Cancer | Locally Advanced Unresectable Breast Carcinoma | Solid tumor | Transitional Cell Carcinoma | Colorectal Cancer | Esophageal Carcinoma | Stomach Cancer | FGF19 positive Solid Tumors | Squamous Cell Carcinoma of Head and Neck | HER2-negative breast cancer | Uterine Cervical Cancer | Nasopharyngeal Carcinoma | Extensive stage Small Cell Lung Cancer | Locally Advanced Head and Neck Squamous Cell Carcinoma | Advanced Malignant Solid Neoplasm | Advanced Renal Cell Carcinoma | Metastatic Solid Tumor | Melanoma | Triple Negative Breast Cancer,"Phase 1,2",2,1,0.0449843853712081,0.0371215306222438,0.0441446676850318,0.0368414930999279,0.3134094143326692,0.2913144945871229,1.008919439696634,1.003224697230778,0.044516559690237,0.0363958217203617,0.043271392583847,0.0375192314386367,0.0453834980726242,0.0369100831449031,0.007862854748964303,0.0016698892390801174,0.0821059159934519,0.0371215306222438,0.0449843853712081,0.2913144945871229,0.09130070513516772,1.003224697230778,1.0121728994199015,0.0008986877263326712,0.9963185437204501,0,1,0
Dilpacimab,DLL4,VEGFA,Colorectal Cancer | Advanced Malignant Solid Neoplasm,"Phase 1,2",2,1,0.0069326008670032,0.3522780239582062,0.0074427258223295,0.3303407430648803,0.107006552796355,0.4175137819573727,0.9911194159395544,1.0576779671737235,0.0075928140431642,0.3407605290412903,0.00714877480641,0.341223806142807,0.0075410646386444,0.3476842045783996,0.345345423091203,0.002442202934318834,0.3592106248252094,0.0069326008670032,0.3522780239582062,0.107006552796355,0.04467671055222745,0.9911194159395544,1.048285169077356,0.0007938375380874342,0.9971620615851324,0,0,1
Flotetuzumab,IL3RA,CD3E,Myelodysplastic Syndromes | Relapsing acute myeloid leukemia | Acute Myeloid Leukemia | CD123 Positive Acute Myeloid Leukemia | acute leukemia | Blastic Plasmacytoid Dendritic Cell Neoplasm | CD123 Positive Hematologic Neoplasms | Chronic Myelogenous Leukemia | Hairy Cell Leukemia | Recurrent B Acute Lymphoblastic Leukemia | Recurrent Hematologic Malignancy | Recurrent Hodgkin Lymphoma | Refractory Acute Leukemia | Refractory B Acute Lymphoblastic Leukemia | Refractory Hematologic Malignancy | Refractory Hodgkin Lymphoma | Refractory T Acute Lymphoblastic Leukemia | Systemic Mastocytosis | Recurrent Acute Myeloid Leukemia | Refractory acute myeloid leukemia,"Phase 1,2",2,1,0.0737114921212196,0.736981987953186,0.0763344541192054,0.7350622415542603,0.3510154527042275,0.3243314437737325,0.9792379520197168,1.0024453429260909,0.074499636888504,0.7345154881477356,0.0712747052311897,0.7241330146789551,0.0758768171072006,0.7432199120521545,0.6632704958319664,0.05432404199849203,0.8106934800744057,0.0737114921212196,0.736981987953186,0.3243314437737325,0.11384534856245243,0.9792379520197168,0.9816325246186479,0.015209935353645824,0.99750948768851,1,0,0
FS-118,LAG3,CD274,Non-Small Cell Lung Cancer | Diffuse Large B-Cell Lymphoma | Head and Neck Neoplasms | Hematologic Neoplasms,"Phase 1,2",2,1,0.0885069444775581,0.0394914634525775,0.0936155393719673,0.039888359606266,0.3563741201757921,0.2958513039616033,0.9644286759166234,0.9955845656164276,0.09308572858572,0.0397807545959949,0.089312344789505,0.0414723642170429,0.0903282389044761,0.0420105867087841,0.049015481024980594,0.0034952687631347916,0.1279984079301356,0.0394914634525775,0.0885069444775581,0.2958513039616033,0.10543374815217722,0.9644286759166234,0.9601703043804779,0.0019136643338377053,0.9975851139421342,0,1,0
GEN-1044,TPBG,CD3E,Neoplasms,"Phase 1,2",2,1,0.0925601869821548,0.736981987953186,0.0898941755294799,0.7350622415542603,0.3759595444104086,0.3243314437737325,1.019057344185949,1.0024453429260909,0.0951042622327804,0.7345154881477356,0.0894780457019805,0.7241330146789551,0.0964982062578201,0.7432199120521545,0.6444218009710312,0.06821519060742706,0.8295421749353409,0.0925601869821548,0.736981987953186,0.3243314437737325,0.12193550183914252,1.0024453429260909,1.0215492888538351,0.0186227523198354,0.9996478339312663,1,0,0
HB-0025,CD274,VEGFA,Advanced Endometrial Carcinoma | Kidney Neoplasms | Advanced Malignant Solid Neoplasm,"Phase 1,2",2,1,0.0394914634525775,0.3522780239582062,0.039888359606266,0.3303407430648803,0.2958513039616033,0.4175137819573727,0.9955845656164276,1.0576779671737235,0.0397807545959949,0.3407605290412903,0.0414723642170429,0.341223806142807,0.0420105867087841,0.3476842045783996,0.3127865605056287,0.013911974708291721,0.39176948741078366,0.0394914634525775,0.3522780239582062,0.2958513039616033,0.12352199681402924,0.9955845656164276,1.0530078595107177,0.004072860503247117,0.999448752667272,0,0,1
HLX-301,CD274,TIGIT,Solid tumor | Extensive stage Small Cell Lung Cancer | Gastroesophageal junction adenocarcinoma | Lymphoma | Metastatic Solid Tumor | Neoplasm Metastasis | Squamous Cell Carcinoma of Head and Neck | Non-Small Cell Lung Cancer,"Phase 1,2",2,1,0.0394914634525775,0.1678885519504547,0.039888359606266,0.1682288646697998,0.2958513039616033,0.3933687403676078,0.9955845656164276,0.9984405696292284,0.0397807545959949,0.1612036675214767,0.0414723642170429,0.1679251939058303,0.0420105867087841,0.1677955389022827,0.1283970884978772,0.006630164613457542,0.20738001540303222,0.0394914634525775,0.1678885519504547,0.2958513039616033,0.11637865477549016,0.9955845656164276,0.9940320208081339,0.0029268204245758924,0.9992437209586109,0,1,0
HLX-35,TNFRSF9,EGFR,Solid tumor | Squamous non-small cell lung cancer | Metastatic Solid Tumor | Advanced Malignant Solid Neoplasm | Refractory Malignant Solid Neoplasm,"Phase 1,2",2,1,0.0411083288490772,0.2500387728214264,0.0405395962297916,0.2226305454969406,0.3043941037308105,0.4410472192302643,1.0062815899669149,1.100532489030263,0.042078785598278,0.2356877774000167,0.039554975926876,0.2406675368547439,0.0414621420204639,0.2502810657024383,0.2089304439723492,0.010278676098162902,0.2911471016705036,0.0411083288490772,0.2500387728214264,0.3043941037308105,0.13425217300056258,1.0062815899669149,1.1074455828716194,0.0020246246100190943,0.9990744934052629,1,0,0
HX-009,CD47,PDCD1,Solid tumor | Refractory Lymphoma | Hematologic Neoplasms | Liver Cancer | Melanoma | Non-Small Cell Lung Cancer | Renal Cell Carcinoma | Squamous Cell Carcinoma of Head and Neck | Stomach Cancer,"Phase 1,2",2,1,1.0568561553955078,0.0371215306222438,1.0716129541397097,0.0368414930999279,0.2853614815892538,0.2913144945871229,0.9868432343887108,1.003224697230778,1.0485692024230957,0.0363958217203617,1.054349660873413,0.0375192314386367,1.0603833198547363,0.0369100831449031,1.019734624773264,0.03923211813582119,1.0939776860177517,0.0371215306222438,1.0568561553955078,0.2853614815892538,0.08312993578380604,0.9868432343887108,0.990025505033856,0.01183687345017561,0.9994031814580979,0,0,0
IMM-2505,CD47,CD274,Advanced Malignant Solid Neoplasm,"Phase 1,2",2,1,1.0568561553955078,0.0394914634525775,1.0716129541397097,0.039888359606266,0.2853614815892538,0.2958513039616033,0.9868432343887108,0.9955845656164276,1.0485692024230957,0.0397807545959949,1.054349660873413,0.0414723642170429,1.0603833198547363,0.0420105867087841,1.0173646919429302,0.04173679623543326,1.0963476188480854,0.0394914634525775,1.0568561553955078,0.2853614815892538,0.08442456642859579,0.9868432343887108,0.9824858928403951,0.012500538397842924,0.9996069715827993,0,0,0
Izuralimab,ICOS,PDCD1,Advanced Sarcoma | Central Nervous System Diseases | Metastatic melanoma | Advanced Malignant Solid Neoplasm | Colorectal Cancer | Endometrial Carcinoma | Gastroesophageal junction adenocarcinoma | Hepatocellular Carcinoma | HER2-negative breast cancer | Malignant Fibrous Histiocytoma | Nasopharyngeal Carcinoma | Non-Small Cell Lung Cancer | Pancreatic Carcinoma | Renal Cell Carcinoma | Small Cell Lung Cancer | Squamous Cell Carcinoma of Head and Neck | Urothelial Carcinoma of the Urinary Bladder | Uterine Cervical Cancer | Uveal Melanoma,"Phase 1,2",2,1,0.1233692914247512,0.0371215306222438,0.1213164329528808,0.0368414930999279,0.3849468564175067,0.2913144945871229,1.0119828462248863,1.003224697230778,0.1214539706707,0.0363958217203617,0.1181915029883384,0.0375192314386367,0.1263608187437057,0.0369100831449031,0.0862477608025074,0.004579656929468421,0.160490822046995,0.0371215306222438,0.1233692914247512,0.2913144945871229,0.11214059892016773,1.003224697230778,1.0152461845067025,0.002353067223745249,0.9982455731552219,0,0,0
JMT-601,MS4A1,SIRPA,Hematologic Neoplasms | Non-Hodgkin Lymphoma | B-cell lymphoma recurrent | B-cell lymphoma refractory | CD20 positive Diffuse Large B-Cell Lymphoma,"Phase 1,2",2,1,0.3328534364700317,0.1832598745822906,0.3374113142490387,0.1815792471170425,0.4109104902294773,0.3951860349793112,0.9882350421596696,1.0072572455700173,0.3303883373737335,0.1780662387609481,0.3282518684864044,0.177441120147705,0.3216332495212555,0.1837551742792129,0.1495935618877411,0.06099867902178244,0.5161133110523223,0.1832598745822906,0.3328534364700317,0.3951860349793112,0.16238608736519214,0.9882350421596696,0.9954069065415188,0.011539402678421476,0.9993357274850305,0,0,0
Lomvastomig,PDCD1,HAVCR2,"Advanced Esophageal Squamous Cell Carcinoma | Squamous cell carcinoma, metastatic | Esophageal Squamous Cell Carcinoma | Metastatic melanoma | Metastatic Solid Tumor | Non-Small Cell Lung Cancer | Small Cell Lung Cancer","Phase 1,2",2,1,0.0371215306222438,0.221754640340805,0.0368414930999279,0.2168159037828445,0.2913144945871229,0.39601285186522,1.003224697230778,1.018509903225184,0.0363958217203617,0.2182196527719497,0.0375192314386367,0.2147709727287292,0.0369100831449031,0.2184989154338836,0.1846331097185612,0.008231871672035852,0.2588761709630488,0.0371215306222438,0.221754640340805,0.2913144945871229,0.11536428379112174,1.003224697230778,1.0217942892896341,0.0037384642944030774,0.99766605999583,0,1,0
Lorigerlimab,CTLA4,PDCD1,"Castration-Resistant Prostatic Cancer | Metastatic castration-resistant prostate cancer | Recurrent Prostate Carcinoma | Colorectal Cancer | Melanoma | Non-Small Cell Lung Cancer | Uterine Cervical Cancer | Advanced Malignant Solid Neoplasm | Hepatocellular Carcinoma | Ovarian Epithelial Carcinoma | Pancreatic Ductal Carcinoma | Renal Cell Carcinoma | Advanced cancer | Melanoma, Cutaneous Malignant | Prostatic cancer metastatic | Squamous non-small cell lung cancer","Phase 1,2",2,1,0.0449843853712081,0.0371215306222438,0.0441446676850318,0.0368414930999279,0.3134094143326692,0.2913144945871229,1.008919439696634,1.003224697230778,0.044516559690237,0.0363958217203617,0.043271392583847,0.0375192314386367,0.0453834980726242,0.0369100831449031,0.007862854748964303,0.0016698892390801174,0.0821059159934519,0.0371215306222438,0.0449843853712081,0.2913144945871229,0.09130070513516772,1.003224697230778,1.0121728994199015,0.0008986877263326712,0.9963185437204501,0,1,0
M-701,CD3E,EPCAM,Malignant ascites | Solid tumor | Advanced Lung Non-Small Cell Carcinoma | Malignant Pleural Effusion | metastatic non-small cell lung cancer,"Phase 1,2",2,1,0.736981987953186,1.3818910121917725,0.7350622415542603,1.3133620023727417,0.3243314437737325,0.4207297249094102,1.0024453429260909,1.050264720374901,0.7345154881477356,1.3389904499053955,0.7241330146789551,1.3404426574707031,0.7432199120521545,1.4144569635391235,0.6449090242385864,1.018428785299733,2.1188730001449585,0.736981987953186,1.3818910121917725,0.3243314437737325,0.13645587911839432,1.0024453429260909,1.0528329777793926,0.054715877204689005,0.9998626091708209,1,0,0
Nivatrotamab,CD3,GD2,Neuroblastoma | Osteosarcoma,"Phase 1,2",2,1,0.0687058418989181,0.0687058418989181,0.0662170052528381,0.0662170052528381,0.3349080558811468,0.3349080558811468,1.002538754437549,1.002538754437549,0.067636601626873,0.067636601626873,0.0669665038585662,0.0669665038585662,0.0698165446519851,0.0698165446519851,0.0,0.004720492711039129,0.1374116837978362,0.0687058418989181,0.0687058418989181,0.3349080558811468,0.11216340589408935,1.002538754437549,1.0050839541491923,0.0014767354040635988,1.0000000000000002,0,0,0
PD-L1/CTLA4 bispecific monoclonal antibody(Changhai Hospital of Shanghai),CTLA4,CD274,Pancreatic Cancer,"Phase 1,2",2,1,0.0449843853712081,0.0394914634525775,0.0441446676850318,0.039888359606266,0.3134094143326692,0.2958513039616033,1.008919439696634,0.9955845656164276,0.044516559690237,0.0397807545959949,0.043271392583847,0.0414723642170429,0.0453834980726242,0.0420105867087841,0.0054929219186306,0.0017764992108237267,0.0844758488237856,0.0394914634525775,0.0449843853712081,0.2958513039616033,0.09272258390416259,0.9955845656164276,1.0044646221123428,0.0009490749798060097,0.9984347855420377,0,1,0
PM 1032,TNFRSF9,CLDN18,Tumor of advanced extent | Advanced cancer | Advanced Malignant Solid Neoplasm,"Phase 1,2",2,1,0.0411083288490772,0.0524928569793701,0.0405395962297916,0.0540760569274425,0.3043941037308105,0.3289381011593739,1.0062815899669149,0.9847880483291545,0.042078785598278,0.053786315023899,0.039554975926876,0.0516037419438362,0.0414621420204639,0.0546247288584709,0.011384528130292906,0.002157893626935523,0.0936011858284473,0.0411083288490772,0.0524928569793701,0.3043941037308105,0.10012681848532229,0.9847880483291545,0.9909740830530765,0.00044716326574552453,0.9948685777926004,1,0,0
PM-1022,CD274,TIGIT,Tumor of advanced extent | Neoplasms,"Phase 1,2",2,1,0.0394914634525775,0.1678885519504547,0.039888359606266,0.1682288646697998,0.2958513039616033,0.3933687403676078,0.9955845656164276,0.9984405696292284,0.0397807545959949,0.1612036675214767,0.0414723642170429,0.1679251939058303,0.0420105867087841,0.1677955389022827,0.1283970884978772,0.006630164613457542,0.20738001540303222,0.0394914634525775,0.1678885519504547,0.2958513039616033,0.11637865477549016,0.9955845656164276,0.9940320208081339,0.0029268204245758924,0.9992437209586109,0,1,0
QL-301,TNFRSF9,CD274,Hematologic Neoplasms | Solid tumor | Neoplasms,"Phase 1,2",2,1,0.0411083288490772,0.0394914634525775,0.0405395962297916,0.039888359606266,0.3043941037308105,0.2958513039616033,1.0062815899669149,0.9955845656164276,0.042078785598278,0.0397807545959949,0.039554975926876,0.0414723642170429,0.0414621420204639,0.0420105867087841,0.0016168653964996962,0.0016234280663398695,0.0805997923016547,0.0394914634525775,0.0411083288490772,0.2958513039616033,0.09005539250698383,0.9955845656164276,1.001838419635019,0.0007743696352646043,0.9987296255385714,1,0,0
QLF-31907,TNFRSF9,CD274,Transitional Cell Carcinoma | Advanced Urothelial Carcinoma | Melanoma | Advanced cancer | Non-Hodgkin Lymphoma | Solid tumor | Tumor of advanced extent,"Phase 1,2",2,1,0.0411083288490772,0.0394914634525775,0.0405395962297916,0.039888359606266,0.3043941037308105,0.2958513039616033,1.0062815899669149,0.9955845656164276,0.042078785598278,0.0397807545959949,0.039554975926876,0.0414723642170429,0.0414621420204639,0.0420105867087841,0.0016168653964996962,0.0016234280663398695,0.0805997923016547,0.0394914634525775,0.0411083288490772,0.2958513039616033,0.09005539250698383,0.9955845656164276,1.001838419635019,0.0007743696352646043,0.9987296255385714,1,0,0
Recombinant anti-human CD47/PD-L1 bispecific antibody,CD47,CD274,Small Cell Lung Cancer | Non-Small Cell Lung Cancer | Advanced Malignant Solid Neoplasm | Neoplasms | Hematologic Neoplasms | Advanced cancer | Lymphoma | Tumor of advanced extent | Peripheral T-Cell Lymphoma,"Phase 1,2",2,1,1.0568561553955078,0.0394914634525775,1.0716129541397097,0.039888359606266,0.2853614815892538,0.2958513039616033,0.9868432343887108,0.9955845656164276,1.0485692024230957,0.0397807545959949,1.054349660873413,0.0414723642170429,1.0603833198547363,0.0420105867087841,1.0173646919429302,0.04173679623543326,1.0963476188480854,0.0394914634525775,1.0568561553955078,0.2853614815892538,0.08442456642859579,0.9868432343887108,0.9824858928403951,0.012500538397842924,0.9996069715827993,0,0,0
Recombinant humanized anti-CD47/PD-L1 bispecific antibody(Mabwell (Shanghai) Bioscience),CD47,CD274,Acute Myeloid Leukemia | Myelodysplastic Syndromes | Locally Advanced Clear Cell Renal Cell Carcinoma | Refractory Lymphoma | Recurrent Lymphoma | Advanced Renal Cell Carcinoma | Lung Cancer | Tumor of advanced extent | Neoplasms,"Phase 1,2",2,1,1.0568561553955078,0.0394914634525775,1.0716129541397097,0.039888359606266,0.2853614815892538,0.2958513039616033,0.9868432343887108,0.9955845656164276,1.0485692024230957,0.0397807545959949,1.054349660873413,0.0414723642170429,1.0603833198547363,0.0420105867087841,1.0173646919429302,0.04173679623543326,1.0963476188480854,0.0394914634525775,1.0568561553955078,0.2853614815892538,0.08442456642859579,0.9868432343887108,0.9824858928403951,0.012500538397842924,0.9996069715827993,0,0,0
SAR-440234,IL3RA,CD3E,Acute Myeloid Leukemia | Lymphoid Leukemia | Myelodysplastic Syndromes,"Phase 1,2",2,1,0.0737114921212196,0.736981987953186,0.0763344541192054,0.7350622415542603,0.3510154527042275,0.3243314437737325,0.9792379520197168,1.0024453429260909,0.074499636888504,0.7345154881477356,0.0712747052311897,0.7241330146789551,0.0758768171072006,0.7432199120521545,0.6632704958319664,0.05432404199849203,0.8106934800744057,0.0737114921212196,0.736981987953186,0.3243314437737325,0.11384534856245243,0.9792379520197168,0.9816325246186479,0.015209935353645824,0.99750948768851,1,0,0
"TF 2-targeted cancer therapy(Immunomedics, Inc.)",CEACAM5,HISTAMINE SUCCINYL GLYCINE,Breast Cancer | Non-Small Cell Lung Cancer | Small Cell Lung Cancer | Thyroid Cancer | Colorectal Cancer,"Phase 1,2",2,1,0.2892422974109649,0.0687058418989181,0.280055820941925,0.0662170052528381,0.4454749295791184,0.3349080558811468,1.0278330993915612,1.002538754437549,0.2842103540897369,0.067636601626873,0.2666824460029602,0.0669665038585662,0.286066859960556,0.0698165446519851,0.22053645551204681,0.0198726355563976,0.357948139309883,0.0687058418989181,0.2892422974109649,0.3349080558811468,0.14919314260913333,1.002538754437549,1.0304425152337013,0.0017073955161680582,0.9951190808257703,0,0,0
Tombestomig,LAG3,PDCD1,Triple Negative Breast Cancer | Transitional Cell Carcinoma | Renal Cell Carcinoma | Unresectable Melanoma | Hepatocellular Carcinoma | Melanoma | Esophageal Squamous Cell Carcinoma | Metastatic melanoma | Metastatic Solid Tumor | Non-Small Cell Lung Cancer,"Phase 1,2",2,1,0.0885069444775581,0.0371215306222438,0.0936155393719673,0.0368414930999279,0.3563741201757921,0.2913144945871229,0.9644286759166234,1.003224697230778,0.09308572858572,0.0363958217203617,0.089312344789505,0.0375192314386367,0.0903282389044761,0.0369100831449031,0.051385413855314296,0.003285513249704904,0.1256284750998019,0.0371215306222438,0.0885069444775581,0.2913144945871229,0.10381694670294148,0.9644286759166234,0.9675386663971345,0.00181206615465941,0.9952051920995237,0,1,0
Vanucizumab,ANGPT2,VEGFA,Colorectal Cancer,"Phase 1,2",2,1,0.0338656455278396,0.3522780239582062,0.0381439700722694,0.3303407430648803,0.2708901263507595,0.4175137819573727,0.9514620848037368,1.0576779671737235,0.0361939668655395,0.3407605290412903,0.0348443612456321,0.341223806142807,0.0354292914271354,0.3476842045783996,0.31841237843036657,0.011930122686616395,0.3861436694860458,0.0338656455278396,0.3522780239582062,0.2708901263507595,0.11310036114761614,0.9514620848037368,1.0063404836980894,0.0031398051879577755,0.9951864658197344,0,0,1
Vibecotamab,IL3RA,CD3E,Acute Myeloid Leukemia | Myelodysplastic Syndromes | Hematologic Neoplasms,"Phase 1,2",2,1,0.0737114921212196,0.736981987953186,0.0763344541192054,0.7350622415542603,0.3510154527042275,0.3243314437737325,0.9792379520197168,1.0024453429260909,0.074499636888504,0.7345154881477356,0.0712747052311897,0.7241330146789551,0.0758768171072006,0.7432199120521545,0.6632704958319664,0.05432404199849203,0.8106934800744057,0.0737114921212196,0.736981987953186,0.3243314437737325,0.11384534856245243,0.9792379520197168,0.9816325246186479,0.015209935353645824,0.99750948768851,1,0,0
Vudalimab,CTLA4,PDCD1,"Colonic Cancer | Rectal Cancer | Colorectal Cancer | Anaplastic Thyroid Carcinoma | Clear Cell Adenocarcinoma | Endometrial Carcinoma | Metastatic Thyroid Gland Carcinoma | Ovarian Cancer | Thyroid Cancer, Hurthle Cell | Uterine Cervical Cancer | Advanced Bile Duct Carcinoma | Metastatic castration-resistant prostate cancer | Castration-Resistant Prostatic Cancer | Advanced Lung Non-Small Cell Carcinoma | Non-squamous non-small cell lung cancer | Hormone sensitive prostate cancer | Prostatic cancer metastatic | Advanced Malignant Solid Neoplasm | Basal Cell Carcinoma | Breast Cancer | Cholangiocarcinoma | Fallopian Tube Carcinoma | Gastroesophageal junction adenocarcinoma | Hepatocellular Carcinoma | Melanoma | Mesothelioma | Nasopharyngeal Carcinoma | Neuroendocrine Carcinoma | Renal Cell Carcinoma | Salivary gland carcinoma | Small Cell Lung Cancer | Squamous Cell Carcinoma of Head and Neck | squamous cell carcinoma of the anus | Squamous Cell Carcinoma of the Penis | thymic carcinoma | Thymoma | Urothelial Carcinoma of the Urinary Bladder | Vulvar Neoplasms","Phase 1,2",2,1,0.0449843853712081,0.0371215306222438,0.0441446676850318,0.0368414930999279,0.3134094143326692,0.2913144945871229,1.008919439696634,1.003224697230778,0.044516559690237,0.0363958217203617,0.043271392583847,0.0375192314386367,0.0453834980726242,0.0369100831449031,0.007862854748964303,0.0016698892390801174,0.0821059159934519,0.0371215306222438,0.0449843853712081,0.2913144945871229,0.09130070513516772,1.003224697230778,1.0121728994199015,0.0008986877263326712,0.9963185437204501,0,1,0
Xentuzumab,IGF1,IGF2,Breast Cancer | Hormone receptor positive HER2 negative breast cancer | Metastatic breast cancer | Non-Small Cell Lung Cancer | Prostatic Cancer | Castration-Resistant Prostatic Cancer | Metastatic castration-resistant prostate cancer | Advanced Malignant Solid Neoplasm,"Phase 1,2",2,1,0.0801125168800354,0.1870694756507873,0.0804977342486381,0.1957902014255523,0.3700493393468034,0.4215968282741453,0.997048091518058,0.96451963616049,0.0737387984991073,0.1827088743448257,0.0763877406716346,0.1821517348289489,0.0808950588107109,0.1817259490489959,0.1069569587707519,0.014986606525813068,0.2671819925308227,0.0801125168800354,0.1870694756507873,0.3700493393468034,0.15601162777355518,0.96451963616049,0.9616724624655082,0.0006853472974547052,0.9994331479563865,0,0,0
Zenocutuzumab,ERBB2,ERBB3,Metastatic castration-resistant prostate cancer | Estrogen receptor positive breast cancer | HER2 Positive Breast Cancer | Metastatic breast cancer | NRG1 Fusion Positive non–small cell lung cancer | NRG1 Fusion Positive Pancreatic Cancer | NRG1 Fusion Positive Solid Tumors,"Phase 1,2",2,1,0.1458282619714737,0.2228399366140365,0.1440167427062988,0.2218862622976303,0.3952691077726624,0.4077920779026814,1.0093369223702364,1.003507622298924,0.1456919759511947,0.2227225452661514,0.1421233266592025,0.2285714298486709,0.1540296673774719,0.2277127206325531,0.07701167464256281,0.03249636065425831,0.3686681985855102,0.1458282619714737,0.2228399366140365,0.3952691077726624,0.16118761078935293,1.003507622298924,1.0128772950662697,0.007478338495889949,0.9992281321598954,0,0,0
ABL-105,TNFRSF9,ERBB2,HER2 Positive Solid Tumors | Metastatic Solid Tumor | Stomach Cancer,"Phase 1,2",2,1,0.0411083288490772,0.1458282619714737,0.0405395962297916,0.1440167427062988,0.3043941037308105,0.3952691077726624,1.0062815899669149,1.0093369223702364,0.042078785598278,0.1456919759511947,0.039554975926876,0.1421233266592025,0.0414621420204639,0.1540296673774719,0.1047199331223965,0.005994756148612719,0.1869365908205509,0.0411083288490772,0.1458282619714737,0.3043941037308105,0.12031758579293671,1.0062815899669149,1.015677163055034,0.0020195560087700884,0.9991052313240997,1,0,0
AFM-24,FCGR3A,EGFR,Solid tumor,"Phase 1,2",2,1,1.1602472066879272,0.2500387728214264,1.13978374004364,0.2226305454969406,0.3864865631973361,0.4410472192302643,1.0171993161072588,1.100532489030263,1.136282444000244,0.2356877774000167,1.1368446350097656,0.2406675368547439,1.1213973760604858,0.2502810657024383,0.9102084338665009,0.2901067877297372,1.4102859795093536,0.2500387728214264,1.1602472066879272,0.3864865631973361,0.1704588239680469,1.0171993161072588,1.1194608951954028,0.01728690803781115,0.9996240816975746,0,0,0
ALG.APV-527,TNFRSF9,TPBG,Solid tumor,"Phase 1,2",2,1,0.0411083288490772,0.0925601869821548,0.0405395962297916,0.0898941755294799,0.3043941037308105,0.3759595444104086,1.0062815899669149,1.019057344185949,0.042078785598278,0.0951042622327804,0.039554975926876,0.0894780457019805,0.0414621420204639,0.0964982062578201,0.05145185813307761,0.003804994604794494,0.13366851583123202,0.0411083288490772,0.0925601869821548,0.3043941037308105,0.11443986855985017,1.0062815899669149,1.0254586445748983,0.0014197715276378666,0.9992639637578049,1,0,0
anti-CD30 Bispecific Antibody-armed anti-CD3-Activated Autologous T-cells(Medical College of Wisconsin),CD3E,TNFRSF8,Acute Lymphoblastic Leukemia | Anaplastic Large-Cell Lymphoma | CD-30 positive pleomorphic large T-cell cutaneous lymphoma | CD-30 positive T-immunoblastic cutaneous lymphoma | CD30-positive diffuse large B-cell lymphoma | Chondrosarcoma | Leukemia | Neuroblastoma | Solid tumor,"Phase 1,2",2,1,0.736981987953186,0.0062902830541133,0.7350622415542603,0.0060006976127624,0.3243314437737325,0.1004913669723465,1.0024453429260909,1.0051711041771905,0.7345154881477356,0.0070027792826294,0.7241330146789551,0.0056338026188313,0.7432199120521545,0.006279650144279,0.7306917048990728,0.004635825310008658,0.7432722710072993,0.0062902830541133,0.736981987953186,0.1004913669723465,0.03259251013693712,1.0024453429260909,1.0076290922263011,0.0016842473339636857,0.9902065283142831,1,0,0
AP-203,TNFRSF9,CD274,Esophageal Squamous Cell Carcinoma | Non-Small Cell Lung Cancer | Solid tumor | Squamous Cell Carcinoma of Head and Neck | Neoplasms,"Phase 1,2",2,1,0.0411083288490772,0.0394914634525775,0.0405395962297916,0.039888359606266,0.3043941037308105,0.2958513039616033,1.0062815899669149,0.9955845656164276,0.042078785598278,0.0397807545959949,0.039554975926876,0.0414723642170429,0.0414621420204639,0.0420105867087841,0.0016168653964996962,0.0016234280663398695,0.0805997923016547,0.0394914634525775,0.0411083288490772,0.2958513039616033,0.09005539250698383,0.9955845656164276,1.001838419635019,0.0007743696352646043,0.9987296255385714,1,0,0
Bavunalimab,CTLA4,LAG3,Central Nervous System Diseases | Metastatic melanoma | Advanced Malignant Solid Neoplasm | Anus Neoplasms | Endometrial Carcinoma | Fallopian Tube Carcinoma | Gastroesophageal junction adenocarcinoma | Hepatocellular Carcinoma | Intrahepatic Cholangiocarcinoma | Melanoma | Nasopharyngeal Carcinoma | Non-Small Cell Lung Cancer | Ovarian Epithelial Carcinoma | Pancreatic Carcinoma | Primary peritoneal carcinoma | Prostatic Cancer | Renal Cell Carcinoma | Small Cell Lung Cancer | Squamous Cell Carcinoma of Head and Neck | Squamous Cell Carcinoma of the Penis | Squamous cell carcinoma of vulva | Transitional Cell Carcinoma | Triple Negative Breast Cancer | Urothelial Carcinoma of the Urinary Bladder | Uterine Cervical Cancer,"Phase 1,2",2,1,0.0449843853712081,0.0885069444775581,0.0441446676850318,0.0936155393719673,0.3134094143326692,0.3563741201757921,1.008919439696634,0.9644286759166234,0.044516559690237,0.09308572858572,0.043271392583847,0.089312344789505,0.0453834980726242,0.0903282389044761,0.043522559106349994,0.003981430498406592,0.1334913298487662,0.0449843853712081,0.0885069444775581,0.3134094143326692,0.11169100428761529,0.9644286759166234,0.9730308393331661,0.0019582005219706553,0.9997938365477327,0,1,0
BCA-101,EGFR,TGF-Β,Anal canal squamous cell carcinoma | Squamous Cell Carcinoma of Head and Neck | Colorectal Cancer | Cutaneous Squamous Cell Carcinoma | EGFR mutation Solid Tumors | Ovarian Epithelial Carcinoma | Pancreatic Cancer | squamous cell lung carcinoma | Neoplasms,"Phase 1,2",2,1,0.2500387728214264,0.0687058418989181,0.2226305454969406,0.0662170052528381,0.4410472192302643,0.3349080558811468,1.100532489030263,1.002538754437549,0.2356877774000167,0.067636601626873,0.2406675368547439,0.0669665038585662,0.2502810657024383,0.0698165446519851,0.1813329309225083,0.01717912439406842,0.3187446147203445,0.0687058418989181,0.2500387728214264,0.3349080558811468,0.14771026674419377,1.002538754437549,1.1033264707704555,0.003059863848765791,0.9999331307067229,0,0,0
BI-836880,ANGPT2,VEGFA,"Wet age-related macular degeneration | Wet Macular Degeneration | Advanced cancer | Advanced Malignant Solid Neoplasm | Metastatic Non-Squamous Non-Small Cell Lung Carcinoma | Dystrophy, Macular | Non-Small Cell Lung Cancer","Phase 1,2",2,1,0.0338656455278396,0.3522780239582062,0.0381439700722694,0.3303407430648803,0.2708901263507595,0.4175137819573727,0.9514620848037368,1.0576779671737235,0.0361939668655395,0.3407605290412903,0.0348443612456321,0.341223806142807,0.0354292914271354,0.3476842045783996,0.31841237843036657,0.011930122686616395,0.3861436694860458,0.0338656455278396,0.3522780239582062,0.2708901263507595,0.11310036114761614,0.9514620848037368,1.0063404836980894,0.0031398051879577755,0.9951864658197344,0,0,1
BMS-986442,CD96,TIGIT,FGF19 positive Solid Tumors | Non-Small Cell Lung Cancer | Stomach Cancer | Colonic Cancer | Gastroesophageal junction adenocarcinoma | Squamous Cell Carcinoma of Head and Neck,"Phase 1,2",2,1,0.139560118317604,0.1678885519504547,0.133945807814598,0.1682288646697998,0.3845315393277677,0.3933687403676078,1.0305215463712265,0.9984405696292284,0.1357234865427017,0.1612036675214767,0.136134460568428,0.1679251939058303,0.1345600187778473,0.1677955389022827,0.028328433632850702,0.023430546174376666,0.3074486702680587,0.139560118317604,0.1678885519504547,0.3845315393277677,0.15126268725698122,0.9984405696292284,1.0289145197740808,0.01073877021235301,0.9997516655545261,0,0,0
BNT-142,CD3E,CLDN6,CLDN6-positive Solid Tumors | Solid tumor,"Phase 1,2",2,1,0.736981987953186,0.0349730886518955,0.7350622415542603,0.031980462372303,0.3243314437737325,0.2967179597916497,1.0024453429260909,1.036504140047441,0.7345154881477356,0.0315979085862636,0.7241330146789551,0.0374008752405643,0.7432199120521545,0.0322209112346172,0.7020088993012905,0.02577453639953696,0.7719550766050816,0.0349730886518955,0.736981987953186,0.2967179597916497,0.09623496429282206,1.0024453429260909,1.03903874811417,0.002807078889939476,0.9635116468382461,1,0,0
BPB-101,PDL1,TGF-Β,Advanced Malignant Solid Neoplasm | Solid tumor,"Phase 1,2",2,1,0.0687058418989181,0.0687058418989181,0.0662170052528381,0.0662170052528381,0.3349080558811468,0.3349080558811468,1.002538754437549,1.002538754437549,0.067636601626873,0.067636601626873,0.0669665038585662,0.0669665038585662,0.0698165446519851,0.0698165446519851,0.0,0.004720492711039129,0.1374116837978362,0.0687058418989181,0.0687058418989181,0.3349080558811468,0.11216340589408935,1.002538754437549,1.0050839541491923,0.0014767354040635988,1.0000000000000002,0,0,0
Cibisatamab,CD3,CEA,Metastatic Colorectal Carcinoma | Metastatic Microsatellite Stable Colorectal Carcinoma,"Phase 1,2",2,1,0.0687058418989181,0.0687058418989181,0.0662170052528381,0.0662170052528381,0.3349080558811468,0.3349080558811468,1.002538754437549,1.002538754437549,0.067636601626873,0.067636601626873,0.0669665038585662,0.0669665038585662,0.0698165446519851,0.0698165446519851,0.0,0.004720492711039129,0.1374116837978362,0.0687058418989181,0.0687058418989181,0.3349080558811468,0.11216340589408935,1.002538754437549,1.0050839541491923,0.0014767354040635988,1.0000000000000002,0,0,0
CM 355,MS4A1,CD3E,B-Cell Lymphoma | B-cell lymphoma refractory | Hematoma | Lymphoma | CD20 positive Hematologic Neoplasms,"Phase 1,2",2,1,0.3328534364700317,0.736981987953186,0.3374113142490387,0.7350622415542603,0.4109104902294773,0.3243314437737325,0.9882350421596696,1.0024453429260909,0.3303883373737335,0.7345154881477356,0.3282518684864044,0.7241330146789551,0.3216332495212555,0.7432199120521545,0.40412855148315435,0.24530698730673348,1.0698354244232178,0.3328534364700317,0.736981987953186,0.3243314437737325,0.13327119255789857,0.9882350421596696,0.9906516157293299,0.03673579820965552,0.9998183393155541,1,0,0
CM-336,TNFRSF17,CD3E,Multiple Myeloma | Plasma cell myeloma refractory | Relapse multiple myeloma,"Phase 1,2",2,1,0.040244523435831,0.736981987953186,0.0402837544679641,0.7350622415542603,0.3027197340691121,0.3243314437737325,0.9995654696421932,1.0024453429260909,0.0414421670138835,0.7345154881477356,0.0414013490080833,0.7241330146789551,0.0406943261623382,0.7432199120521545,0.6967374645173551,0.029659488885967315,0.777226511389017,0.040244523435831,0.736981987953186,0.3027197340691121,0.0981815284094355,0.9995654696421932,1.0020097499925473,0.006072154861921742,0.9987171668478415,1,0,0
CM-350,CD3E,GPC3,Advanced Malignant Solid Neoplasm | Solid tumor,"Phase 1,2",2,1,0.736981987953186,0.0687058418989181,0.7350622415542603,0.0643098056316375,0.3243314437737325,0.3672544640721659,1.0024453429260909,1.0384572105865246,0.7345154881477356,0.0701675415039062,0.7241330146789551,0.0641969442367553,0.7432199120521545,0.0698165446519851,0.6682761460542679,0.05063496794666196,0.8056878298521042,0.0687058418989181,0.736981987953186,0.3243314437737325,0.11911217056487394,1.0024453429260909,1.0409965945804804,0.007542177754284767,0.9927968976746607,1,0,0
CN-201,CD19,CD3E,Pre B-cell acute lymphoblastic leukemia | B-cell lymphoma recurrent | B-cell lymphoma refractory | B-Cell Lymphoma,"Phase 1,2",2,1,0.064342513680458,0.736981987953186,0.0662170052528381,0.7350622415542603,0.3396251482844286,0.3243314437737325,0.9838707634196736,1.0024453429260909,0.0652454048395156,0.7345154881477356,0.0630370453000068,0.7241330146789551,0.0646611973643302,0.7432199120521545,0.6726394742727281,0.04741927364212901,0.801324501633644,0.064342513680458,0.736981987953186,0.3243314437737325,0.11015111468495671,0.9838707634196736,0.9862766648311896,0.015571900789453794,0.9999607610080415,1,0,0
CN-202,PDL1,TGF-Β,Hematologic Neoplasms | Solid tumor,"Phase 1,2",2,1,0.0687058418989181,0.0687058418989181,0.0662170052528381,0.0662170052528381,0.3349080558811468,0.3349080558811468,1.002538754437549,1.002538754437549,0.067636601626873,0.067636601626873,0.0669665038585662,0.0669665038585662,0.0698165446519851,0.0698165446519851,0.0,0.004720492711039129,0.1374116837978362,0.0687058418989181,0.0687058418989181,0.3349080558811468,0.11216340589408935,1.002538754437549,1.0050839541491923,0.0014767354040635988,1.0000000000000002,0,0,0
DuoBody-EpCAMx4-1BB,TNFRSF9,EPCAM,Solid tumor | Advanced Malignant Solid Neoplasm,"Phase 1,2",2,1,0.0411083288490772,1.3818910121917725,0.0405395962297916,1.3133620023727417,0.3043941037308105,0.4207297249094102,1.0062815899669149,1.050264720374901,0.042078785598278,1.3389904499053955,0.039554975926876,1.3404426574707031,0.0414621420204639,1.4144569635391235,1.3407826833426952,0.056807230162763525,1.4229993410408497,0.0411083288490772,1.3818910121917725,0.3043941037308105,0.12806764752671038,1.0062815899669149,1.0568620527050125,0.004171458827930858,0.9992873042783784,1,0,0
EMB-02,LAG3,PDCD1,Advanced Malignant Solid Neoplasm | Solid tumor,"Phase 1,2",2,1,0.0885069444775581,0.0371215306222438,0.0936155393719673,0.0368414930999279,0.3563741201757921,0.2913144945871229,0.9644286759166234,1.003224697230778,0.09308572858572,0.0363958217203617,0.089312344789505,0.0375192314386367,0.0903282389044761,0.0369100831449031,0.051385413855314296,0.003285513249704904,0.1256284750998019,0.0371215306222438,0.0885069444775581,0.2913144945871229,0.10381694670294148,0.9644286759166234,0.9675386663971345,0.00181206615465941,0.9952051920995237,0,1,0
EMB-06,TNFRSF17,CD3E,Bone Marrow Neoplasms | Plasma cell myeloma refractory | Relapsed/refractory multiple myeloma | Relapse multiple myeloma,"Phase 1,2",2,1,0.040244523435831,0.736981987953186,0.0402837544679641,0.7350622415542603,0.3027197340691121,0.3243314437737325,0.9995654696421932,1.0024453429260909,0.0414421670138835,0.7345154881477356,0.0414013490080833,0.7241330146789551,0.0406943261623382,0.7432199120521545,0.6967374645173551,0.029659488885967315,0.777226511389017,0.040244523435831,0.736981987953186,0.3027197340691121,0.0981815284094355,0.9995654696421932,1.0020097499925473,0.006072154861921742,0.9987171668478415,1,0,0
EX-103,MS4A1,CD3E,CD20 positive Non-Hodgkin Lymphoma | B-Cell Chronic Lymphocytic Leukemia | Non-Hodgkin Lymphoma,"Phase 1,2",2,1,0.3328534364700317,0.736981987953186,0.3374113142490387,0.7350622415542603,0.4109104902294773,0.3243314437737325,0.9882350421596696,1.0024453429260909,0.3303883373737335,0.7345154881477356,0.3282518684864044,0.7241330146789551,0.3216332495212555,0.7432199120521545,0.40412855148315435,0.24530698730673348,1.0698354244232178,0.3328534364700317,0.736981987953186,0.3243314437737325,0.13327119255789857,0.9882350421596696,0.9906516157293299,0.03673579820965552,0.9998183393155541,1,0,0
Fidasimtamab,ERBB2,PDCD1,Gastrooesophageal junction cancer | Advanced Malignant Solid Neoplasm | Tumor of advanced extent,"Phase 1,2",2,1,0.1458282619714737,0.0371215306222438,0.1440167427062988,0.0368414930999279,0.3952691077726624,0.2913144945871229,1.0093369223702364,1.003224697230778,0.1456919759511947,0.0363958217203617,0.1421233266592025,0.0375192314386367,0.1540296673774719,0.0369100831449031,0.1087067313492299,0.0054133682923626514,0.1829497925937175,0.0371215306222438,0.1458282619714737,0.2913144945871229,0.11514762035669615,1.003224697230778,1.0125917283487256,0.00229047205872705,0.9986837915091743,0,0,0
Forimtamig,CD3E,GPRC5D,Multiple Myeloma | Relapsed/refractory multiple myeloma | Plasma cell myeloma refractory | Relapse multiple myeloma,"Phase 1,2",2,1,0.736981987953186,0.0003322332631796,0.7350622415542603,0.0005814629839733,0.3243314437737325,0.0065222330204565,1.0024453429260909,0.9950727063613674,0.7345154881477356,0.0003881806624121,0.7241330146789551,0.0005207716603763,0.7432199120521545,0.0003290646418463,0.7366497546900065,0.00024484993076227563,0.7373142212163656,0.0003322332631796,0.736981987953186,0.0065222330204565,0.002115365252153369,0.9950727063613674,0.9975060003648143,0.00011080574565548897,0.8700661647194224,1,0,0
GB-261,MS4A1,CD3E,B-Cell Lymphoma | Small Lymphocytic Lymphoma | B-Cell Chronic Lymphocytic Leukemia | B-cell lymphoma refractory | Lymphoid Leukemia | Refractory Transformed Indolent B-Cell Non-Hodgkin Lymphoma,"Phase 1,2",2,1,0.3328534364700317,0.736981987953186,0.3374113142490387,0.7350622415542603,0.4109104902294773,0.3243314437737325,0.9882350421596696,1.0024453429260909,0.3303883373737335,0.7345154881477356,0.3282518684864044,0.7241330146789551,0.3216332495212555,0.7432199120521545,0.40412855148315435,0.24530698730673348,1.0698354244232178,0.3328534364700317,0.736981987953186,0.3243314437737325,0.13327119255789857,0.9882350421596696,0.9906516157293299,0.03673579820965552,0.9998183393155541,1,0,0
GEN-1042,TNFRSF9,CD40LG,Solid tumor | Colorectal Cancer | Malignant Solid Neoplasm | Melanoma | Non-Small Cell Lung Cancer | Pancreatic Ductal Adenocarcinoma | Squamous Cell Carcinoma of Head and Neck,"Phase 1,2",2,1,0.0411083288490772,0.071939580142498,0.0405395962297916,0.0685661137104034,0.3043941037308105,0.3576957186798642,1.0062815899669149,1.028452197061415,0.042078785598278,0.0740493461489677,0.039554975926876,0.0669665038585662,0.0414621420204639,0.0722022652626037,0.030831251293420806,0.0029573159177623516,0.1130479089915752,0.0411083288490772,0.071939580142498,0.3043941037308105,0.1088804676959054,1.0062815899669149,1.0349125120639275,0.0013814754293120536,0.9992719629247565,1,0,0
GEN-1047,VTCN1,CD3E,Breast Cancer | Endometrial Carcinoma | Malignant Solid Neoplasm | Ovarian Cancer | Squamous non-small cell lung cancer,"Phase 1,2",2,1,0.0198011025786399,0.736981987953186,0.0157460160553455,0.7350622415542603,0.2294777666621129,0.3243314437737325,1.061678056962126,1.0024453429260909,0.0169867854565382,0.7345154881477356,0.0166883654892444,0.7241330146789551,0.0184276197105646,0.7432199120521545,0.7171808853745462,0.014593055942070993,0.7567830905318259,0.0198011025786399,0.736981987953186,0.2294777666621129,0.07442685537549477,1.0024453429260909,1.0642742238885043,0.0034497522147414255,0.997450450054507,1,0,0
GEN-3017,CD3E,TNFRSF8,Classical Hodgkin's Lymphoma | CD30 positive Non-Hodgkin Lymphoma | CD30+ Hodgkin's Lymphoma,"Phase 1,2",2,1,0.736981987953186,0.0062902830541133,0.7350622415542603,0.0060006976127624,0.3243314437737325,0.1004913669723465,1.0024453429260909,1.0051711041771905,0.7345154881477356,0.0070027792826294,0.7241330146789551,0.0056338026188313,0.7432199120521545,0.006279650144279,0.7306917048990728,0.004635825310008658,0.7432722710072993,0.0062902830541133,0.736981987953186,0.1004913669723465,0.03259251013693712,1.0024453429260909,1.0076290922263011,0.0016842473339636857,0.9902065283142831,1,0,0
GNR-084,CD19,CD3E,Pre B-cell acute lymphoblastic leukemia | Refractory B Acute Lymphoblastic Leukemia | B-Cell Lymphoma,"Phase 1,2",2,1,0.064342513680458,0.736981987953186,0.0662170052528381,0.7350622415542603,0.3396251482844286,0.3243314437737325,0.9838707634196736,1.0024453429260909,0.0652454048395156,0.7345154881477356,0.0630370453000068,0.7241330146789551,0.0646611973643302,0.7432199120521545,0.6726394742727281,0.04741927364212901,0.801324501633644,0.064342513680458,0.736981987953186,0.3243314437737325,0.11015111468495671,0.9838707634196736,0.9862766648311896,0.015571900789453794,0.9999607610080415,1,0,0
HB-0028,PDL1,TGF-Β,Advanced Malignant Solid Neoplasm | Uterine Cervical Cancer | Solid tumor,"Phase 1,2",2,1,0.0687058418989181,0.0687058418989181,0.0662170052528381,0.0662170052528381,0.3349080558811468,0.3349080558811468,1.002538754437549,1.002538754437549,0.067636601626873,0.067636601626873,0.0669665038585662,0.0669665038585662,0.0698165446519851,0.0698165446519851,0.0,0.004720492711039129,0.1374116837978362,0.0687058418989181,0.0687058418989181,0.3349080558811468,0.11216340589408935,1.002538754437549,1.0050839541491923,0.0014767354040635988,1.0000000000000002,0,0,0
HB-0036,CD274,TIGIT,Non-Small Cell Lung Cancer | Solid tumor,"Phase 1,2",2,1,0.0394914634525775,0.1678885519504547,0.039888359606266,0.1682288646697998,0.2958513039616033,0.3933687403676078,0.9955845656164276,0.9984405696292284,0.0397807545959949,0.1612036675214767,0.0414723642170429,0.1679251939058303,0.0420105867087841,0.1677955389022827,0.1283970884978772,0.006630164613457542,0.20738001540303222,0.0394914634525775,0.1678885519504547,0.2958513039616033,0.11637865477549016,0.9955845656164276,0.9940320208081339,0.0029268204245758924,0.9992437209586109,0,1,0
HBM7022,CD3,CLDN18.2,Adenocarcinoma of Esophagus | Gastrooesophageal junction cancer | Late gastric cancer | Pancreatic Cancer | Pancreatic Ductal Adenocarcinoma | Solid tumor | Stomach Cancer,"Phase 1,2",2,1,0.0687058418989181,0.0687058418989181,0.0662170052528381,0.0662170052528381,0.3349080558811468,0.3349080558811468,1.002538754437549,1.002538754437549,0.067636601626873,0.067636601626873,0.0669665038585662,0.0669665038585662,0.0698165446519851,0.0698165446519851,0.0,0.004720492711039129,0.1374116837978362,0.0687058418989181,0.0687058418989181,0.3349080558811468,0.11216340589408935,1.002538754437549,1.0050839541491923,0.0014767354040635988,1.0000000000000002,0,0,0
IBI-334,CD276,EGFR,Unresectable Solid Neoplasm | FGF19 positive Solid Tumors | Solid tumor,"Phase 1,2",2,1,0.1288622170686721,0.2500387728214264,0.1321548968553543,0.2226305454969406,0.3766942831236453,0.4410472192302643,0.9819237371955102,1.100532489030263,0.1285343915224075,0.2356877774000167,0.1307610422372818,0.2406675368547439,0.1309951394796371,0.2502810657024383,0.1211765557527543,0.03222055061889904,0.37890098989009846,0.1288622170686721,0.2500387728214264,0.3766942831236453,0.16613996607162163,0.9819237371955102,1.0806389745336726,0.006983896738393404,0.9998669896866801,0,0,0
IMM-0306,MS4A1,CD47,Diffuse Large B-Cell Lymphoma | Follicular Lymphoma | Mantle-Cell Lymphoma | Marginal zone lymphoma recurrent | Non-Hodgkin Lymphoma | CD20 Positive B-Cell Non-Hodgkin Lymphoma,"Phase 1,2",2,1,0.3328534364700317,1.0568561553955078,0.3374113142490387,1.0716129541397097,0.4109104902294773,0.2853614815892538,0.9882350421596696,0.9868432343887108,0.3303883373737335,1.0485692024230957,0.3282518684864044,1.054349660873413,0.3216332495212555,1.0603833198547363,0.7240027189254761,0.3517782031779006,1.3897095918655396,0.3328534364700317,1.0568561553955078,0.2853614815892538,0.11725802629245023,0.9868432343887108,0.9752330653411123,0.04521103814725304,0.9987054271292833,0,0,0
IMM-2902,CD47,ERBB2,Advanced Cholangiocarcinoma | Advanced gastric carcinoma | Advanced Malignant Solid Neoplasm | HER2-Expressing Cancers | Lung Cancer | Solid tumor | Advanced breast cancer | HER2 Positive Solid Tumors,"Phase 1,2",2,1,1.0568561553955078,0.1458282619714737,1.0716129541397097,0.1440167427062988,0.2853614815892538,0.3952691077726624,0.9868432343887108,1.0093369223702364,1.0485692024230957,0.1456919759511947,1.054349660873413,0.1421233266592025,1.0603833198547363,0.1540296673774719,0.9110278934240341,0.15411949629518062,1.2026844173669815,0.1458282619714737,1.0568561553955078,0.2853614815892538,0.11279457822046937,0.9868432343887108,0.9960573130597912,0.03260140414157435,0.9993057658072071,0,0,0
Imvotamab,MS4A1,CD3E,Diffuse Large B-Cell Lymphoma | Follicular Lymphoma | Mantle-Cell Lymphoma | Marginal Zone B-Cell Lymphoma | Rheumatoid Arthritis | Systemic Lupus Erythematosus | Myositis,"Phase 1,2",2,1,0.3328534364700317,0.736981987953186,0.3374113142490387,0.7350622415542603,0.4109104902294773,0.3243314437737325,0.9882350421596696,1.0024453429260909,0.3303883373737335,0.7345154881477356,0.3282518684864044,0.7241330146789551,0.3216332495212555,0.7432199120521545,0.40412855148315435,0.24530698730673348,1.0698354244232178,0.3328534364700317,0.736981987953186,0.3243314437737325,0.13327119255789857,0.9882350421596696,0.9906516157293299,0.03673579820965552,0.9998183393155541,1,0,0
ISB-1442,CD38,CD47,Plasma cell myeloma refractory | Relapse multiple myeloma | Relapsed/refractory multiple myeloma | Acute Myeloid Leukemia,"Phase 1,2",2,1,0.1074885353446006,1.0568561553955078,0.1087568327784538,1.0716129541397097,0.37467679369076,0.2853614815892538,0.9920110686787064,0.9868432343887108,0.1058180555701255,1.0485692024230957,0.1106639802455902,1.054349660873413,0.109743058681488,1.0603833198547363,0.9493676200509072,0.11359992021338874,1.1643446907401085,0.1074885353446006,1.0568561553955078,0.2853614815892538,0.10691832496470645,0.9868432343887108,0.9789594115642961,0.02947399671695039,0.9995012198799051,0,0,0
JS-201,PD-1,TGF-Β,Neoplasms | Tumor of advanced extent,"Phase 1,2",2,1,0.0687058418989181,0.0687058418989181,0.0662170052528381,0.0662170052528381,0.3349080558811468,0.3349080558811468,1.002538754437549,1.002538754437549,0.067636601626873,0.067636601626873,0.0669665038585662,0.0669665038585662,0.0698165446519851,0.0698165446519851,0.0,0.004720492711039129,0.1374116837978362,0.0687058418989181,0.0687058418989181,0.3349080558811468,0.11216340589408935,1.002538754437549,1.0050839541491923,0.0014767354040635988,1.0000000000000002,0,0,0
JS-203,MS4A1,CD3E,Neoplasms | B-cell lymphoma refractory | B-Cell Lymphoma,"Phase 1,2",2,1,0.3328534364700317,0.736981987953186,0.3374113142490387,0.7350622415542603,0.4109104902294773,0.3243314437737325,0.9882350421596696,1.0024453429260909,0.3303883373737335,0.7345154881477356,0.3282518684864044,0.7241330146789551,0.3216332495212555,0.7432199120521545,0.40412855148315435,0.24530698730673348,1.0698354244232178,0.3328534364700317,0.736981987953186,0.3243314437737325,0.13327119255789857,0.9882350421596696,0.9906516157293299,0.03673579820965552,0.9998183393155541,1,0,0
JS-207,PDCD1,VEGFA,Neoplasms | Tumor of advanced extent,"Phase 1,2",2,1,0.0371215306222438,0.3522780239582062,0.0368414930999279,0.3303407430648803,0.2913144945871229,0.4175137819573727,1.003224697230778,1.0576779671737235,0.0363958217203617,0.3407605290412903,0.0375192314386367,0.341223806142807,0.0369100831449031,0.3476842045783996,0.3151564933359624,0.013077099453908085,0.38939955458044995,0.0371215306222438,0.3522780239582062,0.2913144945871229,0.12162781637407026,1.003224697230778,1.0610886583855235,0.0038566286365292646,0.9997188061186437,0,0,1
JSKN-033,ERBB2,CD274,Solid tumor | HER2 Positive Solid Tumors,"Phase 1,2",2,1,0.1458282619714737,0.0394914634525775,0.1440167427062988,0.039888359606266,0.3952691077726624,0.2958513039616033,1.0093369223702364,0.9955845656164276,0.1456919759511947,0.0397807545959949,0.1421233266592025,0.0414723642170429,0.1540296673774719,0.0420105867087841,0.10633679851889619,0.005758971477999351,0.1853197254240512,0.0394914634525775,0.1458282619714737,0.2958513039616033,0.11694088095028167,0.9955845656164276,1.0048802614185937,0.0024188933031871725,0.9995321158483949,0,0,0
KN-052,TNFRSF4,CD274,Solid tumor,"Phase 1,2",2,1,0.1408004611730575,0.0394914634525775,0.1439702361822128,0.039888359606266,0.3946843765455293,0.2958513039616033,0.9836584464114504,0.9955845656164276,0.145024299621582,0.0397807545959949,0.1464078575372696,0.0414723642170429,0.1364795565605163,0.0420105867087841,0.10130899772047999,0.005560416266521858,0.180291924625635,0.0394914634525775,0.1408004611730575,0.2958513039616033,0.11676788745426728,0.9836584464114504,0.9793151670854738,0.0019433440062694499,0.9983968047545994,0,0,0
LAVA-051,CD1D,TRDV2,Acute Myeloid Leukemia | B-Cell Chronic Lymphocytic Leukemia | Chronic lymphocytic leukaemia refractory | Multiple Myeloma | Recurrent Chronic Lymphoid Leukemia | Solid tumor,"Phase 1,2",2,1,0.0353717692196369,0.0,0.0340272113680839,9.303407568950206e-05,0.2886416100806888,0.0,1.0160014575000362,0.998142774191938,0.0354176051914691,6.210890569491312e-05,0.0364303477108478,7.101432129275054e-05,0.0345517881214618,0.0001645323209231,0.0353717692196369,0.0,0.0353717692196369,0.0,0.0353717692196369,0.0,0.0,0.998142774191938,1.0141145133721385,0.0,0.8254220048044004,0,0,0
LAVA-1207,FOLH1,TRDV2,Metastatic castration-resistant prostate cancer,"Phase 1,2",2,1,0.0090145962312817,0.0,0.0096290269866585,9.303407568950206e-05,0.1305335044641855,0.0,0.9896957776031748,0.998142774191938,0.0086952466517686,6.210890569491312e-05,0.009113504551351,7.101432129275054e-05,0.0089121675118803,0.0001645323209231,0.0090145962312817,0.0,0.0090145962312817,0.0,0.0090145962312817,0.0,0.0,0.9896957776031748,0.9878576890628802,0.0,0.9120331292787877,0,0,0
LB101 (Centessa Pharmaceuticals ),CD47,CD274,Advanced Malignant Solid Neoplasm | Solid tumor,"Phase 1,2",2,1,1.0568561553955078,0.0394914634525775,1.0716129541397097,0.039888359606266,0.2853614815892538,0.2958513039616033,0.9868432343887108,0.9955845656164276,1.0485692024230957,0.0397807545959949,1.054349660873413,0.0414723642170429,1.0603833198547363,0.0420105867087841,1.0173646919429302,0.04173679623543326,1.0963476188480854,0.0394914634525775,1.0568561553955078,0.2853614815892538,0.08442456642859579,0.9868432343887108,0.9824858928403951,0.012500538397842924,0.9996069715827993,0,0,0
LBL-015,PD-1,TGF-Β,Solid tumor | Advanced Malignant Solid Neoplasm,"Phase 1,2",2,1,0.0687058418989181,0.0687058418989181,0.0662170052528381,0.0662170052528381,0.3349080558811468,0.3349080558811468,1.002538754437549,1.002538754437549,0.067636601626873,0.067636601626873,0.0669665038585662,0.0669665038585662,0.0698165446519851,0.0698165446519851,0.0,0.004720492711039129,0.1374116837978362,0.0687058418989181,0.0687058418989181,0.3349080558811468,0.11216340589408935,1.002538754437549,1.0050839541491923,0.0014767354040635988,1.0000000000000002,0,0,0
LBL-024,TNFRSF9,CD274,Advanced Neuroendocrine Carcinoma | Tumor of advanced extent | Advanced Malignant Solid Neoplasm,"Phase 1,2",2,1,0.0411083288490772,0.0394914634525775,0.0405395962297916,0.039888359606266,0.3043941037308105,0.2958513039616033,1.0062815899669149,0.9955845656164276,0.042078785598278,0.0397807545959949,0.039554975926876,0.0414723642170429,0.0414621420204639,0.0420105867087841,0.0016168653964996962,0.0016234280663398695,0.0805997923016547,0.0394914634525775,0.0411083288490772,0.2958513039616033,0.09005539250698383,0.9955845656164276,1.001838419635019,0.0007743696352646043,0.9987296255385714,1,0,0
LBL-033,CD3E,MUC16,Neoplasms | Ovarian Cancer | MUC16 Positive Malignancies,"Phase 1,2",2,1,0.736981987953186,0.0516290515661239,0.7350622415542603,0.0512850321829319,0.3243314437737325,0.327559138933106,1.0024453429260909,1.0033965471084685,0.7345154881477356,0.0499666146934032,0.7241330146789551,0.0509409382939338,0.7432199120521545,0.0531439371407032,0.6853529363870622,0.03804968105933954,0.7886110395193099,0.0516290515661239,0.736981987953186,0.3243314437737325,0.1062377284514549,1.0024453429260909,1.0058501957570043,0.009588390524056455,0.999827327906195,1,0,0
LBL-034,CD3E,GPRC5D,Plasma cell myeloma refractory | Multiple Myeloma,"Phase 1,2",2,1,0.736981987953186,0.0003322332631796,0.7350622415542603,0.0005814629839733,0.3243314437737325,0.0065222330204565,1.0024453429260909,0.9950727063613674,0.7345154881477356,0.0003881806624121,0.7241330146789551,0.0005207716603763,0.7432199120521545,0.0003290646418463,0.7366497546900065,0.00024484993076227563,0.7373142212163656,0.0003322332631796,0.736981987953186,0.0065222330204565,0.002115365252153369,0.9950727063613674,0.9975060003648143,0.00011080574565548897,0.8700661647194224,1,0,0
LM-24C5,TNFRSF9,CEACAM5,Advanced Malignant Solid Neoplasm | Solid tumor | Gastrointestinal Neoplasms | Lung Cancer | Colorectal Cancer,"Phase 1,2",2,1,0.0411083288490772,0.2892422974109649,0.0405395962297916,0.280055820941925,0.3043941037308105,0.4454749295791184,1.0062815899669149,1.0278330993915612,0.042078785598278,0.2842103540897369,0.039554975926876,0.2666824460029602,0.0414621420204639,0.286066859960556,0.2481339685618877,0.011890267479032535,0.3303506262600421,0.0411083288490772,0.2892422974109649,0.3043941037308105,0.13559994192378166,1.0062815899669149,1.0342895254763622,0.0011297349006114876,0.9975902897503198,1,0,0
MBS-303,MS4A1,CD3E,B-cell lymphoma refractory | CD20 Positive B-Cell Non-Hodgkin Lymphoma,"Phase 1,2",2,1,0.3328534364700317,0.736981987953186,0.3374113142490387,0.7350622415542603,0.4109104902294773,0.3243314437737325,0.9882350421596696,1.0024453429260909,0.3303883373737335,0.7345154881477356,0.3282518684864044,0.7241330146789551,0.3216332495212555,0.7432199120521545,0.40412855148315435,0.24530698730673348,1.0698354244232178,0.3328534364700317,0.736981987953186,0.3243314437737325,0.13327119255789857,0.9882350421596696,0.9906516157293299,0.03673579820965552,0.9998183393155541,1,0,0
MCLA-129,EGFR,MET,Colorectal Cancer | Head and Neck Neoplasms | Non-Small Cell Lung Cancer | Esophageal Squamous Cell Carcinoma | FGF19 positive Solid Tumors | metastatic non-small cell lung cancer | Squamous Cell Carcinoma of Head and Neck | Stomach Cancer | Advanced Lung Non-Small Cell Carcinoma | EGFR-mutated non-small Cell Lung Cancer | Solid tumor | EGFR exon 19 Deletions Mutant Non-small Cell Lung Cancer | EGFR exon 21 Substitution Mutant Non-small Cell Lung Cancer,"Phase 1,2",2,1,0.2500387728214264,0.2726970613002777,0.2226305454969406,0.2730317413806915,0.4410472192302643,0.4203732279753822,1.100532489030263,0.998963940574436,0.2356877774000167,0.2747542858123779,0.2406675368547439,0.2727423310279846,0.2502810657024383,0.2936901748180389,0.02265828847885132,0.06818483855953072,0.5227358341217041,0.2500387728214264,0.2726970613002777,0.4203732279753822,0.18540444323739225,0.998963940574436,1.0993922719718638,0.00641954144640202,0.9994485690962657,0,0,0
NGM-707,LILRB1,LILRB2,-,"Phase 1,2",2,1,0.0875102430582046,0.0752619132399559,0.084754042327404,0.0728689357638359,0.3678611263460118,0.3611648395889898,1.020453566239624,1.0194758541794444,0.0838780775666236,0.0695309191942215,0.0866138041019439,0.0753225237131118,0.083527572453022,0.0733265727758407,0.012248329818248693,0.006586188320654047,0.1627721562981605,0.0752619132399559,0.0875102430582046,0.3611648395889898,0.13285850468778246,1.0194758541794444,1.0403277710926009,0.0033857240857038365,0.999771621515554,0,0,0
Petosemtamab,EGFR,LGR5,Advanced Malignant Solid Neoplasm | Gastrooesophageal junction cancer | Metastatic Colorectal Carcinoma | Non-Small Cell Lung Cancer | Squamous Cell Carcinoma of Head and Neck,"Phase 1,2",2,1,0.2500387728214264,0.0043190326541662,0.2226305454969406,0.0034190022852271,0.4410472192302643,0.0746473580480634,1.100532489030263,1.0168485057832677,0.2356877774000167,0.0030743910465389,0.2406675368547439,0.0026512013282626,0.2502810657024383,0.0032906462438404,0.2457197401672602,0.0010799256246233847,0.2543578054755926,0.0043190326541662,0.2500387728214264,0.0746473580480634,0.03292300968998425,1.0168485057832677,1.1190748170363634,0.0001869426904721456,0.9781771392522015,0,0,0
PM-1003,TNFRSF9,CD274,Solid tumor | Advanced Malignant Solid Neoplasm,"Phase 1,2",2,1,0.0411083288490772,0.0394914634525775,0.0405395962297916,0.039888359606266,0.3043941037308105,0.2958513039616033,1.0062815899669149,0.9955845656164276,0.042078785598278,0.0397807545959949,0.039554975926876,0.0414723642170429,0.0414621420204639,0.0420105867087841,0.0016168653964996962,0.0016234280663398695,0.0805997923016547,0.0394914634525775,0.0411083288490772,0.2958513039616033,0.09005539250698383,0.9955845656164276,1.001838419635019,0.0007743696352646043,0.9987296255385714,1,0,0
PRS-344,TNFRSF9,CD274,Solid tumor | Advanced Malignant Solid Neoplasm | Neoplasms,"Phase 1,2",2,1,0.0411083288490772,0.0394914634525775,0.0405395962297916,0.039888359606266,0.3043941037308105,0.2958513039616033,1.0062815899669149,0.9955845656164276,0.042078785598278,0.0397807545959949,0.039554975926876,0.0414723642170429,0.0414621420204639,0.0420105867087841,0.0016168653964996962,0.0016234280663398695,0.0805997923016547,0.0394914634525775,0.0411083288490772,0.2958513039616033,0.09005539250698383,0.9955845656164276,1.001838419635019,0.0007743696352646043,0.9987296255385714,1,0,0
PT886,CD47,CLDN18,Advanced Pancreatic Ductal Adenocarcinoma | Metastatic Gastroesophageal Junction Adenocarcinoma | Pancreatic Ductal Adenocarcinoma | Gastrooesophageal junction cancer,"Phase 1,2",2,1,1.0568561553955078,0.0524928569793701,1.0716129541397097,0.0540760569274425,0.2853614815892538,0.3289381011593739,0.9868432343887108,0.9847880483291545,1.0485692024230957,0.053786315023899,1.054349660873413,0.0516037419438362,1.0603833198547363,0.0546247288584709,1.0043632984161377,0.05547739901294334,1.109349012374878,0.0524928569793701,1.0568561553955078,0.2853614815892538,0.09386626389799477,0.9847880483291545,0.9718314228004888,0.007218492718463483,0.9871722406759758,0,0,0
Q-1802,CLDN18,CD274,Gastroesophageal junction adenocarcinoma | malignant carcinoid tumor of digestive tract | Advanced Malignant Solid Neoplasm,"Phase 1,2",2,1,0.0524928569793701,0.0394914634525775,0.0540760569274425,0.039888359606266,0.3289381011593739,0.2958513039616033,0.9847880483291545,0.9955845656164276,0.053786315023899,0.0397807545959949,0.0516037419438362,0.0414723642170429,0.0546247288584709,0.0420105867087841,0.013001393526792603,0.0020730197429221723,0.0919843204319476,0.0394914634525775,0.0524928569793701,0.2958513039616033,0.09731676615065454,0.9847880483291545,0.9804397813200307,0.0005355831797910251,0.990465854305145,0,0,0
QLS-31905,CD3E,CLDN18,CLDN18.2 Positive Advanced Malignant Solid Neoplasm | CLDN18.2 positive  Solid Tumors | Claudin18.2-positive / HER2-negative Solid Tumors | Advanced Malignant Solid Neoplasm,"Phase 1,2",2,1,0.736981987953186,0.0524928569793701,0.7350622415542603,0.0540760569274425,0.3243314437737325,0.3289381011593739,1.0024453429260909,0.9847880483291545,0.7345154881477356,0.053786315023899,0.7241330146789551,0.0516037419438362,0.7432199120521545,0.0546247288584709,0.6844891309738159,0.03868629008999846,0.7894748449325562,0.0524928569793701,0.736981987953186,0.3243314437737325,0.10668496926120981,0.9847880483291545,0.987196192816835,0.005865317470031465,0.9923791526227788,1,0,0
Recombinant anti-PD-L1/TGF-β bispecific antibody,PDL1,TGF-Β,Advanced Hepatocellular Carcinoma | Pancreatic Cancer | Locally Advanced Malignant Solid Neoplasm | Metastatic Solid Tumor | Small Cell Lung Cancer,"Phase 1,2",2,1,0.0687058418989181,0.0687058418989181,0.0662170052528381,0.0662170052528381,0.3349080558811468,0.3349080558811468,1.002538754437549,1.002538754437549,0.067636601626873,0.067636601626873,0.0669665038585662,0.0669665038585662,0.0698165446519851,0.0698165446519851,0.0,0.004720492711039129,0.1374116837978362,0.0687058418989181,0.0687058418989181,0.3349080558811468,0.11216340589408935,1.002538754437549,1.0050839541491923,0.0014767354040635988,1.0000000000000002,0,0,0
REGN-5459,TNFRSF17,CD3E,Chronic Kidney Diseases | Plasma cell myeloma refractory | Relapse multiple myeloma,"Phase 1,2",2,1,0.040244523435831,0.736981987953186,0.0402837544679641,0.7350622415542603,0.3027197340691121,0.3243314437737325,0.9995654696421932,1.0024453429260909,0.0414421670138835,0.7345154881477356,0.0414013490080833,0.7241330146789551,0.0406943261623382,0.7432199120521545,0.6967374645173551,0.029659488885967315,0.777226511389017,0.040244523435831,0.736981987953186,0.3027197340691121,0.0981815284094355,0.9995654696421932,1.0020097499925473,0.006072154861921742,0.9987171668478415,1,0,0
REGN-5668,CD28,MUC16,Fallopian Tube Carcinoma | Primary peritoneal carcinoma | Recurrent ovarian cancer,"Phase 1,2",2,1,0.0621497705578804,0.0516290515661239,0.0568903349339962,0.0512850321829319,0.3493032438368902,0.327559138933106,1.0492040335277446,1.0033965471084685,0.0596556067466735,0.0499666146934032,0.0595100000500679,0.0509409382939338,0.0592042133212089,0.0531439371407032,0.010520718991756502,0.003208733708955576,0.11377882212400431,0.0516290515661239,0.0621497705578804,0.327559138933106,0.11441746977775252,1.0033965471084685,1.0527677044540167,0.0015301436066747,0.9990373458633602,1,0,0
REGN-5678,CD28,FOLH1,Metastatic castration-resistant prostate cancer | Renal Cell Carcinoma,"Phase 1,2",2,1,0.0621497705578804,0.0090145962312817,0.0568903349339962,0.0096290269866585,0.3493032438368902,0.1305335044641855,1.0492040335277446,0.9896957776031748,0.0596556067466735,0.0086952466517686,0.0595100000500679,0.009113504551351,0.0592042133212089,0.0089121675118803,0.0531351743265987,0.000560255087446091,0.0711643667891621,0.0090145962312817,0.0621497705578804,0.1305335044641855,0.045595776538737184,0.9896957776031748,1.0383928018266286,0.00031003680166058646,0.9473662333786277,1,0,0
REGN-7075,CD28,EGFR,Advanced cancer | Advanced Malignant Solid Neoplasm,"Phase 1,2",2,1,0.0621497705578804,0.2500387728214264,0.0568903349339962,0.2226305454969406,0.3493032438368902,0.4410472192302643,1.0492040335277446,1.100532489030263,0.0596556067466735,0.2356877774000167,0.0595100000500679,0.2406675368547439,0.0592042133212089,0.2502810657024383,0.187889002263546,0.015539852361425632,0.3121885433793068,0.0621497705578804,0.2500387728214264,0.3493032438368902,0.15405922436237138,1.0492040335277446,1.1546831265188804,0.004237955520797811,0.9980902645512245,1,0,0
REGN4336,CD3E,FOLH1,Advanced Prostate Carcinoma | Metastatic castration-resistant prostate cancer | Castration-Resistant Prostatic Cancer,"Phase 1,2",2,1,0.736981987953186,0.0090145962312817,0.7350622415542603,0.0096290269866585,0.3243314437737325,0.1305335044641855,1.0024453429260909,0.9896957776031748,0.7345154881477356,0.0086952466517686,0.7241330146789551,0.009113504551351,0.7432199120521545,0.0089121675118803,0.7279673917219044,0.006643595051125286,0.7459965841844677,0.0090145962312817,0.736981987953186,0.1305335044641855,0.04233611996371424,0.9896957776031748,0.9921159231719188,0.0019427940738265155,0.9611883227561732,1,0,0
RG7826,TNFRSF9,FAP,Colorectal Cancer,"Phase 1,2",2,1,0.0411083288490772,0.0157035589218139,0.0405395962297916,0.0169089436531066,0.3043941037308105,0.188207968448754,1.0062815899669149,0.9819846994216184,0.042078785598278,0.0173749662935733,0.039554975926876,0.0155284646898508,0.0414621420204639,0.0191131699830293,0.025404769927263298,0.0006455470642587859,0.05681188777089109,0.0157035589218139,0.0411083288490772,0.188207968448754,0.057289395870955134,0.9819846994216184,0.9881531246571691,0.00025061417286745383,0.9823641946297321,1,0,0
Sabestomig,PDCD1,HAVCR2,Refractory Classic Hodgkin Lymphoma | Relapsing classical Hodgkin lymphoma | Gastrooesophageal junction cancer | Metastatic Solid Tumor | Non-Small Cell Lung Cancer | Recurrent Hodgkin Lymphoma | Refractory Hodgkin Lymphoma | Solid tumor,"Phase 1,2",2,1,0.0371215306222438,0.221754640340805,0.0368414930999279,0.2168159037828445,0.2913144945871229,0.39601285186522,1.003224697230778,1.018509903225184,0.0363958217203617,0.2182196527719497,0.0375192314386367,0.2147709727287292,0.0369100831449031,0.2184989154338836,0.1846331097185612,0.008231871672035852,0.2588761709630488,0.0371215306222438,0.221754640340805,0.2913144945871229,0.11536428379112174,1.003224697230778,1.0217942892896341,0.0037384642944030774,0.99766605999583,0,1,0
SAL-008,CTLA4,IL15RA,Locally advanced breast cancer | Locally Advanced Melanoma | Metastatic breast cancer | Metastatic Colorectal Carcinoma | Metastatic melanoma | Solid tumor | Neoplasms,"Phase 1,2",2,1,0.0449843853712081,0.0571441240608692,0.0441446676850318,0.0586579851806163,0.3134094143326692,0.32789890969658,1.008919439696634,0.9860676496326456,0.044516559690237,0.0577302314341068,0.043271392583847,0.0587525144219398,0.0453834980726242,0.058765459805727,0.012159738689661102,0.0025705932984542656,0.1021285094320773,0.0449843853712081,0.0571441240608692,0.3134094143326692,0.10276660524832593,0.9860676496326456,0.9948628205703455,0.001477105786752625,0.9957776428402506,0,0,0
SMET-12,CD3E,EGFR,EGFR positive Neoplasms | Solid tumor | EGFR positive non-small cell lung cancer,"Phase 1,2",2,1,0.736981987953186,0.2500387728214264,0.7350622415542603,0.2226305454969406,0.3243314437737325,0.4410472192302643,1.0024453429260909,1.100532489030263,0.7345154881477356,0.2356877774000167,0.7241330146789551,0.2406675368547439,0.7432199120521545,0.2502810657024383,0.48694321513175964,0.18427407185930988,0.9870207607746124,0.2500387728214264,0.736981987953186,0.3243314437737325,0.14304548138534154,1.0024453429260909,1.1032236683672463,0.02655644370876967,0.9998130944753393,1,0,0
TNB-486,CD19,CD3E,Pre B-cell acute lymphoblastic leukemia | Burkitt Lymphoma | B-cell lymphoma refractory | Diffuse Large B-Cell Lymphoma | Follicular Lymphoma | High grade B-cell lymphoma,"Phase 1,2",2,1,0.064342513680458,0.736981987953186,0.0662170052528381,0.7350622415542603,0.3396251482844286,0.3243314437737325,0.9838707634196736,1.0024453429260909,0.0652454048395156,0.7345154881477356,0.0630370453000068,0.7241330146789551,0.0646611973643302,0.7432199120521545,0.6726394742727281,0.04741927364212901,0.801324501633644,0.064342513680458,0.736981987953186,0.3243314437737325,0.11015111468495671,0.9838707634196736,0.9862766648311896,0.015571900789453794,0.9999607610080415,1,0,0
TQB-2868,PD-1,TGF-Β,Advanced Hepatocellular Carcinoma | Locally Advanced Malignant Neoplasm | Tumor of advanced extent,"Phase 1,2",2,1,0.0687058418989181,0.0687058418989181,0.0662170052528381,0.0662170052528381,0.3349080558811468,0.3349080558811468,1.002538754437549,1.002538754437549,0.067636601626873,0.067636601626873,0.0669665038585662,0.0669665038585662,0.0698165446519851,0.0698165446519851,0.0,0.004720492711039129,0.1374116837978362,0.0687058418989181,0.0687058418989181,0.3349080558811468,0.11216340589408935,1.002538754437549,1.0050839541491923,0.0014767354040635988,1.0000000000000002,0,0,0
Ubamatamab,CD3E,MUC16,Primary peritoneal carcinoma | Fallopian Tube Carcinoma | MUC16 Positive Malignancies | Recurrent Endometrial Cancer | Recurrent ovarian cancer | Recurrent Primary Peritoneal Carcinoma,"Phase 1,2",2,1,0.736981987953186,0.0516290515661239,0.7350622415542603,0.0512850321829319,0.3243314437737325,0.327559138933106,1.0024453429260909,1.0033965471084685,0.7345154881477356,0.0499666146934032,0.7241330146789551,0.0509409382939338,0.7432199120521545,0.0531439371407032,0.6853529363870622,0.03804968105933954,0.7886110395193099,0.0516290515661239,0.736981987953186,0.3243314437737325,0.1062377284514549,1.0024453429260909,1.0058501957570043,0.009588390524056455,0.999827327906195,1,0,0
ZG-005,PDCD1,TIGIT,Advanced Cervical Carcinoma | Advanced Malignant Solid Neoplasm | Solid tumor,"Phase 1,2",2,1,0.0371215306222438,0.1678885519504547,0.0368414930999279,0.1682288646697998,0.2913144945871229,0.3933687403676078,1.003224697230778,0.9984405696292284,0.0363958217203617,0.1612036675214767,0.0375192314386367,0.1679251939058303,0.0369100831449031,0.1677955389022827,0.13076702132821091,0.006232280022352973,0.2050100825726985,0.0371215306222438,0.1678885519504547,0.2913144945871229,0.11459401578656284,0.9984405696292284,1.0016602381692081,0.0027714328674893138,0.9973643354321027,0,1,0
ZGGS18,TGF-Β,VEGF,Advanced Malignant Solid Neoplasm | Solid tumor,"Phase 1,2",2,1,0.0687058418989181,0.0687058418989181,0.0662170052528381,0.0662170052528381,0.3349080558811468,0.3349080558811468,1.002538754437549,1.002538754437549,0.067636601626873,0.067636601626873,0.0669665038585662,0.0669665038585662,0.0698165446519851,0.0698165446519851,0.0,0.004720492711039129,0.1374116837978362,0.0687058418989181,0.0687058418989181,0.3349080558811468,0.11216340589408935,1.002538754437549,1.0050839541491923,0.0014767354040635988,1.0000000000000002,0,0,0
A-319,CD19,CD3E,Leukemia | Lymphoma | Pre B-cell acute lymphoblastic leukemia | B-Cell Lymphoma | Acute Lymphoblastic Leukemia | B-Cell Chronic Lymphocytic Leukemia,"Phase 1,2",2,1,0.064342513680458,0.736981987953186,0.0662170052528381,0.7350622415542603,0.3396251482844286,0.3243314437737325,0.9838707634196736,1.0024453429260909,0.0652454048395156,0.7345154881477356,0.0630370453000068,0.7241330146789551,0.0646611973643302,0.7432199120521545,0.6726394742727281,0.04741927364212901,0.801324501633644,0.064342513680458,0.736981987953186,0.3243314437737325,0.11015111468495671,0.9838707634196736,0.9862766648311896,0.015571900789453794,0.9999607610080415,1,0,0
A-337,CD3E,EPCAM,Malignant Solid Neoplasm | Neoplasms | EpCAM positive Solid Tumors,"Phase 1,2",2,1,0.736981987953186,1.3818910121917725,0.7350622415542603,1.3133620023727417,0.3243314437737325,0.4207297249094102,1.0024453429260909,1.050264720374901,0.7345154881477356,1.3389904499053955,0.7241330146789551,1.3404426574707031,0.7432199120521545,1.4144569635391235,0.6449090242385864,1.018428785299733,2.1188730001449585,0.736981987953186,1.3818910121917725,0.3243314437737325,0.13645587911839432,1.0024453429260909,1.0528329777793926,0.054715877204689005,0.9998626091708209,1,0,0
ABL-103,TNFRSF9,VTCN1,Advanced Malignant Solid Neoplasm | Metastatic Solid Tumor | Triple Negative Breast Cancer | Solid tumor,"Phase 1,2",2,1,0.0411083288490772,0.0198011025786399,0.0405395962297916,0.0157460160553455,0.3043941037308105,0.2294777666621129,1.0062815899669149,1.061678056962126,0.042078785598278,0.0169867854565382,0.039554975926876,0.0166883654892444,0.0414621420204639,0.0184276197105646,0.021307226270437296,0.0008139902363770395,0.0609094314277171,0.0198011025786399,0.0411083288490772,0.2294777666621129,0.06985167910926192,1.0062815899669149,1.068347083192833,0.00026300408703168736,0.9976914315821032,1,0,0
ABL-501,LAG3,CD274,Advanced Malignant Solid Neoplasm | Solid tumor,"Phase 1,2",2,1,0.0885069444775581,0.0394914634525775,0.0936155393719673,0.039888359606266,0.3563741201757921,0.2958513039616033,0.9644286759166234,0.9955845656164276,0.09308572858572,0.0397807545959949,0.089312344789505,0.0414723642170429,0.0903282389044761,0.0420105867087841,0.049015481024980594,0.0034952687631347916,0.1279984079301356,0.0394914634525775,0.0885069444775581,0.2958513039616033,0.10543374815217722,0.9644286759166234,0.9601703043804779,0.0019136643338377053,0.9975851139421342,0,1,0
ABL-503,TNFRSF9,CD274,Advanced Malignant Solid Neoplasm,"Phase 1,2",2,1,0.0411083288490772,0.0394914634525775,0.0405395962297916,0.039888359606266,0.3043941037308105,0.2958513039616033,1.0062815899669149,0.9955845656164276,0.042078785598278,0.0397807545959949,0.039554975926876,0.0414723642170429,0.0414621420204639,0.0420105867087841,0.0016168653964996962,0.0016234280663398695,0.0805997923016547,0.0394914634525775,0.0411083288490772,0.2958513039616033,0.09005539250698383,0.9955845656164276,1.001838419635019,0.0007743696352646043,0.9987296255385714,1,0,0
Acapatamab,CD3E,FOLH1,Metastatic castration-resistant prostate cancer,"Phase 1,2",2,1,0.736981987953186,0.0090145962312817,0.7350622415542603,0.0096290269866585,0.3243314437737325,0.1305335044641855,1.0024453429260909,0.9896957776031748,0.7345154881477356,0.0086952466517686,0.7241330146789551,0.009113504551351,0.7432199120521545,0.0089121675118803,0.7279673917219044,0.006643595051125286,0.7459965841844677,0.0090145962312817,0.736981987953186,0.1305335044641855,0.04233611996371424,0.9896957776031748,0.9921159231719188,0.0019427940738265155,0.9611883227561732,1,0,0
AFM-28,IL3RA,FCGR3A,CD123 Positive Acute Myeloid Leukemia | Relapsing acute myeloid leukemia | Acute Myeloid Leukemia | Myelodysplastic Syndromes,"Phase 1,2",2,1,0.0737114921212196,1.1602472066879272,0.0763344541192054,1.13978374004364,0.3510154527042275,0.3864865631973361,0.9792379520197168,1.0171993161072588,0.074499636888504,1.136282444000244,0.0712747052311897,1.1368446350097656,0.0758768171072006,1.1213973760604858,1.0865357145667076,0.0855235528344442,1.2339586988091469,0.0737114921212196,1.1602472066879272,0.3510154527042275,0.13566275594481397,0.9792379520197168,0.9960801751007285,0.009900902266996704,0.9964750081120649,0,0,0
AK-129,LAG3,PDCD1,Tumor of advanced extent | Neoplasms,"Phase 1,2",2,1,0.0885069444775581,0.0371215306222438,0.0936155393719673,0.0368414930999279,0.3563741201757921,0.2913144945871229,0.9644286759166234,1.003224697230778,0.09308572858572,0.0363958217203617,0.089312344789505,0.0375192314386367,0.0903282389044761,0.0369100831449031,0.051385413855314296,0.003285513249704904,0.1256284750998019,0.0371215306222438,0.0885069444775581,0.2913144945871229,0.10381694670294148,0.9644286759166234,0.9675386663971345,0.00181206615465941,0.9952051920995237,0,1,0
AK-130,TGF-Β,TIGIT,Neoplasms | Tumor of advanced extent | Advanced Hepatocellular Carcinoma,"Phase 1,2",2,1,0.0687058418989181,0.1678885519504547,0.0662170052528381,0.1682288646697998,0.3349080558811468,0.3933687403676078,1.002538754437549,0.9984405696292284,0.067636601626873,0.1612036675214767,0.0669665038585662,0.1679251939058303,0.0698165446519851,0.1677955389022827,0.09918271005153662,0.01153492430694624,0.2365943938493728,0.0687058418989181,0.1678885519504547,0.3349080558811468,0.13174236008093113,0.9984405696292284,1.0009753650560036,0.003693115226646667,0.9994566846184513,0,0,0
AK-131,NT5E,PDCD1,Advanced Malignant Solid Neoplasm,"Phase 1,2",2,1,0.083722785115242,0.0371215306222438,0.0849866271018982,0.0368414930999279,0.362210083073571,0.2913144945871229,0.9906372800492144,1.003224697230778,0.0837228074669838,0.0363958217203617,0.0867558270692825,0.0375192314386367,0.0819919407367706,0.0369100831449031,0.046601254492998206,0.0031079179314349933,0.1208443157374858,0.0371215306222438,0.083722785115242,0.2913144945871229,0.10551704728493713,0.9906372800492144,0.9938317853428944,0.0015559369590237306,0.9954579475181687,0,0,0
AK-132,CD47,CLDN18,Advanced Malignant Solid Neoplasm,"Phase 1,2",2,1,1.0568561553955078,0.0524928569793701,1.0716129541397097,0.0540760569274425,0.2853614815892538,0.3289381011593739,0.9868432343887108,0.9847880483291545,1.0485692024230957,0.053786315023899,1.054349660873413,0.0516037419438362,1.0603833198547363,0.0546247288584709,1.0043632984161377,0.05547739901294334,1.109349012374878,0.0524928569793701,1.0568561553955078,0.2853614815892538,0.09386626389799477,0.9847880483291545,0.9718314228004888,0.007218492718463483,0.9871722406759758,0,0,0
AMG-199,CD3E,MUC17,Gastrooesophageal junction cancer | Solid tumor | Esophageal Carcinoma | Stomach Cancer,"Phase 1,2",2,1,0.736981987953186,0.000221488851821,0.7350622415542603,0.0002558437117841,0.3243314437737325,0.0043867647921779,1.0024453429260909,0.9993164006924232,0.7345154881477356,0.0003260717785451,0.7241330146789551,0.0002603858301881,0.7432199120521545,0.0002742205397225,0.736760499101365,0.00016323329432450925,0.7372034768050071,0.000221488851821,0.736981987953186,0.0043867647921779,0.001422765758542836,0.9993164006924232,1.0017600719837831,7.387049710367044e-05,0.8894867031916819,1,0,0
AMG-340,CD3E,FOLH1,Castration-Resistant Prostatic Cancer | Metastatic castration-resistant prostate cancer | Hormone refractory prostate cancer,"Phase 1,2",2,1,0.736981987953186,0.0090145962312817,0.7350622415542603,0.0096290269866585,0.3243314437737325,0.1305335044641855,1.0024453429260909,0.9896957776031748,0.7345154881477356,0.0086952466517686,0.7241330146789551,0.009113504551351,0.7432199120521545,0.0089121675118803,0.7279673917219044,0.006643595051125286,0.7459965841844677,0.0090145962312817,0.736981987953186,0.1305335044641855,0.04233611996371424,0.9896957776031748,0.9921159231719188,0.0019427940738265155,0.9611883227561732,1,0,0
AMG-562,CD19,CD3E,Diffuse Large B-Cell Lymphoma | Diffuse large B-cell lymphoma recurrent | Follicular Lymphoma | Mantle-Cell Lymphoma,"Phase 1,2",2,1,0.064342513680458,0.736981987953186,0.0662170052528381,0.7350622415542603,0.3396251482844286,0.3243314437737325,0.9838707634196736,1.0024453429260909,0.0652454048395156,0.7345154881477356,0.0630370453000068,0.7241330146789551,0.0646611973643302,0.7432199120521545,0.6726394742727281,0.04741927364212901,0.801324501633644,0.064342513680458,0.736981987953186,0.3243314437737325,0.11015111468495671,0.9838707634196736,0.9862766648311896,0.015571900789453794,0.9999607610080415,1,0,0
AMG-794,CD3E,CLDN6,Malignant Solid Neoplasm | metastatic non-small cell lung cancer | Non-squamous non-small cell lung cancer | Ovarian Epithelial Carcinoma,"Phase 1,2",2,1,0.736981987953186,0.0349730886518955,0.7350622415542603,0.031980462372303,0.3243314437737325,0.2967179597916497,1.0024453429260909,1.036504140047441,0.7345154881477356,0.0315979085862636,0.7241330146789551,0.0374008752405643,0.7432199120521545,0.0322209112346172,0.7020088993012905,0.02577453639953696,0.7719550766050816,0.0349730886518955,0.736981987953186,0.2967179597916497,0.09623496429282206,1.0024453429260909,1.03903874811417,0.002807078889939476,0.9635116468382461,1,0,0
Anti-CD33/anti-FcgammaRI bispecific antibody(University of California San Diego),CD33,FCGR1A,Acute Myeloid Leukemia,"Phase 1,2",2,1,0.1207557171583175,0.321003794670105,0.1188045144081115,0.3169903457164764,0.3838881241508067,0.4158898345318513,1.0115589488648902,1.010936115896436,0.1197304502129554,0.3143642246723175,0.1207243427634239,0.3162741065025329,0.1185455322265625,0.3070447146892547,0.20024807751178747,0.038763043435929824,0.4417595118284225,0.1207557171583175,0.321003794670105,0.3838881241508067,0.1596551684318218,1.010936115896436,1.0226214747657536,0.008653052081568828,0.9991863721421895,0,0,0
Anti-EGFR-bispecific antibody armed activated T-cell therapy(Memorial Sloan-Kettering Cancer Center),CD3E,EGFR,Pancreatic adenocarcinoma | Pancreatic Cancer,"Phase 1,2",2,1,0.736981987953186,0.2500387728214264,0.7350622415542603,0.2226305454969406,0.3243314437737325,0.4410472192302643,1.0024453429260909,1.100532489030263,0.7345154881477356,0.2356877774000167,0.7241330146789551,0.2406675368547439,0.7432199120521545,0.2502810657024383,0.48694321513175964,0.18427407185930988,0.9870207607746124,0.2500387728214264,0.736981987953186,0.3243314437737325,0.14304548138534154,1.0024453429260909,1.1032236683672463,0.02655644370876967,0.9998130944753393,1,0,0
APVO436,IL3RA,CD3E,Myelodysplastic Syndromes | Refractory acute myeloid leukemia,"Phase 1,2",2,1,0.0737114921212196,0.736981987953186,0.0763344541192054,0.7350622415542603,0.3510154527042275,0.3243314437737325,0.9792379520197168,1.0024453429260909,0.074499636888504,0.7345154881477356,0.0712747052311897,0.7241330146789551,0.0758768171072006,0.7432199120521545,0.6632704958319664,0.05432404199849203,0.8106934800744057,0.0737114921212196,0.736981987953186,0.3243314437737325,0.11384534856245243,0.9792379520197168,0.9816325246186479,0.015209935353645824,0.99750948768851,1,0,0
ARB-202,CD3E,CDH17,Cholangiocarcinoma | Liver Cancer | Pancreatic Cancer | Stomach Cancer | Biliary Tract Neoplasms | Pancreatic Carcinoma,"Phase 1,2",2,1,0.736981987953186,0.0132450331002473,0.7350622415542603,0.0152808465063571,0.3243314437737325,0.1679373217468908,1.0024453429260909,0.9688145372638274,0.7345154881477356,0.0138813406229019,0.7241330146789551,0.013516392558813,0.7432199120521545,0.0136013384908437,0.7237369548529388,0.009761350824726006,0.7502270210534333,0.0132450331002473,0.736981987953186,0.1679373217468908,0.05446735402566294,0.9688145372638274,0.9711836210392195,0.0015734415883081633,0.9625429212046969,1,0,0
ASP-2074,CD3E,TSPAN8,Locally Advanced Malignant Solid Neoplasm | Solid tumor,"Phase 1,2",2,1,0.736981987953186,0.1848324388265609,0.7350622415542603,0.1721828132867813,0.3243314437737325,0.4311758952785225,1.0024453429260909,1.0569334115121327,0.7345154881477356,0.1834076046943664,0.7241330146789551,0.1776304841041565,0.7432199120521545,0.1951079070568084,0.5521495491266252,0.1362181782046345,0.9218144267797469,0.1848324388265609,0.736981987953186,0.3243314437737325,0.1398439006361149,1.0024453429260909,1.059517976153323,0.01602989787149658,0.9981147299599984,1,0,0
ASP2138,CD3,CLDN18.2,Gastrooesophageal junction cancer | Metastatic Gastroesophageal Junction Adenocarcinoma | Pancreatic adenocarcinoma metastatic | stomach adenocarcinoma | Pancreatic Carcinoma | CLDN18.2 positive  Gastroesophageal junction adenocarcinoma | CLDN18.2 positive  Pancreatic adenocarcinoma,"Phase 1,2",2,1,0.0687058418989181,0.0687058418989181,0.0662170052528381,0.0662170052528381,0.3349080558811468,0.3349080558811468,1.002538754437549,1.002538754437549,0.067636601626873,0.067636601626873,0.0669665038585662,0.0669665038585662,0.0698165446519851,0.0698165446519851,0.0,0.004720492711039129,0.1374116837978362,0.0687058418989181,0.0687058418989181,0.3349080558811468,0.11216340589408935,1.002538754437549,1.0050839541491923,0.0014767354040635988,1.0000000000000002,0,0,0
ATG-101,TNFRSF9,CD274,Non-Hodgkin Lymphoma | Solid tumor | Hematologic Neoplasms | B-Cell Lymphoma | Advanced Malignant Solid Neoplasm | Metastatic Solid Tumor | Refractory Mature B-Cell Non-Hodgkin Lymphoma,"Phase 1,2",2,1,0.0411083288490772,0.0394914634525775,0.0405395962297916,0.039888359606266,0.3043941037308105,0.2958513039616033,1.0062815899669149,0.9955845656164276,0.042078785598278,0.0397807545959949,0.039554975926876,0.0414723642170429,0.0414621420204639,0.0420105867087841,0.0016168653964996962,0.0016234280663398695,0.0805997923016547,0.0394914634525775,0.0411083288490772,0.2958513039616033,0.09005539250698383,0.9955845656164276,1.001838419635019,0.0007743696352646043,0.9987296255385714,1,0,0
B-901,CD40,CD274,Solid tumor,"Phase 1,2",2,1,0.2458526194095611,0.0394914634525775,0.2523316740989685,0.039888359606266,0.3797339301663551,0.2958513039616033,0.978569712522789,0.9955845656164276,0.2438085228204727,0.0397807545959949,0.2444076240062713,0.0414723642170429,0.2505553066730499,0.0420105867087841,0.2063611559569836,0.009709079734133128,0.2853440828621386,0.0394914634525775,0.2458526194095611,0.2958513039616033,0.11234477839818056,0.978569712522789,0.9742489021673933,0.004652963191685758,0.9997559408832786,0,0,0
B1962,CD274,VEGFA,Advanced Malignant Solid Neoplasm | Solid tumor,"Phase 1,2",2,1,0.0394914634525775,0.3522780239582062,0.039888359606266,0.3303407430648803,0.2958513039616033,0.4175137819573727,0.9955845656164276,1.0576779671737235,0.0397807545959949,0.3407605290412903,0.0414723642170429,0.341223806142807,0.0420105867087841,0.3476842045783996,0.3127865605056287,0.013911974708291721,0.39176948741078366,0.0394914634525775,0.3522780239582062,0.2958513039616033,0.12352199681402924,0.9955845656164276,1.0530078595107177,0.004072860503247117,0.999448752667272,0,0,1
BA-1201,PDL1,TGF-Β,Gastrointestinal Neoplasms | Non-Small Cell Lung Cancer | Small Cell Lung Cancer | Transitional Cell Carcinoma | Uterine Cervical Cancer | Small Cell Carcinoma | malignant carcinoid tumor of digestive tract | Uterine Corpus Cancer,"Phase 1,2",2,1,0.0687058418989181,0.0687058418989181,0.0662170052528381,0.0662170052528381,0.3349080558811468,0.3349080558811468,1.002538754437549,1.002538754437549,0.067636601626873,0.067636601626873,0.0669665038585662,0.0669665038585662,0.0698165446519851,0.0698165446519851,0.0,0.004720492711039129,0.1374116837978362,0.0687058418989181,0.0687058418989181,0.3349080558811468,0.11216340589408935,1.002538754437549,1.0050839541491923,0.0014767354040635988,1.0000000000000002,0,0,0
BA-1202,CD3,CEA,Solid tumor | Colorectal Cancer | Pancreatic Ductal Adenocarcinoma | Pancreatic Ductal Carcinoma,"Phase 1,2",2,1,0.0687058418989181,0.0687058418989181,0.0662170052528381,0.0662170052528381,0.3349080558811468,0.3349080558811468,1.002538754437549,1.002538754437549,0.067636601626873,0.067636601626873,0.0669665038585662,0.0669665038585662,0.0698165446519851,0.0698165446519851,0.0,0.004720492711039129,0.1374116837978362,0.0687058418989181,0.0687058418989181,0.3349080558811468,0.11216340589408935,1.002538754437549,1.0050839541491923,0.0014767354040635988,1.0000000000000002,0,0,0
BA-3182,CD3E,EPCAM,Adenocarcinoma,"Phase 1,2",2,1,0.736981987953186,1.3818910121917725,0.7350622415542603,1.3133620023727417,0.3243314437737325,0.4207297249094102,1.0024453429260909,1.050264720374901,0.7345154881477356,1.3389904499053955,0.7241330146789551,1.3404426574707031,0.7432199120521545,1.4144569635391235,0.6449090242385864,1.018428785299733,2.1188730001449585,0.736981987953186,1.3818910121917725,0.3243314437737325,0.13645587911839432,1.0024453429260909,1.0528329777793926,0.054715877204689005,0.9998626091708209,1,0,0
BAT-7104,CD47,CD274,Solid tumor | Advanced Malignant Solid Neoplasm | Tumor of advanced extent | Locally Advanced Malignant Neoplasm,"Phase 1,2",2,1,1.0568561553955078,0.0394914634525775,1.0716129541397097,0.039888359606266,0.2853614815892538,0.2958513039616033,0.9868432343887108,0.9955845656164276,1.0485692024230957,0.0397807545959949,1.054349660873413,0.0414723642170429,1.0603833198547363,0.0420105867087841,1.0173646919429302,0.04173679623543326,1.0963476188480854,0.0394914634525775,1.0568561553955078,0.2853614815892538,0.08442456642859579,0.9868432343887108,0.9824858928403951,0.012500538397842924,0.9996069715827993,0,0,0
BC-007 (Dragon Boat Biopharmaceutical),CD47,CLDN18,CLDN18.2 positive  Solid Tumors | Solid tumor,"Phase 1,2",2,1,1.0568561553955078,0.0524928569793701,1.0716129541397097,0.0540760569274425,0.2853614815892538,0.3289381011593739,0.9868432343887108,0.9847880483291545,1.0485692024230957,0.053786315023899,1.054349660873413,0.0516037419438362,1.0603833198547363,0.0546247288584709,1.0043632984161377,0.05547739901294334,1.109349012374878,0.0524928569793701,1.0568561553955078,0.2853614815892538,0.09386626389799477,0.9847880483291545,0.9718314228004888,0.007218492718463483,0.9871722406759758,0,0,0
BC-3448,CD3E,EGFR,Malignant Solid Neoplasm,"Phase 1,2",2,1,0.736981987953186,0.2500387728214264,0.7350622415542603,0.2226305454969406,0.3243314437737325,0.4410472192302643,1.0024453429260909,1.100532489030263,0.7345154881477356,0.2356877774000167,0.7241330146789551,0.2406675368547439,0.7432199120521545,0.2502810657024383,0.48694321513175964,0.18427407185930988,0.9870207607746124,0.2500387728214264,0.736981987953186,0.3243314437737325,0.14304548138534154,1.0024453429260909,1.1032236683672463,0.02655644370876967,0.9998130944753393,1,0,0
BC008-1A,PDCD1,TIGIT,Solid tumor,"Phase 1,2",2,1,0.0371215306222438,0.1678885519504547,0.0368414930999279,0.1682288646697998,0.2913144945871229,0.3933687403676078,1.003224697230778,0.9984405696292284,0.0363958217203617,0.1612036675214767,0.0375192314386367,0.1679251939058303,0.0369100831449031,0.1677955389022827,0.13076702132821091,0.006232280022352973,0.2050100825726985,0.0371215306222438,0.1678885519504547,0.2913144945871229,0.11459401578656284,0.9984405696292284,1.0016602381692081,0.0027714328674893138,0.9973643354321027,0,1,0
BGB-B167,TNFRSF9,CEACAM5,Advanced Malignant Solid Neoplasm | Metastatic Solid Tumor | Solid tumor,"Phase 1,2",2,1,0.0411083288490772,0.2892422974109649,0.0405395962297916,0.280055820941925,0.3043941037308105,0.4454749295791184,1.0062815899669149,1.0278330993915612,0.042078785598278,0.2842103540897369,0.039554975926876,0.2666824460029602,0.0414621420204639,0.286066859960556,0.2481339685618877,0.011890267479032535,0.3303506262600421,0.0411083288490772,0.2892422974109649,0.3043941037308105,0.13559994192378166,1.0062815899669149,1.0342895254763622,0.0011297349006114876,0.9975902897503198,1,0,0
BH-3120,TNFRSF9,CD274,Metastatic Solid Tumor | Solid tumor,"Phase 1,2",2,1,0.0411083288490772,0.0394914634525775,0.0405395962297916,0.039888359606266,0.3043941037308105,0.2958513039616033,1.0062815899669149,0.9955845656164276,0.042078785598278,0.0397807545959949,0.039554975926876,0.0414723642170429,0.0414621420204639,0.0420105867087841,0.0016168653964996962,0.0016234280663398695,0.0805997923016547,0.0394914634525775,0.0411083288490772,0.2958513039616033,0.09005539250698383,0.9955845656164276,1.001838419635019,0.0007743696352646043,0.9987296255385714,1,0,0
BI-765049,CD3E,NCR3LG1,Head and Neck Neoplasms | Liver Cancer | Lung Cancer | Pancreatic Cancer | Solid tumor | Advanced Malignant Solid Neoplasm | Colorectal Cancer,"Phase 1,2",2,1,0.736981987953186,0.0121597377583384,0.7350622415542603,0.0118385860696434,0.3243314437737325,0.162486147336355,1.0024453429260909,1.0051933866717662,0.7345154881477356,0.0115522565320134,0.7241330146789551,0.0122618060559034,0.7432199120521545,0.0107768671587109,0.7248222501948476,0.008961507706129652,0.7491417257115245,0.0121597377583384,0.736981987953186,0.162486147336355,0.05269936675883144,1.0024453429260909,1.0076514292092174,0.0037452342031561075,0.9975973270713488,1,0,0
BI-765179,TNFRSF9,FAP,Advanced Malignant Solid Neoplasm | Neoplasms | Solid tumor,"Phase 1,2",2,1,0.0411083288490772,0.0157035589218139,0.0405395962297916,0.0169089436531066,0.3043941037308105,0.188207968448754,1.0062815899669149,0.9819846994216184,0.042078785598278,0.0173749662935733,0.039554975926876,0.0155284646898508,0.0414621420204639,0.0191131699830293,0.025404769927263298,0.0006455470642587859,0.05681188777089109,0.0157035589218139,0.0411083288490772,0.188207968448754,0.057289395870955134,0.9819846994216184,0.9881531246571691,0.00025061417286745383,0.9823641946297321,1,0,0
BI-905711,CDH17,TNFRSF10B,Gastrointestinal cancer metastatic | Cholangiocarcinoma | Gastrointestinal Neoplasms | Pancreatic Cancer,"Phase 1,2",2,1,0.0132450331002473,0.1318744570016861,0.0152808465063571,0.1314571499824524,0.1679373217468908,0.3817222277611071,0.9688145372638274,1.0022997551723591,0.0138813406229019,0.1319193243980407,0.013516392558813,0.130642682313919,0.0136013384908437,0.1341486871242523,0.1186294239014388,0.0017466815480644716,0.1451194901019334,0.0132450331002473,0.1318744570016861,0.1679373217468908,0.06410540858145697,0.9688145372638274,0.9710425735069566,0.00045286863087578536,0.9734864717939854,0,0,0
BJ-005,PDL1,TGF-Β,Solid tumor | Advanced Lymphoma | Advanced Malignant Solid Neoplasm,"Phase 1,2",2,1,0.0687058418989181,0.0687058418989181,0.0662170052528381,0.0662170052528381,0.3349080558811468,0.3349080558811468,1.002538754437549,1.002538754437549,0.067636601626873,0.067636601626873,0.0669665038585662,0.0669665038585662,0.0698165446519851,0.0698165446519851,0.0,0.004720492711039129,0.1374116837978362,0.0687058418989181,0.0687058418989181,0.3349080558811468,0.11216340589408935,1.002538754437549,1.0050839541491923,0.0014767354040635988,1.0000000000000002,0,0,0
BS-001,CD3E,MET,Colorectal Cancer | Esophageal Carcinoma | Glioblastoma | Liver Cancer | Melanoma | Pancreatic Cancer | Neoplasms,"Phase 1,2",2,1,0.736981987953186,0.2726970613002777,0.7350622415542603,0.2730317413806915,0.3243314437737325,0.4203732279753822,1.0024453429260909,0.998963940574436,0.7345154881477356,0.2747542858123779,0.7241330146789551,0.2727423310279846,0.7432199120521545,0.2936901748180389,0.4642849266529083,0.2009728223460705,1.0096790492534637,0.2726970613002777,0.736981987953186,0.3243314437737325,0.1363402559530801,0.998963940574436,1.0014067499799397,0.0268888609457362,0.998992855109553,1,0,0
BSI-585,LILRB2,PDCD1,Cholangiocarcinoma | Colorectal Cancer | Esophageal Carcinoma | Fallopian Tube Carcinoma | Liver Cancer | Non-Small Cell Lung Cancer | Ovarian Cancer | Pancreatic Cancer | Primary peritoneal carcinoma | Renal Cell Carcinoma | Stomach Cancer | Urothelial Carcinoma of the Urinary Bladder | Solid tumor,"Phase 1,2",2,1,0.0752619132399559,0.0371215306222438,0.0728689357638359,0.0368414930999279,0.3611648395889898,0.2913144945871229,1.0194758541794444,1.003224697230778,0.0695309191942215,0.0363958217203617,0.0753225237131118,0.0375192314386367,0.0733265727758407,0.0369100831449031,0.038140382617712104,0.002793837417025679,0.1123834438621997,0.0371215306222438,0.0752619132399559,0.2913144945871229,0.10521255270750587,1.003224697230778,1.0227633551432618,0.0014505471403706443,0.9968583929342971,0,0,0
CC-1,CD3E,FOLH1,Recurrent Prostate Carcinoma,"Phase 1,2",2,1,0.736981987953186,0.0090145962312817,0.7350622415542603,0.0096290269866585,0.3243314437737325,0.1305335044641855,1.0024453429260909,0.9896957776031748,0.7345154881477356,0.0086952466517686,0.7241330146789551,0.009113504551351,0.7432199120521545,0.0089121675118803,0.7279673917219044,0.006643595051125286,0.7459965841844677,0.0090145962312817,0.736981987953186,0.1305335044641855,0.04233611996371424,0.9896957776031748,0.9921159231719188,0.0019427940738265155,0.9611883227561732,1,0,0
CC-3,CD276,CD3E,Colorectal Cancer,"Phase 1,2",2,1,0.1288622170686721,0.736981987953186,0.1321548968553543,0.7350622415542603,0.3766942831236453,0.3243314437737325,0.9819237371955102,1.0024453429260909,0.1285343915224075,0.7345154881477356,0.1307610422372818,0.7241330146789551,0.1309951394796371,0.7432199120521545,0.608119770884514,0.09496913290732495,0.8658442050218581,0.1288622170686721,0.736981987953186,0.3243314437737325,0.12217380070680303,0.9819237371955102,0.9843248774602219,0.029252716853053657,0.9999360795055625,1,0,0
CCW-702,CD3E,FOLH1,Prostatic Cancer,"Phase 1,2",2,1,0.736981987953186,0.0090145962312817,0.7350622415542603,0.0096290269866585,0.3243314437737325,0.1305335044641855,1.0024453429260909,0.9896957776031748,0.7345154881477356,0.0086952466517686,0.7241330146789551,0.009113504551351,0.7432199120521545,0.0089121675118803,0.7279673917219044,0.006643595051125286,0.7459965841844677,0.0090145962312817,0.736981987953186,0.1305335044641855,0.04233611996371424,0.9896957776031748,0.9921159231719188,0.0019427940738265155,0.9611883227561732,1,0,0
CLN-049,CD3E,FLT3,Myelodysplastic Syndromes | Refractory acute myeloid leukemia | Relapsing acute myeloid leukemia | Acute Myeloid Leukemia,"Phase 1,2",2,1,0.736981987953186,0.008770958520472,0.7350622415542603,0.0083498079329729,0.3243314437737325,0.1298354461491612,1.0024453429260909,1.0072176859259403,0.7345154881477356,0.0090989554300904,0.7241330146789551,0.008734761737287,0.7432199120521545,0.0079523948952555,0.728211029432714,0.006464038446672389,0.7457529464736581,0.008770958520472,0.736981987953186,0.1298354461491612,0.04210971770256415,1.0024453429260909,1.009680678569253,0.0022308890125308472,0.9726610815293181,1,0,0
CLN-978,CD19,CD3E,B-cell lymphoma recurrent | Recurrent Adult Acute Lymphoblastic Leukemia | Refractory Mature B-Cell Non-Hodgkin Lymphoma | Precursor B-Cell Lymphoblastic Leukemia-Lymphoma,"Phase 1,2",2,1,0.064342513680458,0.736981987953186,0.0662170052528381,0.7350622415542603,0.3396251482844286,0.3243314437737325,0.9838707634196736,1.0024453429260909,0.0652454048395156,0.7345154881477356,0.0630370453000068,0.7241330146789551,0.0646611973643302,0.7432199120521545,0.6726394742727281,0.04741927364212901,0.801324501633644,0.064342513680458,0.736981987953186,0.3243314437737325,0.11015111468495671,0.9838707634196736,0.9862766648311896,0.015571900789453794,0.9999607610080415,1,0,0
CTX-8371,PDCD1,CD274,Hodgkin's Lymphoma | Melanoma | Non-Small Cell Lung Cancer | Squamous Cell Carcinoma of Head and Neck | Triple Negative Breast Cancer | Solid tumor,"Phase 1,2",2,1,0.0371215306222438,0.0394914634525775,0.0368414930999279,0.039888359606266,0.2913144945871229,0.2958513039616033,1.003224697230778,0.9955845656164276,0.0363958217203617,0.0397807545959949,0.0375192314386367,0.0414723642170429,0.0369100831449031,0.0420105867087841,0.0023699328303337028,0.0014659835698720774,0.0766129940748213,0.0371215306222438,0.0394914634525775,0.2913144945871229,0.08618577308651573,0.9955845656164276,0.9987950244081761,0.0008782484887757093,0.9986444433383105,0,1,0
CX-904,CD3E,EGFR,Colorectal Cancer | Solid tumor | Advanced Malignant Solid Neoplasm,"Phase 1,2",2,1,0.736981987953186,0.2500387728214264,0.7350622415542603,0.2226305454969406,0.3243314437737325,0.4410472192302643,1.0024453429260909,1.100532489030263,0.7345154881477356,0.2356877774000167,0.7241330146789551,0.2406675368547439,0.7432199120521545,0.2502810657024383,0.48694321513175964,0.18427407185930988,0.9870207607746124,0.2500387728214264,0.736981987953186,0.3243314437737325,0.14304548138534154,1.0024453429260909,1.1032236683672463,0.02655644370876967,0.9998130944753393,1,0,0
D3L-001,CD47,ERBB2,HER2 Positive Solid Tumors | Breast Cancer | Stomach Cancer,"Phase 1,2",2,1,1.0568561553955078,0.1458282619714737,1.0716129541397097,0.1440167427062988,0.2853614815892538,0.3952691077726624,0.9868432343887108,1.0093369223702364,1.0485692024230957,0.1456919759511947,1.054349660873413,0.1421233266592025,1.0603833198547363,0.1540296673774719,0.9110278934240341,0.15411949629518062,1.2026844173669815,0.1458282619714737,1.0568561553955078,0.2853614815892538,0.11279457822046937,0.9868432343887108,0.9960573130597912,0.03260140414157435,0.9993057658072071,0,0,0
Duvortuxizumab,CD19,CD3E,B-Cell Chronic Lymphocytic Leukemia | Diffuse Large B-Cell Lymphoma | Follicular Lymphoma | Hematologic Neoplasms | Mantle-Cell Lymphoma,"Phase 1,2",2,1,0.064342513680458,0.736981987953186,0.0662170052528381,0.7350622415542603,0.3396251482844286,0.3243314437737325,0.9838707634196736,1.0024453429260909,0.0652454048395156,0.7345154881477356,0.0630370453000068,0.7241330146789551,0.0646611973643302,0.7432199120521545,0.6726394742727281,0.04741927364212901,0.801324501633644,0.064342513680458,0.736981987953186,0.3243314437737325,0.11015111468495671,0.9838707634196736,0.9862766648311896,0.015571900789453794,0.9999607610080415,1,0,0
Eciskafusp alfa(Roche),IL-2R,PD-1,Metastatic Solid Tumor,"Phase 1,2",2,1,0.0687058418989181,0.0687058418989181,0.0662170052528381,0.0662170052528381,0.3349080558811468,0.3349080558811468,1.002538754437549,1.002538754437549,0.067636601626873,0.067636601626873,0.0669665038585662,0.0669665038585662,0.0698165446519851,0.0698165446519851,0.0,0.004720492711039129,0.1374116837978362,0.0687058418989181,0.0687058418989181,0.3349080558811468,0.11216340589408935,1.002538754437549,1.0050839541491923,0.0014767354040635988,1.0000000000000002,0,0,0
EMB-07,CD3E,ROR1,Refractory Lymphoma | Solid tumor | Adenocarcinoma of Lung | Bladder Cancer | Colorectal Cancer | Metastatic Solid Tumor | Ovarian Cancer | Pancreatic Cancer | Prostatic Cancer | Recurrent Lymphoma | Stomach Cancer | Triple Negative Breast Cancer | Uterine Neoplasms | Hematologic Neoplasms,"Phase 1,2",2,1,0.736981987953186,0.0114731220528483,0.7350622415542603,0.0120246540755033,0.3243314437737325,0.1544750715903064,1.0024453429260909,0.9911078581432534,0.7345154881477356,0.0121267642825841,0.7241330146789551,0.0114569775760173,0.7432199120521545,0.012367345392704,0.7255088659003377,0.008455484298537678,0.7484551100060344,0.0114731220528483,0.736981987953186,0.1544750715903064,0.05010112299593477,0.9911078581432534,0.9935314567331571,0.0032946241708237014,0.9961942108043653,1,0,0
EMB-09,TNFRSF4,PDCD1,Advanced Malignant Solid Neoplasm | Colorectal Cancer | Endometrial Carcinoma | Hepatocellular Carcinoma | Melanoma | Metastatic Solid Tumor | Nasopharyngeal Carcinoma | Non-Small Cell Lung Cancer | Ovarian Cancer | Renal Cell Carcinoma | Small Cell Lung Cancer | Squamous Cell Carcinoma of Head and Neck | Stomach Cancer | Triple Negative Breast Cancer | Neoplasms | Solid tumor,"Phase 1,2",2,1,0.1408004611730575,0.0371215306222438,0.1439702361822128,0.0368414930999279,0.3946843765455293,0.2913144945871229,0.9836584464114504,1.003224697230778,0.145024299621582,0.0363958217203617,0.1464078575372696,0.0375192314386367,0.1364795565605163,0.0369100831449031,0.1036789305508137,0.005226728631061703,0.1779219917953013,0.0371215306222438,0.1408004611730575,0.2913144945871229,0.11497727967479457,0.9836584464114504,0.9868304470796246,0.0018401701063002329,0.9976646056446782,0,0,0
ERY-974,CD3E,GPC3,Hepatocellular Carcinoma,"Phase 1,2",2,1,0.736981987953186,0.0687058418989181,0.7350622415542603,0.0643098056316375,0.3243314437737325,0.3672544640721659,1.0024453429260909,1.0384572105865246,0.7345154881477356,0.0701675415039062,0.7241330146789551,0.0641969442367553,0.7432199120521545,0.0698165446519851,0.6682761460542679,0.05063496794666196,0.8056878298521042,0.0687058418989181,0.736981987953186,0.3243314437737325,0.11911217056487394,1.0024453429260909,1.0409965945804804,0.007542177754284767,0.9927968976746607,1,0,0
ES-014,CD39,TGF-Β,Neoplasms | Locally Advanced Malignant Solid Neoplasm | Metastatic Solid Tumor | Solid tumor,"Phase 1,2",2,1,0.0687058418989181,0.0687058418989181,0.0662170052528381,0.0662170052528381,0.3349080558811468,0.3349080558811468,1.002538754437549,1.002538754437549,0.067636601626873,0.067636601626873,0.0669665038585662,0.0669665038585662,0.0698165446519851,0.0698165446519851,0.0,0.004720492711039129,0.1374116837978362,0.0687058418989181,0.0687058418989181,0.3349080558811468,0.11216340589408935,1.002538754437549,1.0050839541491923,0.0014767354040635988,1.0000000000000002,0,0,0
ES-101,TNFRSF9,CD274,Neoplasms,"Phase 1,2",2,1,0.0411083288490772,0.0394914634525775,0.0405395962297916,0.039888359606266,0.3043941037308105,0.2958513039616033,1.0062815899669149,0.9955845656164276,0.042078785598278,0.0397807545959949,0.039554975926876,0.0414723642170429,0.0414621420204639,0.0420105867087841,0.0016168653964996962,0.0016234280663398695,0.0805997923016547,0.0394914634525775,0.0411083288490772,0.2958513039616033,0.09005539250698383,0.9955845656164276,1.001838419635019,0.0007743696352646043,0.9987296255385714,1,0,0
EX-101,CD3E,ERBB2,Breast Cancer | Stomach Cancer | Solid tumor,"Phase 1,2",2,1,0.736981987953186,0.1458282619714737,0.7350622415542603,0.1440167427062988,0.3243314437737325,0.3952691077726624,1.0024453429260909,1.0093369223702364,0.7345154881477356,0.1456919759511947,0.7241330146789551,0.1421233266592025,0.7432199120521545,0.1540296673774719,0.5911537259817123,0.10747280240749468,0.8828102499246597,0.1458282619714737,0.736981987953186,0.3243314437737325,0.12819820040306268,1.0024453429260909,1.0118050972733967,0.02648996026137635,0.9997368024735713,1,0,0
F-182112,TNFRSF17,CD3E,Plasma cell myeloma refractory | Relapse multiple myeloma,"Phase 1,2",2,1,0.040244523435831,0.736981987953186,0.0402837544679641,0.7350622415542603,0.3027197340691121,0.3243314437737325,0.9995654696421932,1.0024453429260909,0.0414421670138835,0.7345154881477356,0.0414013490080833,0.7241330146789551,0.0406943261623382,0.7432199120521545,0.6967374645173551,0.029659488885967315,0.777226511389017,0.040244523435831,0.736981987953186,0.3027197340691121,0.0981815284094355,0.9995654696421932,1.0020097499925473,0.006072154861921742,0.9987171668478415,1,0,0
FS-120,TNFRSF9,TNFRSF4,Advanced cancer | Neoplasms,"Phase 1,2",2,1,0.0411083288490772,0.1408004611730575,0.0405395962297916,0.1439702361822128,0.3043941037308105,0.3946843765455293,1.0062815899669149,0.9836584464114504,0.042078785598278,0.145024299621582,0.039554975926876,0.1464078575372696,0.0414621420204639,0.1364795565605163,0.0996921323239803,0.0057880716600037735,0.1819087900221347,0.0411083288490772,0.1408004611730575,0.3043941037308105,0.12013959705513011,0.9836584464114504,0.9898373854392997,0.0016225155775980555,0.9990656112850382,1,0,0
FS-222,TNFRSF9,CD274,Advanced cancer | Neoplasms,"Phase 1,2",2,1,0.0411083288490772,0.0394914634525775,0.0405395962297916,0.039888359606266,0.3043941037308105,0.2958513039616033,1.0062815899669149,0.9955845656164276,0.042078785598278,0.0397807545959949,0.039554975926876,0.0414723642170429,0.0414621420204639,0.0420105867087841,0.0016168653964996962,0.0016234280663398695,0.0805997923016547,0.0394914634525775,0.0411083288490772,0.2958513039616033,0.09005539250698383,0.9955845656164276,1.001838419635019,0.0007743696352646043,0.9987296255385714,1,0,0
GBR-1342,CD3E,CD38,Plasma cell myeloma refractory | Relapse multiple myeloma,"Phase 1,2",2,1,0.736981987953186,0.1074885353446006,0.7350622415542603,0.1087568327784538,0.3243314437737325,0.37467679369076,1.0024453429260909,0.9920110686787064,0.7345154881477356,0.1058180555701255,0.7241330146789551,0.1106639802455902,0.7432199120521545,0.109743058681488,0.6294934526085855,0.07921711446044005,0.8444705232977866,0.1074885353446006,0.736981987953186,0.3243314437737325,0.12151946544623711,0.9920110686787064,0.9944368759281037,0.023948815161010086,0.9996958627149904,1,0,0
GEM3-PSCA,CD3E,PSCA,Prostatic Cancer,"Phase 1,2",2,1,0.736981987953186,0.0952623561024665,0.7350622415542603,0.104012094438076,0.3243314437737325,0.3744611340804747,1.0024453429260909,0.9431879790510383,0.7345154881477356,0.0856016054749488,0.7241330146789551,0.0884838476777076,0.7432199120521545,0.0898072198033332,0.6417196318507196,0.07020664057750009,0.8322443440556525,0.0952623561024665,0.736981987953186,0.3243314437737325,0.1214495202534696,0.9431879790510383,0.9454943971035847,0.006958600827165788,0.9922910993679787,1,0,0
Givastomig,TNFRSF9,CLDN18,Pancreatic Ductal Carcinoma | Metastatic Solid Tumor | Metatropic Dwarfism | Adenocarcinoma of Esophagus | Advanced cancer | Gastroesophageal junction adenocarcinoma,"Phase 1,2",2,1,0.0411083288490772,0.0524928569793701,0.0405395962297916,0.0540760569274425,0.3043941037308105,0.3289381011593739,1.0062815899669149,0.9847880483291545,0.042078785598278,0.053786315023899,0.039554975926876,0.0516037419438362,0.0414621420204639,0.0546247288584709,0.011384528130292906,0.002157893626935523,0.0936011858284473,0.0411083288490772,0.0524928569793701,0.3043941037308105,0.10012681848532229,0.9847880483291545,0.9909740830530765,0.00044716326574552453,0.9948685777926004,1,0,0
GMA-106,GIPR,GLP1R,"Diabetes Mellitus | Baritosis | Diabetes Mellitus, Type 2 | Nonalcoholic Steatohepatitis | Obesity | Overweight","Phase 1,2",2,1,0.0093025313690304,4.429776890901849e-05,0.0089312708005309,4.651703784475103e-05,0.1352011678957059,0.000884308000957,1.0062998907618368,0.9999556558764308,0.0088660465553402,6.210890569491312e-05,0.009184518828988,2.367144043091685e-05,0.0087202126160264,2.742205288086552e-05,0.00925823360012138,4.12081384854204e-07,0.009346829137939418,4.429776890901849e-05,0.0093025313690304,0.000884308000957,0.00011955947450890341,0.9999556558764308,1.006255267275133,3.679298235340229e-07,0.744345460020061,0,0,0
GR-1803,TNFRSF17,CD3E,Multiple Myeloma,"Phase 1,2",2,1,0.040244523435831,0.736981987953186,0.0402837544679641,0.7350622415542603,0.3027197340691121,0.3243314437737325,0.9995654696421932,1.0024453429260909,0.0414421670138835,0.7345154881477356,0.0414013490080833,0.7241330146789551,0.0406943261623382,0.7432199120521545,0.6967374645173551,0.029659488885967315,0.777226511389017,0.040244523435831,0.736981987953186,0.3027197340691121,0.0981815284094355,0.9995654696421932,1.0020097499925473,0.006072154861921742,0.9987171668478415,1,0,0
GR-1901,IL3RA,CD3E,Acute Myeloid Leukemia,"Phase 1,2",2,1,0.0737114921212196,0.736981987953186,0.0763344541192054,0.7350622415542603,0.3510154527042275,0.3243314437737325,0.9792379520197168,1.0024453429260909,0.074499636888504,0.7345154881477356,0.0712747052311897,0.7241330146789551,0.0758768171072006,0.7432199120521545,0.6632704958319664,0.05432404199849203,0.8106934800744057,0.0737114921212196,0.736981987953186,0.3243314437737325,0.11384534856245243,0.9792379520197168,0.9816325246186479,0.015209935353645824,0.99750948768851,1,0,0
GT-90008,PDL1,TGF-Β,Advanced Malignant Solid Neoplasm | Solid tumor,"Phase 1,2",2,1,0.0687058418989181,0.0687058418989181,0.0662170052528381,0.0662170052528381,0.3349080558811468,0.3349080558811468,1.002538754437549,1.002538754437549,0.067636601626873,0.067636601626873,0.0669665038585662,0.0669665038585662,0.0698165446519851,0.0698165446519851,0.0,0.004720492711039129,0.1374116837978362,0.0687058418989181,0.0687058418989181,0.3349080558811468,0.11216340589408935,1.002538754437549,1.0050839541491923,0.0014767354040635988,1.0000000000000002,0,0,0
HBM-7008,TNFRSF9,VTCN1,Neoplasms | Advanced Malignant Solid Neoplasm | Lung Cancer | Ovarian Cancer | Triple Negative Breast Cancer | Solid tumor,"Phase 1,2",2,1,0.0411083288490772,0.0198011025786399,0.0405395962297916,0.0157460160553455,0.3043941037308105,0.2294777666621129,1.0062815899669149,1.061678056962126,0.042078785598278,0.0169867854565382,0.039554975926876,0.0166883654892444,0.0414621420204639,0.0184276197105646,0.021307226270437296,0.0008139902363770395,0.0609094314277171,0.0198011025786399,0.0411083288490772,0.2294777666621129,0.06985167910926192,1.0062815899669149,1.068347083192833,0.00026300408703168736,0.9976914315821032,1,0,0
HK010,TNFRSF9,CD274,Tumor of advanced extent | Neoplasms,"Phase 1,2",2,1,0.0411083288490772,0.0394914634525775,0.0405395962297916,0.039888359606266,0.3043941037308105,0.2958513039616033,1.0062815899669149,0.9955845656164276,0.042078785598278,0.0397807545959949,0.039554975926876,0.0414723642170429,0.0414621420204639,0.0420105867087841,0.0016168653964996962,0.0016234280663398695,0.0805997923016547,0.0394914634525775,0.0411083288490772,0.2958513039616033,0.09005539250698383,0.9955845656164276,1.001838419635019,0.0007743696352646043,0.9987296255385714,1,0,0
HuCD33 BsAb (Y-mAbs Therapeutics),CD3E,CD33,Acute Myeloid Leukemia | Hematologic Neoplasms,"Phase 1,2",2,1,0.736981987953186,0.1207557171583175,0.7350622415542603,0.1188045144081115,0.3243314437737325,0.3838881241508067,1.0024453429260909,1.0115589488648902,0.7345154881477356,0.1197304502129554,0.7241330146789551,0.1207243427634239,0.7432199120521545,0.1185455322265625,0.6162262707948686,0.08899478848804948,0.8577377051115035,0.1207557171583175,0.736981987953186,0.3243314437737325,0.12450698955342102,1.0024453429260909,1.0140325573848208,0.026445637963114145,0.99938230917256,1,0,0
IBI-321,PDCD1,TIGIT,Tumor of advanced extent | Neoplasms | Advanced Malignant Solid Neoplasm,"Phase 1,2",2,1,0.0371215306222438,0.1678885519504547,0.0368414930999279,0.1682288646697998,0.2913144945871229,0.3933687403676078,1.003224697230778,0.9984405696292284,0.0363958217203617,0.1612036675214767,0.0375192314386367,0.1679251939058303,0.0369100831449031,0.1677955389022827,0.13076702132821091,0.006232280022352973,0.2050100825726985,0.0371215306222438,0.1678885519504547,0.2913144945871229,0.11459401578656284,0.9984405696292284,1.0016602381692081,0.0027714328674893138,0.9973643354321027,0,1,0
IBI-323,LAG3,CD274,Neoplasms,"Phase 1,2",2,1,0.0885069444775581,0.0394914634525775,0.0936155393719673,0.039888359606266,0.3563741201757921,0.2958513039616033,0.9644286759166234,0.9955845656164276,0.09308572858572,0.0397807545959949,0.089312344789505,0.0414723642170429,0.0903282389044761,0.0420105867087841,0.049015481024980594,0.0034952687631347916,0.1279984079301356,0.0394914634525775,0.0885069444775581,0.2958513039616033,0.10543374815217722,0.9644286759166234,0.9601703043804779,0.0019136643338377053,0.9975851139421342,0,1,0
IBI-389,CD3,CLDN18.2,Advanced Malignant Solid Neoplasm | Tumor of advanced extent | Solid tumor,"Phase 1,2",2,1,0.0687058418989181,0.0687058418989181,0.0662170052528381,0.0662170052528381,0.3349080558811468,0.3349080558811468,1.002538754437549,1.002538754437549,0.067636601626873,0.067636601626873,0.0669665038585662,0.0669665038585662,0.0698165446519851,0.0698165446519851,0.0,0.004720492711039129,0.1374116837978362,0.0687058418989181,0.0687058418989181,0.3349080558811468,0.11216340589408935,1.002538754437549,1.0050839541491923,0.0014767354040635988,1.0000000000000002,0,0,0
IBI319,TNFRSF9,PDCD1,Neoplasms | Tumor of advanced extent,"Phase 1,2",2,1,0.0411083288490772,0.0371215306222438,0.0405395962297916,0.0368414930999279,0.3043941037308105,0.2913144945871229,1.0062815899669149,1.003224697230778,0.042078785598278,0.0363958217203617,0.039554975926876,0.0375192314386367,0.0414621420204639,0.0369100831449031,0.003986798226833399,0.0015260040882002872,0.078229859471321,0.0371215306222438,0.0411083288490772,0.2913144945871229,0.08867441448364131,1.003224697230778,1.009526543423464,0.0007332576473560097,0.996657928650251,1,0,0
IGM-2644,CD3E,CD38,Plasma cell myeloma refractory | Relapse multiple myeloma,"Phase 1,2",2,1,0.736981987953186,0.1074885353446006,0.7350622415542603,0.1087568327784538,0.3243314437737325,0.37467679369076,1.0024453429260909,0.9920110686787064,0.7345154881477356,0.1058180555701255,0.7241330146789551,0.1106639802455902,0.7432199120521545,0.109743058681488,0.6294934526085855,0.07921711446044005,0.8444705232977866,0.1074885353446006,0.736981987953186,0.3243314437737325,0.12151946544623711,0.9920110686787064,0.9944368759281037,0.023948815161010086,0.9996958627149904,1,0,0
IMA-401,MAGEA4,MAGEA8,Refractory Cancer | Solid tumor,"Phase 1,2",2,1,0.0027021639980375,0.0,0.0015350622124969,0.0,0.0497876013414117,0.0,1.0226467522388585,1.0,0.001925376127474,0.0,0.0015859864652156,0.0,0.0018646996468305,2.742205288086552e-05,0.0027021639980375,0.0,0.0027021639980375,0.0,0.0027021639980375,0.0,0.0,1.0,1.0226467522388585,0.0,0.4141689516131594,0,0,0
IMB071703,TNFRSF9,CD40,Advanced Malignant Solid Neoplasm,"Phase 1,2",2,1,0.0411083288490772,0.2458526194095611,0.0405395962297916,0.2523316740989685,0.3043941037308105,0.3797339301663551,1.0062815899669149,0.978569712522789,0.042078785598278,0.2438085228204727,0.039554975926876,0.2444076240062713,0.0414621420204639,0.2505553066730499,0.2047442905604839,0.010106590327095257,0.28696094825863827,0.0411083288490772,0.2458526194095611,0.3043941037308105,0.11558876932916584,0.978569712522789,0.9847166862108989,0.0038848012684038146,0.9995555211136411,1,0,0
IMGS-001,CD274,PDCD1LG2,Solid tumor | Neoplasms,"Phase 1,2",2,1,0.0394914634525775,0.0225032661110162,0.039888359606266,0.0231887437403202,0.2958513039616033,0.230530768326318,0.9955845656164276,0.9906341112817012,0.0397807545959949,0.0224057883024215,0.0414723642170429,0.0228192694485187,0.0420105867087841,0.0245427377521991,0.0169881973415613,0.0008886869111868221,0.0619947295635937,0.0225032661110162,0.0394914634525775,0.230530768326318,0.06820282841261145,0.9906341112817012,0.9862600313652083,0.000593593448634889,0.9970262888539736,0,0,0
IMM-2510,CD274,VEGFA,Advanced Malignant Solid Neoplasm | Solid tumor | Tumor of advanced extent,"Phase 1,2",2,1,0.0394914634525775,0.3522780239582062,0.039888359606266,0.3303407430648803,0.2958513039616033,0.4175137819573727,0.9955845656164276,1.0576779671737235,0.0397807545959949,0.3407605290412903,0.0414723642170429,0.341223806142807,0.0420105867087841,0.3476842045783996,0.3127865605056287,0.013911974708291721,0.39176948741078366,0.0394914634525775,0.3522780239582062,0.2958513039616033,0.12352199681402924,0.9955845656164276,1.0530078595107177,0.004072860503247117,0.999448752667272,0,0,1
IMM-2520,CD47,CD274,Breast Cancer | Colorectal Cancer | Non-Small Cell Lung Cancer | Small Cell Lung Cancer | Squamous Cell Carcinoma of Head and Neck | Advanced Malignant Solid Neoplasm | Solid tumor,"Phase 1,2",2,1,1.0568561553955078,0.0394914634525775,1.0716129541397097,0.039888359606266,0.2853614815892538,0.2958513039616033,0.9868432343887108,0.9955845656164276,1.0485692024230957,0.0397807545959949,1.054349660873413,0.0414723642170429,1.0603833198547363,0.0420105867087841,1.0173646919429302,0.04173679623543326,1.0963476188480854,0.0394914634525775,1.0568561553955078,0.2853614815892538,0.08442456642859579,0.9868432343887108,0.9824858928403951,0.012500538397842924,0.9996069715827993,0,0,0
INCA-33890,PDCD1,TGFBR2,Advanced Malignant Solid Neoplasm | Metastatic Solid Tumor | Solid tumor,"Phase 1,2",2,1,0.0371215306222438,0.2582338452339172,0.0368414930999279,0.2558669745922088,0.2913144945871229,0.3763492352413082,1.003224697230778,1.007738235371321,0.0363958217203617,0.2572706341743469,0.0375192314386367,0.2546810209751129,0.0369100831449031,0.2544766366481781,0.22111231461167338,0.009586035593550622,0.295355375856161,0.0371215306222438,0.2582338452339172,0.2913144945871229,0.10963598725257191,1.003224697230778,1.0109878860682717,0.005180069268342554,0.9975949495511456,0,0,0
INCA32459,LAG3,PDCD1,Neoplasms,"Phase 1,2",2,1,0.0885069444775581,0.0371215306222438,0.0936155393719673,0.0368414930999279,0.3563741201757921,0.2913144945871229,0.9644286759166234,1.003224697230778,0.09308572858572,0.0363958217203617,0.089312344789505,0.0375192314386367,0.0903282389044761,0.0369100831449031,0.051385413855314296,0.003285513249704904,0.1256284750998019,0.0371215306222438,0.0885069444775581,0.2913144945871229,0.10381694670294148,0.9644286759166234,0.9675386663971345,0.00181206615465941,0.9952051920995237,0,1,0
Inezetamab,CD40,MSLN,Advanced Malignant Solid Neoplasm,"Phase 1,2",2,1,0.2458526194095611,0.1357283592224121,0.2523316740989685,0.1306430995464325,0.3797339301663551,0.4129907097687201,0.978569712522789,1.0281508659270568,0.2438085228204727,0.1386736631393432,0.2444076240062713,0.1350929141044616,0.2505553066730499,0.135190725326538,0.11012426018714899,0.03336917264299188,0.3815809786319732,0.1357283592224121,0.2458526194095611,0.3797339301663551,0.15682658534266858,0.978569712522789,1.0061172973002965,0.005336525784209773,0.9977326181240502,0,0,0
JNJ-67571244,CD3E,CD33,Myelodysplastic Syndromes | Refractory acute myeloid leukemia,"Phase 1,2",2,1,0.736981987953186,0.1207557171583175,0.7350622415542603,0.1188045144081115,0.3243314437737325,0.3838881241508067,1.0024453429260909,1.0115589488648902,0.7345154881477356,0.1197304502129554,0.7241330146789551,0.1207243427634239,0.7432199120521545,0.1185455322265625,0.6162262707948686,0.08899478848804948,0.8577377051115035,0.1207557171583175,0.736981987953186,0.3243314437737325,0.12450698955342102,1.0024453429260909,1.0140325573848208,0.026445637963114145,0.99938230917256,1,0,0
JNJ-70218902,CD3E,TMEFF2,Advanced Malignant Solid Neoplasm,"Phase 1,2",2,1,0.736981987953186,0.0032115883659571,0.7350622415542603,0.0038376555312424,0.3243314437737325,0.0561706335135108,1.0024453429260909,0.98837120303424,0.7345154881477356,0.0028104281518608,0.7241330146789551,0.0038111018948256,0.7432199120521545,0.0033454904332756,0.7337703995872289,0.002366882778430388,0.7401935763191432,0.0032115883659571,0.736981987953186,0.0561706335135108,0.018217902665122163,0.98837120303424,0.9907881095639317,0.0006722215236433843,0.987056820185571,1,0,0
JNJ-75348780,CD22,CD3E,B-Cell Chronic Lymphocytic Leukemia | Non-Hodgkin Lymphoma,"Phase 1,2",2,1,0.0799131765961647,0.736981987953186,0.0787068232893943,0.7350622415542603,0.3618876210800308,0.3243314437737325,1.009372877645017,1.0024453429260909,0.0791112184524536,0.7345154881477356,0.0790389403700828,0.7241330146789551,0.0765897929668426,0.7432199120521545,0.6570688113570213,0.058894571751495484,0.8168951645493507,0.0799131765961647,0.736981987953186,0.3243314437737325,0.11737153462872783,1.0024453429260909,1.0118411404711543,0.018822202662015324,0.9996282033613215,1,0,0
JNJ-78278343,CD3E,KLK2,Prostatic Cancer | Metastatic castration-resistant prostate cancer | Castration-Resistant Prostatic Cancer | Advanced Prostate Carcinoma,"Phase 1,2",2,1,0.736981987953186,0.0004651265917345,0.7350622415542603,0.0006512385443784,0.3243314437737325,0.0090936532811131,1.0024453429260909,0.9963256189188586,0.7345154881477356,0.0005589801585301,0.7241330146789551,0.0007338146679103,0.7432199120521545,0.0005210189847275,0.7365168613614516,0.0003427899202263818,0.7374471145449205,0.0004651265917345,0.736981987953186,0.0090936532811131,0.0029493576978411517,0.9963256189188586,0.998761976723165,0.00015512804391769124,0.9872521486275425,1,0,0
JNJ-78306358,CD3E,HLA-G,Advanced Malignant Solid Neoplasm,"Phase 1,2",2,1,0.736981987953186,0.0723604038357734,0.7350622415542603,0.0693569034337997,0.3243314437737325,0.3667844648371205,1.0024453429260909,1.0251640275138303,0.7345154881477356,0.070431500673294,0.7241330146789551,0.0706829205155372,0.7432199120521545,0.0734362602233886,0.6646215841174127,0.05332831426798363,0.8093423917889594,0.0723604038357734,0.736981987953186,0.3243314437737325,0.11895973503439912,1.0024453429260909,1.027670905116594,0.00941848838071803,0.9997540267119145,1,0,0
JNJ-87189401,CD28,FOLH1,Prostatic Cancer,"Phase 1,2",2,1,0.0621497705578804,0.0090145962312817,0.0568903349339962,0.0096290269866585,0.3493032438368902,0.1305335044641855,1.0492040335277446,0.9896957776031748,0.0596556067466735,0.0086952466517686,0.0595100000500679,0.009113504551351,0.0592042133212089,0.0089121675118803,0.0531351743265987,0.000560255087446091,0.0711643667891621,0.0090145962312817,0.0621497705578804,0.1305335044641855,0.045595776538737184,0.9896957776031748,1.0383928018266286,0.00031003680166058646,0.9473662333786277,1,0,0
K193 bispecific antibody,CD19,CD3E,B-cell lymphoma recurrent | Leukemia,"Phase 1,2",2,1,0.064342513680458,0.736981987953186,0.0662170052528381,0.7350622415542603,0.3396251482844286,0.3243314437737325,0.9838707634196736,1.0024453429260909,0.0652454048395156,0.7345154881477356,0.0630370453000068,0.7241330146789551,0.0646611973643302,0.7432199120521545,0.6726394742727281,0.04741927364212901,0.801324501633644,0.064342513680458,0.736981987953186,0.3243314437737325,0.11015111468495671,0.9838707634196736,0.9862766648311896,0.015571900789453794,0.9999607610080415,1,0,0
LB-4330,CD8,CLDN18.2,Advanced Malignant Solid Neoplasm | Solid tumor | Pancreatic Cancer | Stomach Cancer,"Phase 1,2",2,1,0.0687058418989181,0.0687058418989181,0.0662170052528381,0.0662170052528381,0.3349080558811468,0.3349080558811468,1.002538754437549,1.002538754437549,0.067636601626873,0.067636601626873,0.0669665038585662,0.0669665038585662,0.0698165446519851,0.0698165446519851,0.0,0.004720492711039129,0.1374116837978362,0.0687058418989181,0.0687058418989181,0.3349080558811468,0.11216340589408935,1.002538754437549,1.0050839541491923,0.0014767354040635988,1.0000000000000002,0,0,0
LNF1904,CD19,CD3E,B-Cell Malignant Neoplasm,"Phase 1,2",2,1,0.064342513680458,0.736981987953186,0.0662170052528381,0.7350622415542603,0.3396251482844286,0.3243314437737325,0.9838707634196736,1.0024453429260909,0.0652454048395156,0.7345154881477356,0.0630370453000068,0.7241330146789551,0.0646611973643302,0.7432199120521545,0.6726394742727281,0.04741927364212901,0.801324501633644,0.064342513680458,0.736981987953186,0.3243314437737325,0.11015111468495671,0.9838707634196736,0.9862766648311896,0.015571900789453794,0.9999607610080415,1,0,0
LOR-S03,CD27,CD274,Breast Cancer | Cholangiocarcinoma | Esophageal Carcinoma | Fallopian Tube Carcinoma | Liver Cancer | Microsatellite instability-high colorectal cancer | Non-Small Cell Lung Cancer | Ovarian Cancer | Primary peritoneal carcinoma | Renal Cell Carcinoma | Stomach Cancer | Urothelial Carcinoma of the Urinary Bladder,"Phase 1,2",2,1,0.3675386011600494,0.0394914634525775,0.3589021861553192,0.039888359606266,0.3843166406304593,0.2958513039616033,1.0211209802665366,0.9955845656164276,0.3574988842010498,0.0397807545959949,0.3622913956642151,0.0414723642170429,0.3672909736633301,0.0420105867087841,0.3280471377074719,0.01451463723512355,0.40703006461262686,0.0394914634525775,0.3675386011600494,0.2958513039616033,0.11370057926466427,0.9955845656164276,1.0166122875804806,0.005922443726152646,0.9990835765422462,1,0,0
LY-3415244,CD274,HAVCR2,Neoplasms,"Phase 1,2",2,1,0.0394914634525775,0.221754640340805,0.039888359606266,0.2168159037828445,0.2958513039616033,0.39601285186522,0.9955845656164276,1.018509903225184,0.0397807545959949,0.2182196527719497,0.0414723642170429,0.2147709727287292,0.0420105867087841,0.2184989154338836,0.1822631768882275,0.008757415274458369,0.2612461037933825,0.0394914634525775,0.221754640340805,0.2958513039616033,0.11716091860987858,0.9955845656164276,1.0140127395784746,0.003948070971431827,0.9995672491218652,0,1,0
M-802,CD3E,ERBB2,Ovarian Cancer | Breast Cancer | Stomach Cancer | HER2 Positive Solid Tumors,"Phase 1,2",2,1,0.736981987953186,0.1458282619714737,0.7350622415542603,0.1440167427062988,0.3243314437737325,0.3952691077726624,1.0024453429260909,1.0093369223702364,0.7345154881477356,0.1456919759511947,0.7241330146789551,0.1421233266592025,0.7432199120521545,0.1540296673774719,0.5911537259817123,0.10747280240749468,0.8828102499246597,0.1458282619714737,0.736981987953186,0.3243314437737325,0.12819820040306268,1.0024453429260909,1.0118050972733967,0.02648996026137635,0.9997368024735713,1,0,0
MCLA-145,TNFRSF9,CD274,Advanced cancer | B-Cell Lymphoma | Solid tumor,"Phase 1,2",2,1,0.0411083288490772,0.0394914634525775,0.0405395962297916,0.039888359606266,0.3043941037308105,0.2958513039616033,1.0062815899669149,0.9955845656164276,0.042078785598278,0.0397807545959949,0.039554975926876,0.0414723642170429,0.0414621420204639,0.0420105867087841,0.0016168653964996962,0.0016234280663398695,0.0805997923016547,0.0394914634525775,0.0411083288490772,0.2958513039616033,0.09005539250698383,0.9955845656164276,1.001838419635019,0.0007743696352646043,0.9987296255385714,1,0,0
MGD-007,CD3E,GPA33,Colorectal Cancer,"Phase 1,2",2,1,0.736981987953186,0.0392256751656532,0.7350622415542603,0.0420746617019176,0.3243314437737325,0.2898954128109565,1.0024453429260909,0.969057865827542,0.7345154881477356,0.0412247888743877,0.7241330146789551,0.0384424179792404,0.7432199120521545,0.0385554060339927,0.6977563127875328,0.028908616062389016,0.7762076631188393,0.0392256751656532,0.736981987953186,0.2898954128109565,0.09402219778035971,0.969057865827542,0.9714275446247161,0.009440649529849115,0.9982700675107287,1,0,0
MGD-024,IL3RA,CD3E,Hematologic Neoplasms | Acute Myeloid Leukemia | B-Cell Leukemia | Blastic Plasmacytoid Dendritic Cell Neoplasm | Chronic Myelogenous Leukemia | Classical Hodgkin's Lymphoma | Hairy Cell Leukemia | Myelodysplastic Syndromes | Systemic Mastocytosis,"Phase 1,2",2,1,0.0737114921212196,0.736981987953186,0.0763344541192054,0.7350622415542603,0.3510154527042275,0.3243314437737325,0.9792379520197168,1.0024453429260909,0.074499636888504,0.7345154881477356,0.0712747052311897,0.7241330146789551,0.0758768171072006,0.7432199120521545,0.6632704958319664,0.05432404199849203,0.8106934800744057,0.0737114921212196,0.736981987953186,0.3243314437737325,0.11384534856245243,0.9792379520197168,0.9816325246186479,0.015209935353645824,0.99750948768851,1,0,0
NBL-015,TNFRSF9,CLDN18,Advanced Malignant Solid Neoplasm | CLDN18.2 positive  Solid Tumors | Solid tumor | Pancreatic Cancer | Stomach Cancer,"Phase 1,2",2,1,0.0411083288490772,0.0524928569793701,0.0405395962297916,0.0540760569274425,0.3043941037308105,0.3289381011593739,1.0062815899669149,0.9847880483291545,0.042078785598278,0.053786315023899,0.039554975926876,0.0516037419438362,0.0414621420204639,0.0546247288584709,0.011384528130292906,0.002157893626935523,0.0936011858284473,0.0411083288490772,0.0524928569793701,0.3043941037308105,0.10012681848532229,0.9847880483291545,0.9909740830530765,0.00044716326574552453,0.9948685777926004,1,0,0
NBL-028,TNFRSF9,CLDN6,Advanced Malignant Solid Neoplasm | CLDN6-positive Solid Tumors | Stomach Cancer | Endometrial Carcinoma | Non-Small Cell Lung Cancer | Ovarian Cancer | Testicular Neoplasms,"Phase 1,2",2,1,0.0411083288490772,0.0349730886518955,0.0405395962297916,0.031980462372303,0.3043941037308105,0.2967179597916497,1.0062815899669149,1.036504140047441,0.042078785598278,0.0315979085862636,0.039554975926876,0.0374008752405643,0.0414621420204639,0.0322209112346172,0.006135240197181695,0.0014376852291700503,0.07608141750097269,0.0349730886518955,0.0411083288490772,0.2967179597916497,0.09031919743161389,1.0062815899669149,1.0430150340542288,0.00021400760829130776,0.956743036035933,1,0,0
NG-641,CD3E,FAP,Glandular and Epithelial Neoplasms | Neoplasm Metastasis | Carcinoma,"Phase 1,2",2,1,0.736981987953186,0.0157035589218139,0.7350622415542603,0.0169089436531066,0.3243314437737325,0.188207968448754,1.0024453429260909,0.9819846994216184,0.7345154881477356,0.0173749662935733,0.7241330146789551,0.0155284646898508,0.7432199120521545,0.0191131699830293,0.7212784290313722,0.011573240072138398,0.7526855468749999,0.0157035589218139,0.736981987953186,0.188207968448754,0.06104176213670549,0.9819846994216184,0.9843859887598785,0.0032872371211133513,0.9853524907477456,1,0,0
NI-1801,CD47,MSLN,Mesothelin positive Solid Tumors | Non-squamous non-small cell lung cancer | Ovarian Epithelial Carcinoma | Triple Negative Breast Cancer | Solid tumor,"Phase 1,2",2,1,1.0568561553955078,0.1357283592224121,1.0716129541397097,0.1306430995464325,0.2853614815892538,0.4129907097687201,0.9868432343887108,1.0281508659270568,1.0485692024230957,0.1386736631393432,1.054349660873413,0.1350929141044616,1.0603833198547363,0.135190725326538,0.9211277961730957,0.14344535190593888,1.19258451461792,0.1357283592224121,1.0568561553955078,0.2853614815892538,0.11785164082219947,0.9868432343887108,1.0146237259710105,0.014336981129744204,0.9993227333432517,0,0,0
NVG-111,CD3E,ROR1,Diffuse Large B-Cell Lymphoma | Follicular Lymphoma | Melanoma | Non-Small Cell Lung Cancer | Small Lymphocytic Lymphoma,"Phase 1,2",2,1,0.736981987953186,0.0114731220528483,0.7350622415542603,0.0120246540755033,0.3243314437737325,0.1544750715903064,1.0024453429260909,0.9911078581432534,0.7345154881477356,0.0121267642825841,0.7241330146789551,0.0114569775760173,0.7432199120521545,0.012367345392704,0.7255088659003377,0.008455484298537678,0.7484551100060344,0.0114731220528483,0.736981987953186,0.1544750715903064,0.05010112299593477,0.9911078581432534,0.9935314567331571,0.0032946241708237014,0.9961942108043653,1,0,0
oHSV2-BsAb,CD3E,CD274,Solid tumor | Recurrent Cervical Cancer,"Phase 1,2",2,1,0.736981987953186,0.0394914634525775,0.7350622415542603,0.039888359606266,0.3243314437737325,0.2958513039616033,1.0024453429260909,0.9955845656164276,0.7345154881477356,0.0397807545959949,0.7241330146789551,0.0414723642170429,0.7432199120521545,0.0420105867087841,0.6974905245006086,0.02910449724246116,0.7764734514057635,0.0394914634525775,0.736981987953186,0.2958513039616033,0.0959538805562082,0.9955845656164276,0.998019111291283,0.010157193351754733,0.9995694660433668,1,0,0
ONO-4685,CD3E,PDCD1,Plaque psoriasis | T-cell lymphoma refractory | T-cell lymphoma recurrent,"Phase 1,2",2,1,0.736981987953186,0.0371215306222438,0.7350622415542603,0.0368414930999279,0.3243314437737325,0.2913144945871229,1.0024453429260909,1.003224697230778,0.7345154881477356,0.0363958217203617,0.7241330146789551,0.0375192314386367,0.7432199120521545,0.0369100831449031,0.6998604573309423,0.027357899433846304,0.7741035185754298,0.0371215306222438,0.736981987953186,0.2913144945871229,0.09448245062165675,1.0024453429260909,1.0056779256474309,0.009617938722897923,0.9984249783152489,1,0,0
Orlotamab,CD276,CD3E,Advanced Malignant Solid Neoplasm | Recurrent Carcinoma,"Phase 1,2",2,1,0.1288622170686721,0.736981987953186,0.1321548968553543,0.7350622415542603,0.3766942831236453,0.3243314437737325,0.9819237371955102,1.0024453429260909,0.1285343915224075,0.7345154881477356,0.1307610422372818,0.7241330146789551,0.1309951394796371,0.7432199120521545,0.608119770884514,0.09496913290732495,0.8658442050218581,0.1288622170686721,0.736981987953186,0.3243314437737325,0.12217380070680303,0.9819237371955102,0.9843248774602219,0.029252716853053657,0.9999360795055625,1,0,0
PF-07062119,CD3E,GUCY2C,Adenocarcinoma | Adenocarcinoma of large intestine | stomach adenocarcinoma,"Phase 1,2",2,1,0.736981987953186,0.0042082881554961,0.7350622415542603,0.0047679962590336,0.3243314437737325,0.0710386114433816,1.0024453429260909,0.9897803801166956,0.7345154881477356,0.0044873687438666,0.7241330146789551,0.004473902285099,0.7432199120521545,0.0046891709789633,0.7327736997976899,0.003101432570717362,0.7411902761086822,0.0042082881554961,0.736981987953186,0.0710386114433816,0.02304005541311315,0.9897803801166956,0.9922007325675974,0.0013148948484453338,0.9992916065275886,1,0,0
PF-07257876,CD47,CD274,Non-Small Cell Lung Cancer | Ovarian Cancer | Squamous Cell Carcinoma of Head and Neck | Ovarian Epithelial Carcinoma,"Phase 1,2",2,1,1.0568561553955078,0.0394914634525775,1.0716129541397097,0.039888359606266,0.2853614815892538,0.2958513039616033,0.9868432343887108,0.9955845656164276,1.0485692024230957,0.0397807545959949,1.054349660873413,0.0414723642170429,1.0603833198547363,0.0420105867087841,1.0173646919429302,0.04173679623543326,1.0963476188480854,0.0394914634525775,1.0568561553955078,0.2853614815892538,0.08442456642859579,0.9868432343887108,0.9824858928403951,0.012500538397842924,0.9996069715827993,0,0,0
Plamotamab,MS4A1,CD3E,B-Cell Chronic Lymphocytic Leukemia | B-Cell Lymphoma | CD20 positive Hematologic Neoplasms,"Phase 1,2",2,1,0.3328534364700317,0.736981987953186,0.3374113142490387,0.7350622415542603,0.4109104902294773,0.3243314437737325,0.9882350421596696,1.0024453429260909,0.3303883373737335,0.7345154881477356,0.3282518684864044,0.7241330146789551,0.3216332495212555,0.7432199120521545,0.40412855148315435,0.24530698730673348,1.0698354244232178,0.3328534364700317,0.736981987953186,0.3243314437737325,0.13327119255789857,0.9882350421596696,0.9906516157293299,0.03673579820965552,0.9998183393155541,1,0,0
PM-1009,PVRIG,TIGIT,Advanced cancer | Neoplasms | Tumor of advanced extent | Lung Cancer,"Phase 1,2",2,1,0.0028572061564773,0.1678885519504547,0.0033027096651494,0.1682288646697998,0.0507094080705659,0.3933687403676078,0.9916420101066008,0.9984405696292284,0.0029967548325657,0.1612036675214767,0.0025091727729886,0.1679251939058303,0.0027147831860929,0.1677955389022827,0.1650313457939774,0.00047969220423489824,0.17074575810693202,0.0028572061564773,0.1678885519504547,0.0507094080705659,0.019947495977505513,0.9916420101066008,0.9900956134391076,0.0002703317773971854,0.9974135871511285,0,0,0
PM-1080,EGFR,MET,Non-Small Cell Lung Cancer | Advanced Malignant Solid Neoplasm,"Phase 1,2",2,1,0.2500387728214264,0.2726970613002777,0.2226305454969406,0.2730317413806915,0.4410472192302643,0.4203732279753822,1.100532489030263,0.998963940574436,0.2356877774000167,0.2747542858123779,0.2406675368547439,0.2727423310279846,0.2502810657024383,0.2936901748180389,0.02265828847885132,0.06818483855953072,0.5227358341217041,0.2500387728214264,0.2726970613002777,0.4203732279753822,0.18540444323739225,0.998963940574436,1.0993922719718638,0.00641954144640202,0.9994485690962657,0,0,0
PM-8001,PDL1,TGF-Β,Lung Cancer | Human Papillomavirus Infection | Non-Small Cell Lung Cancer,"Phase 1,2",2,1,0.0687058418989181,0.0687058418989181,0.0662170052528381,0.0662170052528381,0.3349080558811468,0.3349080558811468,1.002538754437549,1.002538754437549,0.067636601626873,0.067636601626873,0.0669665038585662,0.0669665038585662,0.0698165446519851,0.0698165446519851,0.0,0.004720492711039129,0.1374116837978362,0.0687058418989181,0.0687058418989181,0.3349080558811468,0.11216340589408935,1.002538754437549,1.0050839541491923,0.0014767354040635988,1.0000000000000002,0,0,0
PT217,CD47,DLL3,Large cell neuroendocrine carcinoma | Prostate Neuroendocrine Carcinoma | Small Cell Lung Cancer,"Phase 1,2",2,1,1.0568561553955078,0.0083279805257916,1.0716129541397097,0.0079311551526188,0.2853614815892538,0.1248928920695039,0.9868432343887108,1.006849947530432,1.0485692024230957,0.0088349925354123,1.054349660873413,0.008379690349102,1.0603833198547363,0.008308881893754,1.0485281748697162,0.00880147748069677,1.0651841359212995,0.0083279805257916,1.0568561553955078,0.1248928920695039,0.0356396207209204,0.9868432343887108,0.9936030587650353,0.002709207594587035,0.9990893565050721,0,0,0
Q-1801,CD274,SIRPA,Neoplasms | Solid tumor,"Phase 1,2",2,1,0.0394914634525775,0.1832598745822906,0.039888359606266,0.1815792471170425,0.2958513039616033,0.3951860349793112,0.9955845656164276,1.0072572455700173,0.0397807545959949,0.1780662387609481,0.0414723642170429,0.177441120147705,0.0420105867087841,0.1837551742792129,0.1437684111297131,0.007237200639390465,0.2227513380348681,0.0394914634525775,0.1832598745822906,0.2958513039616033,0.116916303756045,0.9955845656164276,1.002809767294825,0.0031905647864125305,0.9998862751517266,0,0,0
QL-325,CD3E,CLEC12A,Acute Myeloid Leukemia | Neoplasms,"Phase 1,2",2,1,0.736981987953186,0.135684072971344,0.7350622415542603,0.1352715492248535,0.3243314437737325,0.3897719057153861,1.0024453429260909,1.0022265898256717,0.7345154881477356,0.1334254592657089,0.7241330146789551,0.1356846988201141,0.7432199120521545,0.1307757645845413,0.601297914981842,0.09999671783200625,0.87266606092453,0.135684072971344,0.736981987953186,0.3243314437737325,0.12641528492311033,1.0022265898256717,1.004677377527442,0.025780803489181117,0.9996197691538539,1,0,0
QL-335,CD3E,LY6G6D,Colorectal Cancer,"Phase 1,2",2,1,0.736981987953186,4.429776890901849e-05,0.7350622415542603,0.0,0.3243314437737325,0.000885171156034,1.0024453429260909,1.0008859553781804,0.7345154881477356,1.552722642372828e-05,0.7241330146789551,0.0,0.7432199120521545,2.742205288086552e-05,0.736937690184277,3.264665779245928e-05,0.737026285722095,4.429776890901849e-05,0.736981987953186,0.000885171156034,0.0002870888390233711,1.0008859553781804,1.0033334647689882,1.4774099420734177e-05,0.6150568687549187,1,0,0
QL401,CD47,CD274,Neoplasms,"Phase 1,2",2,1,1.0568561553955078,0.0394914634525775,1.0716129541397097,0.039888359606266,0.2853614815892538,0.2958513039616033,0.9868432343887108,0.9955845656164276,1.0485692024230957,0.0397807545959949,1.054349660873413,0.0414723642170429,1.0603833198547363,0.0420105867087841,1.0173646919429302,0.04173679623543326,1.0963476188480854,0.0394914634525775,1.0568561553955078,0.2853614815892538,0.08442456642859579,0.9868432343887108,0.9824858928403951,0.012500538397842924,0.9996069715827993,0,0,0
QLP-31907,MS4A1,CD37,B-Cell Malignant Neoplasm | Indolent B-Cell Non-Hodgkin Lymphoma | Recurrent Indolent Non-Hodgkin Lymphoma,"Phase 1,2",2,1,0.3328534364700317,2.002502918243408,0.3374113142490387,1.998744010925293,0.4109104902294773,0.1982000460301713,0.9882350421596696,1.001834737428429,0.3303883373737335,2.003431558609009,0.3282518684864044,1.9776304960250852,0.3216332495212555,1.9664080142974851,1.6696494817733765,0.6665399778785853,2.33535635471344,0.3328534364700317,2.002502918243408,0.1982000460301713,0.08144247807776266,0.9882350421596696,0.9900481939796052,0.06604539308884277,0.9999551274574348,0,0,0
QLS31904,CD3E,DLL3,Advanced Malignant Solid Neoplasm | Solid tumor | Unresectable Solid Neoplasm | Small Cell Lung Cancer,"Phase 1,2",2,1,0.736981987953186,0.0083279805257916,0.7350622415542603,0.0079311551526188,0.3243314437737325,0.1248928920695039,1.0024453429260909,1.006849947530432,0.7345154881477356,0.0088349925354123,0.7241330146789551,0.008379690349102,0.7432199120521545,0.008308881893754,0.7286540074273944,0.006137571643533313,0.7453099684789777,0.0083279805257916,0.736981987953186,0.1248928920695039,0.04050669200197914,1.0024453429260909,1.0093120409272605,0.002201340813689379,0.9970972677330034,1,0,0
RC-148,PDCD1,VEGFA,Locally Advanced Malignant Solid Neoplasm | Malignant Solid Neoplasm,"Phase 1,2",2,1,0.0371215306222438,0.3522780239582062,0.0368414930999279,0.3303407430648803,0.2913144945871229,0.4175137819573727,1.003224697230778,1.0576779671737235,0.0363958217203617,0.3407605290412903,0.0375192314386367,0.341223806142807,0.0369100831449031,0.3476842045783996,0.3151564933359624,0.013077099453908085,0.38939955458044995,0.0371215306222438,0.3522780239582062,0.2913144945871229,0.12162781637407026,1.003224697230778,1.0610886583855235,0.0038566286365292646,0.9997188061186437,0,0,1
Recombinant anti-HER2/CD3 humanized bispecific antibody(Sichuan Luzhou Buchang Pharmaceuticals),CD3E,ERBB2,HER2 Positive Solid Tumors | Solid tumor,"Phase 1,2",2,1,0.736981987953186,0.1458282619714737,0.7350622415542603,0.1440167427062988,0.3243314437737325,0.3952691077726624,1.0024453429260909,1.0093369223702364,0.7345154881477356,0.1456919759511947,0.7241330146789551,0.1421233266592025,0.7432199120521545,0.1540296673774719,0.5911537259817123,0.10747280240749468,0.8828102499246597,0.1458282619714737,0.736981987953186,0.3243314437737325,0.12819820040306268,1.0024453429260909,1.0118050972733967,0.02648996026137635,0.9997368024735713,1,0,0
Recombinant humanized anti-BCMA/CD3 bispecific antibody(Shandong New Time Pharmaceutical Co. Ltd.),TNFRSF17,CD3E,Relapse multiple myeloma,"Phase 1,2",2,1,0.040244523435831,0.736981987953186,0.0402837544679641,0.7350622415542603,0.3027197340691121,0.3243314437737325,0.9995654696421932,1.0024453429260909,0.0414421670138835,0.7345154881477356,0.0414013490080833,0.7241330146789551,0.0406943261623382,0.7432199120521545,0.6967374645173551,0.029659488885967315,0.777226511389017,0.040244523435831,0.736981987953186,0.3027197340691121,0.0981815284094355,0.9995654696421932,1.0020097499925473,0.006072154861921742,0.9987171668478415,1,0,0
Recombinant PD-1/TIM3 bispecific antibody(L&L vision biopharmaceuticals),PDCD1,HAVCR2,Neoplasms | Advanced Malignant Solid Neoplasm | Lymphoma | Tumor of advanced extent | Colorectal Cancer | Non-Small Cell Lung Cancer,"Phase 1,2",2,1,0.0371215306222438,0.221754640340805,0.0368414930999279,0.2168159037828445,0.2913144945871229,0.39601285186522,1.003224697230778,1.018509903225184,0.0363958217203617,0.2182196527719497,0.0375192314386367,0.2147709727287292,0.0369100831449031,0.2184989154338836,0.1846331097185612,0.008231871672035852,0.2588761709630488,0.0371215306222438,0.221754640340805,0.2913144945871229,0.11536428379112174,1.003224697230778,1.0217942892896341,0.0037384642944030774,0.99766605999583,0,1,0
REGN-5837,CD22,CD28,Aggressive B-Cell Non-Hodgkin Lymphoma | B-Cell Lymphoma | Diffuse Large B-Cell Lymphoma,"Phase 1,2",2,1,0.0799131765961647,0.0621497705578804,0.0787068232893943,0.0568903349339962,0.3618876210800308,0.3493032438368902,1.009372877645017,1.0492040335277446,0.0791112184524536,0.0596556067466735,0.0790389403700828,0.0595100000500679,0.0765897929668426,0.0592042133212089,0.017763406038284302,0.004966585590003014,0.1420629471540451,0.0621497705578804,0.0799131765961647,0.3493032438368902,0.12640851994767013,1.009372877645017,1.0590380945586586,0.0030037025499284613,0.9977596018982018,1,0,0
REMD-532,PDCD1,TIGIT,Solid tumor,"Phase 1,2",2,1,0.0371215306222438,0.1678885519504547,0.0368414930999279,0.1682288646697998,0.2913144945871229,0.3933687403676078,1.003224697230778,0.9984405696292284,0.0363958217203617,0.1612036675214767,0.0375192314386367,0.1679251939058303,0.0369100831449031,0.1677955389022827,0.13076702132821091,0.006232280022352973,0.2050100825726985,0.0371215306222438,0.1678885519504547,0.2913144945871229,0.11459401578656284,0.9984405696292284,1.0016602381692081,0.0027714328674893138,0.9973643354321027,0,1,0
Reozalimab,PDCD1,CD274,Small Cell Lung Cancer | Advanced cancer | Tumor of advanced extent,"Phase 1,2",2,1,0.0371215306222438,0.0394914634525775,0.0368414930999279,0.039888359606266,0.2913144945871229,0.2958513039616033,1.003224697230778,0.9955845656164276,0.0363958217203617,0.0397807545959949,0.0375192314386367,0.0414723642170429,0.0369100831449031,0.0420105867087841,0.0023699328303337028,0.0014659835698720774,0.0766129940748213,0.0371215306222438,0.0394914634525775,0.2913144945871229,0.08618577308651573,0.9955845656164276,0.9987950244081761,0.0008782484887757093,0.9986444433383105,0,1,0
RG-6333,CD19,CD28,Non-Hodgkin Lymphoma,"Phase 1,2",2,1,0.064342513680458,0.0621497705578804,0.0662170052528381,0.0568903349339962,0.3396251482844286,0.3493032438368902,0.9838707634196736,1.0492040335277446,0.0652454048395156,0.0596556067466735,0.0630370453000068,0.0595100000500679,0.0646611973643302,0.0592042133212089,0.002192743122577598,0.0039988724623577455,0.12649228423833841,0.0621497705578804,0.064342513680458,0.3396251482844286,0.11863216598433575,0.9838707634196736,1.0322811734499429,0.0024850098019031357,0.9987114830874531,1,0,0
RG6129,CD3E,MAGEA4,Solid tumor,"Phase 1,2",2,1,0.736981987953186,0.0027021639980375,0.7350622415542603,0.0015350622124969,0.3243314437737325,0.0497876013414117,1.0024453429260909,1.0226467522388585,0.7345154881477356,0.001925376127474,0.7241330146789551,0.0015859864652156,0.7432199120521545,0.0018646996468305,0.7342798239551486,0.001991446195049206,0.7396841519512235,0.0027021639980375,0.736981987953186,0.0497876013414117,0.01614768462509108,1.0024453429260909,1.0251474742403357,0.0002807078889939476,0.9847205303536539,1,0,0
RO-7293583,CD3E,TYRP1,"Melanoma, Cutaneous Malignant | Metastatic melanoma | Mucosal Melanoma | Uveal Melanoma","Phase 1,2",2,1,0.736981987953186,0.0058473055250942,0.7350622415542603,0.0054657519795,0.3243314437737325,0.0950308761853986,1.0024453429260909,1.0068790836142496,0.7345154881477356,0.0062574725598096,0.7241330146789551,0.0059888744726777,0.7432199120521545,0.0065538706257939,0.7311346824280919,0.004309358850053572,0.7428292934782802,0.0058473055250942,0.736981987953186,0.0950308761853986,0.030821501276293142,1.0024453429260909,1.0093412482587947,0.0012779595998934816,0.9866413968536334,1,0,0
RO-7297089,TNFRSF17,FCGR3A,Plasma cell myeloma refractory | Relapse multiple myeloma,"Phase 1,2",2,1,0.040244523435831,1.1602472066879272,0.0402837544679641,1.13978374004364,0.3027197340691121,0.3864865631973361,0.9995654696421932,1.0171993161072588,0.0414421670138835,1.136282444000244,0.0414013490080833,1.1368446350097656,0.0406943261623382,1.1213973760604858,1.1200026832520962,0.04669359590090974,1.2004917301237583,0.040244523435831,1.1602472066879272,0.3027197340691121,0.11699710963238268,0.9995654696421932,1.0167573121244697,0.003952667150787416,0.9994803506847432,0,0,0
RO-7300490,CD40LG,FAP,Advanced Malignant Solid Neoplasm | Metastatic Solid Tumor,"Phase 1,2",2,1,0.071939580142498,0.0157035589218139,0.0685661137104034,0.0169089436531066,0.3576957186798642,0.188207968448754,1.028452197061415,0.9819846994216184,0.0740493461489677,0.0173749662935733,0.0669665038585662,0.0155284646898508,0.0722022652626037,0.0191131699830293,0.05623602122068411,0.0011297074355782705,0.0876431390643119,0.0157035589218139,0.071939580142498,0.188207968448754,0.06732118453555427,0.9819846994216184,1.0099243216008567,0.0005355022352298472,0.9775258675912526,0,0,0
Runimotamab,CD3E,ERBB2,HER2 Positive Cancer | Solid tumor | Breast Cancer,"Phase 1,2",2,1,0.736981987953186,0.1458282619714737,0.7350622415542603,0.1440167427062988,0.3243314437737325,0.3952691077726624,1.0024453429260909,1.0093369223702364,0.7345154881477356,0.1456919759511947,0.7241330146789551,0.1421233266592025,0.7432199120521545,0.1540296673774719,0.5911537259817123,0.10747280240749468,0.8828102499246597,0.1458282619714737,0.736981987953186,0.3243314437737325,0.12819820040306268,1.0024453429260909,1.0118050972733967,0.02648996026137635,0.9997368024735713,1,0,0
SG12473,CD47,CD274,Tumor of advanced extent,"Phase 1,2",2,1,1.0568561553955078,0.0394914634525775,1.0716129541397097,0.039888359606266,0.2853614815892538,0.2958513039616033,0.9868432343887108,0.9955845656164276,1.0485692024230957,0.0397807545959949,1.054349660873413,0.0414723642170429,1.0603833198547363,0.0420105867087841,1.0173646919429302,0.04173679623543326,1.0963476188480854,0.0394914634525775,1.0568561553955078,0.2853614815892538,0.08442456642859579,0.9868432343887108,0.9824858928403951,0.012500538397842924,0.9996069715827993,0,0,0
SG1408,CD274,VEGFA,Advanced Malignant Solid Neoplasm | Neoplasms,"Phase 1,2",2,1,0.0394914634525775,0.3522780239582062,0.039888359606266,0.3303407430648803,0.2958513039616033,0.4175137819573727,0.9955845656164276,1.0576779671737235,0.0397807545959949,0.3407605290412903,0.0414723642170429,0.341223806142807,0.0420105867087841,0.3476842045783996,0.3127865605056287,0.013911974708291721,0.39176948741078366,0.0394914634525775,0.3522780239582062,0.2958513039616033,0.12352199681402924,0.9955845656164276,1.0530078595107177,0.004072860503247117,0.999448752667272,0,0,1
SG1906,CD47,CLDN18,CLDN18.2 positive  Solid Tumors | Metastatic Solid Tumor | Unresectable Solid Neoplasm | CLDN18.2 Positive Advanced Malignant Solid Neoplasm,"Phase 1,2",2,1,1.0568561553955078,0.0524928569793701,1.0716129541397097,0.0540760569274425,0.2853614815892538,0.3289381011593739,0.9868432343887108,0.9847880483291545,1.0485692024230957,0.053786315023899,1.054349660873413,0.0516037419438362,1.0603833198547363,0.0546247288584709,1.0043632984161377,0.05547739901294334,1.109349012374878,0.0524928569793701,1.0568561553955078,0.2853614815892538,0.09386626389799477,0.9847880483291545,0.9718314228004888,0.007218492718463483,0.9871722406759758,0,0,0
SG2501,CD38,CD47,Hematologic Neoplasms | Lymphoma | Recurrent Hematologic Malignancy | Refractory Hematologic Malignancy,"Phase 1,2",2,1,0.1074885353446006,1.0568561553955078,0.1087568327784538,1.0716129541397097,0.37467679369076,0.2853614815892538,0.9920110686787064,0.9868432343887108,0.1058180555701255,1.0485692024230957,0.1106639802455902,1.054349660873413,0.109743058681488,1.0603833198547363,0.9493676200509072,0.11359992021338874,1.1643446907401085,0.1074885353446006,1.0568561553955078,0.2853614815892538,0.10691832496470645,0.9868432343887108,0.9789594115642961,0.02947399671695039,0.9995012198799051,0,0,0
SGN-BB228,TNFRSF9,MELTF,"Melanoma | Colorectal Cancer | Melanoma, Cutaneous Malignant | Mesothelioma | Non-Small Cell Lung Cancer | Pancreatic Cancer","Phase 1,2",2,1,0.0411083288490772,0.0687058418989181,0.0405395962297916,0.0662170052528381,0.3043941037308105,0.3349080558811468,1.0062815899669149,1.002538754437549,0.042078785598278,0.067636601626873,0.039554975926876,0.0669665038585662,0.0414621420204639,0.0698165446519851,0.0275975130498409,0.0028243823426334315,0.1098141707479953,0.0411083288490772,0.0687058418989181,0.3043941037308105,0.10194403750216988,1.002538754437549,1.0088362918188674,0.0009771136852247905,0.9993574059622684,1,0,0
SH-009,CD47,CD274,Tumor of advanced extent,"Phase 1,2",2,1,1.0568561553955078,0.0394914634525775,1.0716129541397097,0.039888359606266,0.2853614815892538,0.2958513039616033,0.9868432343887108,0.9955845656164276,1.0485692024230957,0.0397807545959949,1.054349660873413,0.0414723642170429,1.0603833198547363,0.0420105867087841,1.0173646919429302,0.04173679623543326,1.0963476188480854,0.0394914634525775,1.0568561553955078,0.2853614815892538,0.08442456642859579,0.9868432343887108,0.9824858928403951,0.012500538397842924,0.9996069715827993,0,0,0
SH006,CD274,TIGIT,Solid tumor,"Phase 1,2",2,1,0.0394914634525775,0.1678885519504547,0.039888359606266,0.1682288646697998,0.2958513039616033,0.3933687403676078,0.9955845656164276,0.9984405696292284,0.0397807545959949,0.1612036675214767,0.0414723642170429,0.1679251939058303,0.0420105867087841,0.1677955389022827,0.1283970884978772,0.006630164613457542,0.20738001540303222,0.0394914634525775,0.1678885519504547,0.2958513039616033,0.11637865477549016,0.9955845656164276,0.9940320208081339,0.0029268204245758924,0.9992437209586109,0,1,0
SHR-2002,PVRIG,TIGIT,Tumor of advanced extent | Neoplasms | Solid tumor,"Phase 1,2",2,1,0.0028572061564773,0.1678885519504547,0.0033027096651494,0.1682288646697998,0.0507094080705659,0.3933687403676078,0.9916420101066008,0.9984405696292284,0.0029967548325657,0.1612036675214767,0.0025091727729886,0.1679251939058303,0.0027147831860929,0.1677955389022827,0.1650313457939774,0.00047969220423489824,0.17074575810693202,0.0028572061564773,0.1678885519504547,0.0507094080705659,0.019947495977505513,0.9916420101066008,0.9900956134391076,0.0002703317773971854,0.9974135871511285,0,0,0
SHR-7367,CD40,FAP,Advanced Malignant Solid Neoplasm | Neoplasms | Solid tumor,"Phase 1,2",2,1,0.2458526194095611,0.0157035589218139,0.2523316740989685,0.0169089436531066,0.3797339301663551,0.188207968448754,0.978569712522789,0.9819846994216184,0.2438085228204727,0.0173749662935733,0.2444076240062713,0.0155284646898508,0.2505553066730499,0.0191131699830293,0.2301490604877472,0.0038607610949803303,0.261556178331375,0.0157035589218139,0.2458526194095611,0.188207968448754,0.07146895154767072,0.978569712522789,0.9609404850147905,0.0015058680874910277,0.9855855990038678,0,0,0
SIM0348,PVRIG,TIGIT,Advanced Malignant Solid Neoplasm | Solid tumor,"Phase 1,2",2,1,0.0028572061564773,0.1678885519504547,0.0033027096651494,0.1682288646697998,0.0507094080705659,0.3933687403676078,0.9916420101066008,0.9984405696292284,0.0029967548325657,0.1612036675214767,0.0025091727729886,0.1679251939058303,0.0027147831860929,0.1677955389022827,0.1650313457939774,0.00047969220423489824,0.17074575810693202,0.0028572061564773,0.1678885519504547,0.0507094080705659,0.019947495977505513,0.9916420101066008,0.9900956134391076,0.0002703317773971854,0.9974135871511285,0,0,0
SKB-337,CTLA4,CD274,Solid tumor,"Phase 1,2",2,1,0.0449843853712081,0.0394914634525775,0.0441446676850318,0.039888359606266,0.3134094143326692,0.2958513039616033,1.008919439696634,0.9955845656164276,0.044516559690237,0.0397807545959949,0.043271392583847,0.0414723642170429,0.0453834980726242,0.0420105867087841,0.0054929219186306,0.0017764992108237267,0.0844758488237856,0.0394914634525775,0.0449843853712081,0.2958513039616033,0.09272258390416259,0.9955845656164276,1.0044646221123428,0.0009490749798060097,0.9984347855420377,0,1,0
SSGJ-705,ERBB2,PDCD1,Metastatic Solid Tumor | Neoplasms | HER2 Positive Solid Tumors | Metastatic breast cancer | Stomach Cancer,"Phase 1,2",2,1,0.1458282619714737,0.0371215306222438,0.1440167427062988,0.0368414930999279,0.3952691077726624,0.2913144945871229,1.0093369223702364,1.003224697230778,0.1456919759511947,0.0363958217203617,0.1421233266592025,0.0375192314386367,0.1540296673774719,0.0369100831449031,0.1087067313492299,0.0054133682923626514,0.1829497925937175,0.0371215306222438,0.1458282619714737,0.2913144945871229,0.11514762035669615,1.003224697230778,1.0125917283487256,0.00229047205872705,0.9986837915091743,0,0,0
SSGJ-707,PDCD1,VEGFA,Advanced Malignant Solid Neoplasm | Solid tumor,"Phase 1,2",2,1,0.0371215306222438,0.3522780239582062,0.0368414930999279,0.3303407430648803,0.2913144945871229,0.4175137819573727,1.003224697230778,1.0576779671737235,0.0363958217203617,0.3407605290412903,0.0375192314386367,0.341223806142807,0.0369100831449031,0.3476842045783996,0.3151564933359624,0.013077099453908085,0.38939955458044995,0.0371215306222438,0.3522780239582062,0.2913144945871229,0.12162781637407026,1.003224697230778,1.0610886583855235,0.0038566286365292646,0.9997188061186437,0,0,1
TG-1801,CD19,CD47,B-Cell Malignant Neoplasm | B-Cell Chronic Lymphocytic Leukemia | Follicular Lymphoma | Mantle-Cell Lymphoma | Marginal Zone B-Cell Lymphoma | Mediastinal large B-cell lymphoma | Small Lymphocytic Lymphoma | B-Cell Lymphoma,"Phase 1,2",2,1,0.064342513680458,1.0568561553955078,0.0662170052528381,1.0716129541397097,0.3396251482844286,0.2853614815892538,0.9838707634196736,0.9868432343887108,0.0652454048395156,1.0485692024230957,0.0630370453000068,1.054349660873413,0.0646611973643302,1.0603833198547363,0.9925136417150499,0.06800078163681171,1.1211986690759659,0.064342513680458,1.0568561553955078,0.2853614815892538,0.09691593549941455,0.9838707634196736,0.9709262063935608,0.019164461776474812,0.9992100312640586,0,0,0
TQB-2825,MS4A1,CD3E,CD20 positive Hematologic Neoplasms | Hematologic Neoplasms,"Phase 1,2",2,1,0.3328534364700317,0.736981987953186,0.3374113142490387,0.7350622415542603,0.4109104902294773,0.3243314437737325,0.9882350421596696,1.0024453429260909,0.3303883373737335,0.7345154881477356,0.3282518684864044,0.7241330146789551,0.3216332495212555,0.7432199120521545,0.40412855148315435,0.24530698730673348,1.0698354244232178,0.3328534364700317,0.736981987953186,0.3243314437737325,0.13327119255789857,0.9882350421596696,0.9906516157293299,0.03673579820965552,0.9998183393155541,1,0,0
TQB2934,TNFRSF17,CD3E,Multiple Myeloma,"Phase 1,2",2,1,0.040244523435831,0.736981987953186,0.0402837544679641,0.7350622415542603,0.3027197340691121,0.3243314437737325,0.9995654696421932,1.0024453429260909,0.0414421670138835,0.7345154881477356,0.0414013490080833,0.7241330146789551,0.0406943261623382,0.7432199120521545,0.6967374645173551,0.029659488885967315,0.777226511389017,0.040244523435831,0.736981987953186,0.3027197340691121,0.0981815284094355,0.9995654696421932,1.0020097499925473,0.006072154861921742,0.9987171668478415,1,0,0
TST-005,PDL1,TGF-Β,Solid tumor,"Phase 1,2",2,1,0.0687058418989181,0.0687058418989181,0.0662170052528381,0.0662170052528381,0.3349080558811468,0.3349080558811468,1.002538754437549,1.002538754437549,0.067636601626873,0.067636601626873,0.0669665038585662,0.0669665038585662,0.0698165446519851,0.0698165446519851,0.0,0.004720492711039129,0.1374116837978362,0.0687058418989181,0.0687058418989181,0.3349080558811468,0.11216340589408935,1.002538754437549,1.0050839541491923,0.0014767354040635988,1.0000000000000002,0,0,0
WVT-078,TNFRSF17,CD3E,Relapsed/refractory multiple myeloma | Multiple Myeloma,"Phase 1,2",2,1,0.040244523435831,0.736981987953186,0.0402837544679641,0.7350622415542603,0.3027197340691121,0.3243314437737325,0.9995654696421932,1.0024453429260909,0.0414421670138835,0.7345154881477356,0.0414013490080833,0.7241330146789551,0.0406943261623382,0.7432199120521545,0.6967374645173551,0.029659488885967315,0.777226511389017,0.040244523435831,0.736981987953186,0.3027197340691121,0.0981815284094355,0.9995654696421932,1.0020097499925473,0.006072154861921742,0.9987171668478415,1,0,0
Xaluritamig,CD3E,STEAP1,Prostatic Cancer | Metastatic castration-resistant prostate cancer,"Phase 1,2",2,1,0.736981987953186,0.11949323117733,0.7350622415542603,0.1148040443658828,0.3243314437737325,0.398070893058546,1.0024453429260909,1.028453105198296,0.7345154881477356,0.1178361251950264,0.7241330146789551,0.1229494586586952,0.7432199120521545,0.1267172992229461,0.617488756775856,0.08806435906001829,0.856475219130516,0.11949323117733,0.736981987953186,0.3243314437737325,0.1291069074699773,1.0024453429260909,1.0309680257239087,0.017780628652853556,0.9996891661198833,1,0,0
XmAb-808,CD276,CD28,Castration-Resistant Prostatic Cancer | Colorectal Cancer | Melanoma | Non-Small Cell Lung Cancer | Ovarian Epithelial Carcinoma | Renal Cell Carcinoma | Squamous Cell Carcinoma of Head and Neck | Transitional Cell Carcinoma | Triple Negative Breast Cancer,"Phase 1,2",2,1,0.1288622170686721,0.0621497705578804,0.1321548968553543,0.0568903349339962,0.3766942831236453,0.3493032438368902,0.9819237371955102,1.0492040335277446,0.1285343915224075,0.0596556067466735,0.1307610422372818,0.0595100000500679,0.1309951394796371,0.0592042133212089,0.0667124465107917,0.00800875722439775,0.1910119876265525,0.0621497705578804,0.1288622170686721,0.3493032438368902,0.13158053502990122,0.9819237371955102,1.0302383456821664,0.004668234732227909,0.998675285781432,1,0,0
XmAb-819,CD3E,ENPP3,Renal Cell Carcinoma,"Phase 1,2",2,1,0.736981987953186,0.0112073356285691,0.7350622415542603,0.0125130824744701,0.3243314437737325,0.1504619959047341,1.0024453429260909,0.9791124226447436,0.7345154881477356,0.0112572396174073,0.7241330146789551,0.0122854774817824,0.7432199120521545,0.0112704634666442,0.7257746523246169,0.008259604491201425,0.7481893235817552,0.0112073356285691,0.736981987953186,0.1504619959047341,0.048799556364859845,0.9791124226447436,0.9815066882813057,0.003272463021692617,0.9987946472428697,1,0,0
XmAb968,CD3E,CD38,Acute Lymphoblastic Leukemia | Acute Myeloid Leukemia | Multiple Myeloma,"Phase 1,2",2,1,0.736981987953186,0.1074885353446006,0.7350622415542603,0.1087568327784538,0.3243314437737325,0.37467679369076,1.0024453429260909,0.9920110686787064,0.7345154881477356,0.1058180555701255,0.7241330146789551,0.1106639802455902,0.7432199120521545,0.109743058681488,0.6294934526085855,0.07921711446044005,0.8444705232977866,0.1074885353446006,0.736981987953186,0.3243314437737325,0.12151946544623711,0.9920110686787064,0.9944368759281037,0.023948815161010086,0.9996958627149904,1,0,0
Y-150,CD3E,CD38,Multiple Myeloma | Plasma cell myeloma refractory | Relapse multiple myeloma | Precursor T-Cell Lymphoblastic Leukemia-Lymphoma,"Phase 1,2",2,1,0.736981987953186,0.1074885353446006,0.7350622415542603,0.1087568327784538,0.3243314437737325,0.37467679369076,1.0024453429260909,0.9920110686787064,0.7345154881477356,0.1058180555701255,0.7241330146789551,0.1106639802455902,0.7432199120521545,0.109743058681488,0.6294934526085855,0.07921711446044005,0.8444705232977866,0.1074885353446006,0.736981987953186,0.3243314437737325,0.12151946544623711,0.9920110686787064,0.9944368759281037,0.023948815161010086,0.9996958627149904,1,0,0
Y332,TGF-Β,VEGF,Solid tumor,"Phase 1,2",2,1,0.0687058418989181,0.0687058418989181,0.0662170052528381,0.0662170052528381,0.3349080558811468,0.3349080558811468,1.002538754437549,1.002538754437549,0.067636601626873,0.067636601626873,0.0669665038585662,0.0669665038585662,0.0698165446519851,0.0698165446519851,0.0,0.004720492711039129,0.1374116837978362,0.0687058418989181,0.0687058418989181,0.3349080558811468,0.11216340589408935,1.002538754437549,1.0050839541491923,0.0014767354040635988,1.0000000000000002,0,0,0
YH-008,CD40,PDCD1,Solid tumor | Hematologic Neoplasms | Neoplasms,"Phase 1,2",2,1,0.2458526194095611,0.0371215306222438,0.2523316740989685,0.0368414930999279,0.3797339301663551,0.2913144945871229,0.978569712522789,1.003224697230778,0.2438085228204727,0.0363958217203617,0.2444076240062713,0.0375192314386367,0.2505553066730499,0.0369100831449031,0.2087310887873173,0.009126425539970872,0.2829741500318049,0.0371215306222438,0.2458526194095611,0.2913144945871229,0.11062199794399355,0.978569712522789,0.9817253035648844,0.004405933145872618,0.9983257804766823,0,0,0
YK012,CD19,CD3E,B-cell lymphoma recurrent | B-cell lymphoma refractory,"Phase 1,2",2,1,0.064342513680458,0.736981987953186,0.0662170052528381,0.7350622415542603,0.3396251482844286,0.3243314437737325,0.9838707634196736,1.0024453429260909,0.0652454048395156,0.7345154881477356,0.0630370453000068,0.7241330146789551,0.0646611973643302,0.7432199120521545,0.6726394742727281,0.04741927364212901,0.801324501633644,0.064342513680458,0.736981987953186,0.3243314437737325,0.11015111468495671,0.9838707634196736,0.9862766648311896,0.015571900789453794,0.9999607610080415,1,0,0
ZGGS15,LAG3,TIGIT,Solid tumor,"Phase 1,2",2,1,0.0885069444775581,0.1678885519504547,0.0936155393719673,0.1682288646697998,0.3563741201757921,0.3933687403676078,0.9644286759166234,0.9984405696292284,0.09308572858572,0.1612036675214767,0.089312344789505,0.1679251939058303,0.0903282389044761,0.1677955389022827,0.07938160747289662,0.014859302745896523,0.2563954964280128,0.0885069444775581,0.1678885519504547,0.3563741201757921,0.14018643875316583,0.9644286759166234,0.9629247165489561,0.006038828759652226,0.9993119599430902,0,1,0
Papiliximab,CD47,CD274,Neoplasms,"Phase 1,2",2,1,1.0568561553955078,0.0394914634525775,1.0716129541397097,0.039888359606266,0.2853614815892538,0.2958513039616033,0.9868432343887108,0.9955845656164276,1.0485692024230957,0.0397807545959949,1.054349660873413,0.0414723642170429,1.0603833198547363,0.0420105867087841,1.0173646919429302,0.04173679623543326,1.0963476188480854,0.0394914634525775,1.0568561553955078,0.2853614815892538,0.08442456642859579,0.9868432343887108,0.9824858928403951,0.012500538397842924,0.9996069715827993,0,0,0
GEM-333,CD3E,CD33,Acute Myeloid Leukemia,"Phase 1,2",2,1,0.736981987953186,0.1207557171583175,0.7350622415542603,0.1188045144081115,0.3243314437737325,0.3838881241508067,1.0024453429260909,1.0115589488648902,0.7345154881477356,0.1197304502129554,0.7241330146789551,0.1207243427634239,0.7432199120521545,0.1185455322265625,0.6162262707948686,0.08899478848804948,0.8577377051115035,0.1207557171583175,0.736981987953186,0.3243314437737325,0.12450698955342102,1.0024453429260909,1.0140325573848208,0.026445637963114145,0.99938230917256,1,0,0
Nisevokitug,TGFB1,TGFB2,-,"Phase 1,2",2,1,0.4228222072124481,0.0213293768465518,0.4123270213603973,0.0216536801308393,0.3478726445118356,0.2258633156894344,1.0227007840060238,0.9954740177518407,0.4128379225730896,0.0227629151195287,0.4171617925167084,0.0198366679251194,0.4119340777397156,0.0196616109460592,0.40149283036589634,0.009018534196725119,0.4441515840589999,0.0213293768465518,0.4228222072124481,0.2258633156894344,0.0785716689270951,0.9954740177518407,1.018072058412434,0.004189608070266143,0.9929718146146027,0,0,0
Obertamig,CD3E,HLA-G,Neoplasms,"Phase 1,2",2,1,0.736981987953186,0.0723604038357734,0.7350622415542603,0.0693569034337997,0.3243314437737325,0.3667844648371205,1.0024453429260909,1.0251640275138303,0.7345154881477356,0.070431500673294,0.7241330146789551,0.0706829205155372,0.7432199120521545,0.0734362602233886,0.6646215841174127,0.05332831426798363,0.8093423917889594,0.0723604038357734,0.736981987953186,0.3243314437737325,0.11895973503439912,1.0024453429260909,1.027670905116594,0.00941848838071803,0.9997540267119145,1,0,0
Tobemstomig,LAG3,PDCD1,-,"Phase 1,2",2,1,0.0885069444775581,0.0371215306222438,0.0936155393719673,0.0368414930999279,0.3563741201757921,0.2913144945871229,0.9644286759166234,1.003224697230778,0.09308572858572,0.0363958217203617,0.089312344789505,0.0375192314386367,0.0903282389044761,0.0369100831449031,0.051385413855314296,0.003285513249704904,0.1256284750998019,0.0371215306222438,0.0885069444775581,0.2913144945871229,0.10381694670294148,0.9644286759166234,0.9675386663971345,0.00181206615465941,0.9952051920995237,0,1,0
vonsetamig,TNFRSF17,CD3E,Neoplasms,"Phase 1,2",2,1,0.040244523435831,0.736981987953186,0.0402837544679641,0.7350622415542603,0.3027197340691121,0.3243314437737325,0.9995654696421932,1.0024453429260909,0.0414421670138835,0.7345154881477356,0.0414013490080833,0.7241330146789551,0.0406943261623382,0.7432199120521545,0.6967374645173551,0.029659488885967315,0.777226511389017,0.040244523435831,0.736981987953186,0.3027197340691121,0.0981815284094355,0.9995654696421932,1.0020097499925473,0.006072154861921742,0.9987171668478415,1,0,0
Zeripatamig,CD19,CD47,-,"Phase 1,2",2,1,0.064342513680458,1.0568561553955078,0.0662170052528381,1.0716129541397097,0.3396251482844286,0.2853614815892538,0.9838707634196736,0.9868432343887108,0.0652454048395156,1.0485692024230957,0.0630370453000068,1.054349660873413,0.0646611973643302,1.0603833198547363,0.9925136417150499,0.06800078163681171,1.1211986690759659,0.064342513680458,1.0568561553955078,0.2853614815892538,0.09691593549941455,0.9838707634196736,0.9709262063935608,0.019164461776474812,0.9992100312640586,0,0,0
CDR-404,HLA,MAGEA4,Solid tumor | Bladder Cancer | Esophageal Carcinoma | Lung Cancer,"Preclinical, IND Application",1,1,0.0687058418989181,0.0027021639980375,0.0662170052528381,0.0015350622124969,0.3349080558811468,0.0497876013414117,1.002538754437549,1.0226467522388585,0.067636601626873,0.001925376127474,0.0669665038585662,0.0015859864652156,0.0698165446519851,0.0018646996468305,0.0660036779008806,0.0001856544524341129,0.07140800589695559,0.0027021639980375,0.0687058418989181,0.0497876013414117,0.01667426877223777,1.002538754437549,1.02524300121915,3.2343484354130566e-05,0.9852760505943581,0,0,0
EX-105,CD276,CD3E,Advanced Malignant Solid Neoplasm | Pancreatic Cancer,"Preclinical, IND Application",1,1,0.1288622170686721,0.736981987953186,0.1321548968553543,0.7350622415542603,0.3766942831236453,0.3243314437737325,0.9819237371955102,1.0024453429260909,0.1285343915224075,0.7345154881477356,0.1307610422372818,0.7241330146789551,0.1309951394796371,0.7432199120521545,0.608119770884514,0.09496913290732495,0.8658442050218581,0.1288622170686721,0.736981987953186,0.3243314437737325,0.12217380070680303,0.9819237371955102,0.9843248774602219,0.029252716853053657,0.9999360795055625,1,0,0
HBM-9027,CD40,CD274,Solid tumor | Neoplasms,"Preclinical, IND Application",1,1,0.2458526194095611,0.0394914634525775,0.2523316740989685,0.039888359606266,0.3797339301663551,0.2958513039616033,0.978569712522789,0.9955845656164276,0.2438085228204727,0.0397807545959949,0.2444076240062713,0.0414723642170429,0.2505553066730499,0.0420105867087841,0.2063611559569836,0.009709079734133128,0.2853440828621386,0.0394914634525775,0.2458526194095611,0.2958513039616033,0.11234477839818056,0.978569712522789,0.9742489021673933,0.004652963191685758,0.9997559408832786,0,0,0
R7020,TNFRSF17,CD3E,Multiple Myeloma,"Preclinical, IND Application",1,1,0.040244523435831,0.736981987953186,0.0402837544679641,0.7350622415542603,0.3027197340691121,0.3243314437737325,0.9995654696421932,1.0024453429260909,0.0414421670138835,0.7345154881477356,0.0414013490080833,0.7241330146789551,0.0406943261623382,0.7432199120521545,0.6967374645173551,0.029659488885967315,0.777226511389017,0.040244523435831,0.736981987953186,0.3027197340691121,0.0981815284094355,0.9995654696421932,1.0020097499925473,0.006072154861921742,0.9987171668478415,1,0,0
VEGF/ANG2 Tetravalent Bispecific Antibody,ANGPT2,VEGFA,-,"Preclinical, IND Application",1,1,0.0338656455278396,0.3522780239582062,0.0381439700722694,0.3303407430648803,0.2708901263507595,0.4175137819573727,0.9514620848037368,1.0576779671737235,0.0361939668655395,0.3407605290412903,0.0348443612456321,0.341223806142807,0.0354292914271354,0.3476842045783996,0.31841237843036657,0.011930122686616395,0.3861436694860458,0.0338656455278396,0.3522780239582062,0.2708901263507595,0.11310036114761614,0.9514620848037368,1.0063404836980894,0.0031398051879577755,0.9951864658197344,0,0,1
705,ERBB2,PDCD1,Neoplasms,"Preclinical, IND Application",1,1,0.1458282619714737,0.0371215306222438,0.1440167427062988,0.0368414930999279,0.3952691077726624,0.2913144945871229,1.0093369223702364,1.003224697230778,0.1456919759511947,0.0363958217203617,0.1421233266592025,0.0375192314386367,0.1540296673774719,0.0369100831449031,0.1087067313492299,0.0054133682923626514,0.1829497925937175,0.0371215306222438,0.1458282619714737,0.2913144945871229,0.11514762035669615,1.003224697230778,1.0125917283487256,0.00229047205872705,0.9986837915091743,0,0,0
A-329,CD19,CD3E,Lupus Vulgaris | Non-Hodgkin Lymphoma,"Preclinical, IND Application",1,1,0.064342513680458,0.736981987953186,0.0662170052528381,0.7350622415542603,0.3396251482844286,0.3243314437737325,0.9838707634196736,1.0024453429260909,0.0652454048395156,0.7345154881477356,0.0630370453000068,0.7241330146789551,0.0646611973643302,0.7432199120521545,0.6726394742727281,0.04741927364212901,0.801324501633644,0.064342513680458,0.736981987953186,0.3243314437737325,0.11015111468495671,0.9838707634196736,0.9862766648311896,0.015571900789453794,0.9999607610080415,1,0,0
ABP-100,CD3E,ERBB2,Breast Cancer | Colorectal Cancer,"Preclinical, IND Application",1,1,0.736981987953186,0.1458282619714737,0.7350622415542603,0.1440167427062988,0.3243314437737325,0.3952691077726624,1.0024453429260909,1.0093369223702364,0.7345154881477356,0.1456919759511947,0.7241330146789551,0.1421233266592025,0.7432199120521545,0.1540296673774719,0.5911537259817123,0.10747280240749468,0.8828102499246597,0.1458282619714737,0.736981987953186,0.3243314437737325,0.12819820040306268,1.0024453429260909,1.0118050972733967,0.02648996026137635,0.9997368024735713,1,0,0
ADG152,MS4A1,CD3E,Neoplasms,"Preclinical, IND Application",1,1,0.3328534364700317,0.736981987953186,0.3374113142490387,0.7350622415542603,0.4109104902294773,0.3243314437737325,0.9882350421596696,1.0024453429260909,0.3303883373737335,0.7345154881477356,0.3282518684864044,0.7241330146789551,0.3216332495212555,0.7432199120521545,0.40412855148315435,0.24530698730673348,1.0698354244232178,0.3328534364700317,0.736981987953186,0.3243314437737325,0.13327119255789857,0.9882350421596696,0.9906516157293299,0.03673579820965552,0.9998183393155541,1,0,0
CMD007,CD3E,MSLN,Lung Cancer | Mesothelioma | Ovarian Cancer,"Preclinical, IND Application",1,1,0.736981987953186,0.1357283592224121,0.7350622415542603,0.1306430995464325,0.3243314437737325,0.4129907097687201,1.0024453429260909,1.0281508659270568,0.7345154881477356,0.1386736631393432,0.7241330146789551,0.1350929141044616,0.7432199120521545,0.135190725326538,0.6012536287307739,0.10002935600135743,0.8727103471755981,0.1357283592224121,0.736981987953186,0.3243314437737325,0.13394587316442752,1.0024453429260909,1.0306650473740058,0.011649377393248877,0.9978895229764743,1,0,0
CTIM-76,CD3E,CLDN6,Solid tumor,"Preclinical, IND Application",1,1,0.736981987953186,0.0349730886518955,0.7350622415542603,0.031980462372303,0.3243314437737325,0.2967179597916497,1.0024453429260909,1.036504140047441,0.7345154881477356,0.0315979085862636,0.7241330146789551,0.0374008752405643,0.7432199120521545,0.0322209112346172,0.7020088993012905,0.02577453639953696,0.7719550766050816,0.0349730886518955,0.736981987953186,0.2967179597916497,0.09623496429282206,1.0024453429260909,1.03903874811417,0.002807078889939476,0.9635116468382461,1,0,0
DR30318,CD3,CLDN18.2,Solid tumor,"Preclinical, IND Application",1,1,0.0687058418989181,0.0687058418989181,0.0662170052528381,0.0662170052528381,0.3349080558811468,0.3349080558811468,1.002538754437549,1.002538754437549,0.067636601626873,0.067636601626873,0.0669665038585662,0.0669665038585662,0.0698165446519851,0.0698165446519851,0.0,0.004720492711039129,0.1374116837978362,0.0687058418989181,0.0687058418989181,0.3349080558811468,0.11216340589408935,1.002538754437549,1.0050839541491923,0.0014767354040635988,1.0000000000000002,0,0,0
JY-016,CD3E,EGFR,Colorectal Cancer | Lung Cancer,"Preclinical, IND Application",1,1,0.736981987953186,0.2500387728214264,0.7350622415542603,0.2226305454969406,0.3243314437737325,0.4410472192302643,1.0024453429260909,1.100532489030263,0.7345154881477356,0.2356877774000167,0.7241330146789551,0.2406675368547439,0.7432199120521545,0.2502810657024383,0.48694321513175964,0.18427407185930988,0.9870207607746124,0.2500387728214264,0.736981987953186,0.3243314437737325,0.14304548138534154,1.0024453429260909,1.1032236683672463,0.02655644370876967,0.9998130944753393,1,0,0
LP-003,CD3,GD2,Ewing Sarcoma | Neuroblastoma | Osteosarcoma | Small Cell Lung Cancer | Ovarian Cancer,"Preclinical, IND Application",1,1,0.0687058418989181,0.0687058418989181,0.0662170052528381,0.0662170052528381,0.3349080558811468,0.3349080558811468,1.002538754437549,1.002538754437549,0.067636601626873,0.067636601626873,0.0669665038585662,0.0669665038585662,0.0698165446519851,0.0698165446519851,0.0,0.004720492711039129,0.1374116837978362,0.0687058418989181,0.0687058418989181,0.3349080558811468,0.11216340589408935,1.002538754437549,1.0050839541491923,0.0014767354040635988,1.0000000000000002,0,0,0
LP-104,CD3E,CD47,T-Cell Lymphoma,"Preclinical, IND Application",1,1,0.736981987953186,1.0568561553955078,0.7350622415542603,1.0716129541397097,0.3243314437737325,0.2853614815892538,1.0024453429260909,0.9868432343887108,0.7345154881477356,1.0485692024230957,0.7241330146789551,1.054349660873413,0.7432199120521545,1.0603833198547363,0.3198741674423218,0.7788839503839426,1.7938381433486938,0.736981987953186,1.0568561553955078,0.2853614815892538,0.09255170132125407,0.9868432343887108,0.9892564045110839,0.13689680523252287,0.9991573483966015,1,0,0
SHS-010,CTLA4,PDCD1,Neoplasms,"Preclinical, IND Application",1,1,0.0449843853712081,0.0371215306222438,0.0441446676850318,0.0368414930999279,0.3134094143326692,0.2913144945871229,1.008919439696634,1.003224697230778,0.044516559690237,0.0363958217203617,0.043271392583847,0.0375192314386367,0.0453834980726242,0.0369100831449031,0.007862854748964303,0.0016698892390801174,0.0821059159934519,0.0371215306222438,0.0449843853712081,0.2913144945871229,0.09130070513516772,1.003224697230778,1.0121728994199015,0.0008986877263326712,0.9963185437204501,0,1,0
SPX-303,LILRB2,CD274,Solid tumor | Colonic Cancer | Stomach Cancer,"Preclinical, IND Application",1,1,0.0752619132399559,0.0394914634525775,0.0728689357638359,0.039888359606266,0.3611648395889898,0.2958513039616033,1.0194758541794444,0.9955845656164276,0.0695309191942215,0.0397807545959949,0.0753225237131118,0.0414723642170429,0.0733265727758407,0.0420105867087841,0.0357704497873784,0.002972203096086777,0.11475337669253341,0.0394914634525775,0.0752619132399559,0.2958513039616033,0.10685108873748593,0.9955845656164276,1.0149744254396786,0.0015318758202839007,0.9990548319256671,0,0,0
1D8N/CEGa1,TNFRSF9,EGFR,Neoplasms,"Preclinical, IND Application",1,1,0.0411083288490772,0.2500387728214264,0.0405395962297916,0.2226305454969406,0.3043941037308105,0.4410472192302643,1.0062815899669149,1.100532489030263,0.042078785598278,0.2356877774000167,0.039554975926876,0.2406675368547439,0.0414621420204639,0.2502810657024383,0.2089304439723492,0.010278676098162902,0.2911471016705036,0.0411083288490772,0.2500387728214264,0.3043941037308105,0.13425217300056258,1.0062815899669149,1.1074455828716194,0.0020246246100190943,0.9990744934052629,1,0,0
ABL-102,TNFRSF9,ROR1,Hematologic Neoplasms | Solid tumor,"Preclinical, IND Application",1,1,0.0411083288490772,0.0114731220528483,0.0405395962297916,0.0120246540755033,0.3043941037308105,0.1544750715903064,1.0062815899669149,0.9911078581432534,0.042078785598278,0.0121267642825841,0.039554975926876,0.0114569775760173,0.0414621420204639,0.012367345392704,0.0296352067962289,0.00047164087427408754,0.052581450901925494,0.0114731220528483,0.0411083288490772,0.1544750715903064,0.047021300965484104,0.9911078581432534,0.9973335913210966,0.0002511773507840086,0.9976004194953533,1,0,0
ABL-104,TNFRSF9,EGFR,Stomach Cancer,"Preclinical, IND Application",1,1,0.0411083288490772,0.2500387728214264,0.0405395962297916,0.2226305454969406,0.3043941037308105,0.4410472192302643,1.0062815899669149,1.100532489030263,0.042078785598278,0.2356877774000167,0.039554975926876,0.2406675368547439,0.0414621420204639,0.2502810657024383,0.2089304439723492,0.010278676098162902,0.2911471016705036,0.0411083288490772,0.2500387728214264,0.3043941037308105,0.13425217300056258,1.0062815899669149,1.1074455828716194,0.0020246246100190943,0.9990744934052629,1,0,0
ABL-506,CD276,CD274,Solid tumor,"Preclinical, IND Application",1,1,0.1288622170686721,0.0394914634525775,0.1321548968553543,0.039888359606266,0.3766942831236453,0.2958513039616033,0.9819237371955102,0.9955845656164276,0.1285343915224075,0.0397807545959949,0.1307610422372818,0.0414723642170429,0.1309951394796371,0.0420105867087841,0.08937075361609459,0.005088957535785573,0.1683536805212496,0.0394914634525775,0.1288622170686721,0.2958513039616033,0.11144549485701183,0.9819237371955102,0.9775881173642512,0.002671170518857002,0.9997221046322387,0,0,0
ABL-602,CD3E,CLEC12A,Hematologic Neoplasms | Acute Myeloid Leukemia,"Preclinical, IND Application",1,1,0.736981987953186,0.135684072971344,0.7350622415542603,0.1352715492248535,0.3243314437737325,0.3897719057153861,1.0024453429260909,1.0022265898256717,0.7345154881477356,0.1334254592657089,0.7241330146789551,0.1356846988201141,0.7432199120521545,0.1307757645845413,0.601297914981842,0.09999671783200625,0.87266606092453,0.135684072971344,0.736981987953186,0.3243314437737325,0.12641528492311033,1.0022265898256717,1.004677377527442,0.025780803489181117,0.9996197691538539,1,0,0
ABP-102(Abpro),CD3E,ERBB2,Breast Cancer | Stomach Cancer,"Preclinical, IND Application",1,1,0.736981987953186,0.1458282619714737,0.7350622415542603,0.1440167427062988,0.3243314437737325,0.3952691077726624,1.0024453429260909,1.0093369223702364,0.7345154881477356,0.1456919759511947,0.7241330146789551,0.1421233266592025,0.7432199120521545,0.1540296673774719,0.5911537259817123,0.10747280240749468,0.8828102499246597,0.1458282619714737,0.736981987953186,0.3243314437737325,0.12819820040306268,1.0024453429260909,1.0118050972733967,0.02648996026137635,0.9997368024735713,1,0,0
ABP-110,CD3E,GPC3,Liver Cancer,"Preclinical, IND Application",1,1,0.736981987953186,0.0687058418989181,0.7350622415542603,0.0643098056316375,0.3243314437737325,0.3672544640721659,1.0024453429260909,1.0384572105865246,0.7345154881477356,0.0701675415039062,0.7241330146789551,0.0641969442367553,0.7432199120521545,0.0698165446519851,0.6682761460542679,0.05063496794666196,0.8056878298521042,0.0687058418989181,0.736981987953186,0.3243314437737325,0.11911217056487394,1.0024453429260909,1.0409965945804804,0.007542177754284767,0.9927968976746607,1,0,0
ABP-130,CD3,CEA,Colorectal Cancer | Non-Small Cell Lung Cancer,"Preclinical, IND Application",1,1,0.0687058418989181,0.0687058418989181,0.0662170052528381,0.0662170052528381,0.3349080558811468,0.3349080558811468,1.002538754437549,1.002538754437549,0.067636601626873,0.067636601626873,0.0669665038585662,0.0669665038585662,0.0698165446519851,0.0698165446519851,0.0,0.004720492711039129,0.1374116837978362,0.0687058418989181,0.0687058418989181,0.3349080558811468,0.11216340589408935,1.002538754437549,1.0050839541491923,0.0014767354040635988,1.0000000000000002,0,0,0
ABP-150 (Abpro),CD3,CLDN18.2,Stomach Cancer,"Preclinical, IND Application",1,1,0.0687058418989181,0.0687058418989181,0.0662170052528381,0.0662170052528381,0.3349080558811468,0.3349080558811468,1.002538754437549,1.002538754437549,0.067636601626873,0.067636601626873,0.0669665038585662,0.0669665038585662,0.0698165446519851,0.0698165446519851,0.0,0.004720492711039129,0.1374116837978362,0.0687058418989181,0.0687058418989181,0.3349080558811468,0.11216340589408935,1.002538754437549,1.0050839541491923,0.0014767354040635988,1.0000000000000002,0,0,0
ABP-200,ANGPT2,VEGFA,Solid tumor,"Preclinical, IND Application",1,1,0.0338656455278396,0.3522780239582062,0.0381439700722694,0.3303407430648803,0.2708901263507595,0.4175137819573727,0.9514620848037368,1.0576779671737235,0.0361939668655395,0.3407605290412903,0.0348443612456321,0.341223806142807,0.0354292914271354,0.3476842045783996,0.31841237843036657,0.011930122686616395,0.3861436694860458,0.0338656455278396,0.3522780239582062,0.2708901263507595,0.11310036114761614,0.9514620848037368,1.0063404836980894,0.0031398051879577755,0.9951864658197344,0,0,1
ADG138,CD3E,ERBB2,Solid tumor,"Preclinical, IND Application",1,1,0.736981987953186,0.1458282619714737,0.7350622415542603,0.1440167427062988,0.3243314437737325,0.3952691077726624,1.0024453429260909,1.0093369223702364,0.7345154881477356,0.1456919759511947,0.7241330146789551,0.1421233266592025,0.7432199120521545,0.1540296673774719,0.5911537259817123,0.10747280240749468,0.8828102499246597,0.1458282619714737,0.736981987953186,0.3243314437737325,0.12819820040306268,1.0024453429260909,1.0118050972733967,0.02648996026137635,0.9997368024735713,1,0,0
AI-027,CD24,PDCD1,Neoplasms,"Preclinical, IND Application",1,1,0.8274380564689636,0.0371215306222438,0.8199558258056641,0.0368414930999279,0.408756120041145,0.2913144945871229,1.0086007018303145,1.003224697230778,0.817430853843689,0.0363958217203617,0.8168067336082458,0.0375192314386367,0.8287492990493774,0.0369100831449031,0.7903165258467199,0.030715767151222526,0.8645595870912074,0.0371215306222438,0.8274380564689636,0.2913144945871229,0.11907658251917948,1.003224697230778,1.0118531337204673,0.004662062341508297,0.9982980050286696,0,0,0
AJUD003,MS4A1,CD3E,Neoplasms,"Preclinical, IND Application",1,1,0.3328534364700317,0.736981987953186,0.3374113142490387,0.7350622415542603,0.4109104902294773,0.3243314437737325,0.9882350421596696,1.0024453429260909,0.3303883373737335,0.7345154881477356,0.3282518684864044,0.7241330146789551,0.3216332495212555,0.7432199120521545,0.40412855148315435,0.24530698730673348,1.0698354244232178,0.3328534364700317,0.736981987953186,0.3243314437737325,0.13327119255789857,0.9882350421596696,0.9906516157293299,0.03673579820965552,0.9998183393155541,1,0,0
ALK-1/VEGF bispecific antibody,ACVRL1,VEGFA,Solid tumor,"Preclinical, IND Application",1,1,0.0710757747292518,0.3522780239582062,0.0739853456616401,0.3303407430648803,0.3463169995395732,0.4175137819573727,0.9765329449471504,1.0576779671737235,0.0702917575836181,0.3407605290412903,0.0703751891851425,0.341223806142807,0.0736282095313072,0.3476842045783996,0.28120224922895437,0.02503843347291943,0.423353798687458,0.0710757747292518,0.3522780239582062,0.3463169995395732,0.1445921202338969,0.9765329449471504,1.0328573800898717,0.006421790233483462,0.9989798120288856,0,0,1
alpha-c-Met/EGFR-0286 bispecific antibody drug conjugate(Sorrento Therapeutics),EGFR,MET,Non-Small Cell Lung Cancer,"Preclinical, IND Application",1,1,0.2500387728214264,0.2726970613002777,0.2226305454969406,0.2730317413806915,0.4410472192302643,0.4203732279753822,1.100532489030263,0.998963940574436,0.2356877774000167,0.2747542858123779,0.2406675368547439,0.2727423310279846,0.2502810657024383,0.2936901748180389,0.02265828847885132,0.06818483855953072,0.5227358341217041,0.2500387728214264,0.2726970613002777,0.4203732279753822,0.18540444323739225,0.998963940574436,1.0993922719718638,0.00641954144640202,0.9994485690962657,0,0,0
AM-105,TNFRSF9,EGFR,Neoplasms,"Preclinical, IND Application",1,1,0.0411083288490772,0.2500387728214264,0.0405395962297916,0.2226305454969406,0.3043941037308105,0.4410472192302643,1.0062815899669149,1.100532489030263,0.042078785598278,0.2356877774000167,0.039554975926876,0.2406675368547439,0.0414621420204639,0.2502810657024383,0.2089304439723492,0.010278676098162902,0.2911471016705036,0.0411083288490772,0.2500387728214264,0.3043941037308105,0.13425217300056258,1.0062815899669149,1.1074455828716194,0.0020246246100190943,0.9990744934052629,1,0,0
Anti-CD47/EPCAM bispecific antibody (Virtuoso Therapeutics),CD47,EPCAM,Solid tumor,"Preclinical, IND Application",1,1,1.0568561553955078,1.3818910121917725,1.0716129541397097,1.3133620023727417,0.2853614815892538,0.4207297249094102,0.9868432343887108,1.050264720374901,1.0485692024230957,1.3389904499053955,1.054349660873413,1.3404426574707031,1.0603833198547363,1.4144569635391235,0.32503485679626465,1.4604600223206035,2.4387471675872803,1.0568561553955078,1.3818910121917725,0.2853614815892538,0.12006005764878847,0.9868432343887108,1.0364466336191223,0.06733926393659827,0.999015486033733,0,0,0
Anti-CD47/ICAM-1 bispecific antibody (Virtuoso Therapeutics),CD47,ICAM1,Hematologic Neoplasms | Solid tumor,"Preclinical, IND Application",1,1,1.0568561553955078,0.5487164855003357,1.0716129541397097,0.5426445007324219,0.2853614815892538,0.3868413764132813,0.9868432343887108,1.0102455768346956,1.0485692024230957,0.55278480052948,1.054349660873413,0.5439460277557373,1.0603833198547363,0.5444923043251038,0.5081396698951721,0.5799143952680197,1.6055726408958435,0.5487164855003357,1.0568561553955078,0.2853614815892538,0.11038962831332017,0.9868432343887108,0.9969540125704399,0.0810580366219401,0.9995677878576138,0,0,0
Anti-Chi3l1/PD-1 bi-specific mAb (Ocean Biomedical),CHI3L1,PDCD1,Non-Small Cell Lung Cancer,"Preclinical, IND Application",1,1,0.3686017394065857,0.0371215306222438,0.312757283449173,0.0368414930999279,0.4800940654994692,0.2913144945871229,1.1539444099548652,1.003224697230778,0.3750446438789367,0.0363958217203617,0.3628831803798675,0.0375192314386367,0.3615871965885162,0.0369100831449031,0.3314802087843419,0.013683060756793899,0.40572327002882946,0.0371215306222438,0.3686017394065857,0.2913144945871229,0.13985836004525495,1.003224697230778,1.1576655312981183,0.0013796485350949315,0.9892432874640523,0,0,0
Anti-GPRC5D/CD3 Bispecific T-Cell-Redirecting Antibody,CD3E,GPRC5D,Multiple Myeloma,"Preclinical, IND Application",1,1,0.736981987953186,0.0003322332631796,0.7350622415542603,0.0005814629839733,0.3243314437737325,0.0065222330204565,1.0024453429260909,0.9950727063613674,0.7345154881477356,0.0003881806624121,0.7241330146789551,0.0005207716603763,0.7432199120521545,0.0003290646418463,0.7366497546900065,0.00024484993076227563,0.7373142212163656,0.0003322332631796,0.736981987953186,0.0065222330204565,0.002115365252153369,0.9950727063613674,0.9975060003648143,0.00011080574565548897,0.8700661647194224,1,0,0
Anti-HER2/TROP2 bispecific antibody(Baikai Biopharmaceutical),ERBB2,TACSTD2,Neoplasms,"Preclinical, IND Application",1,1,0.1458282619714737,1.0140867233276367,0.1440167427062988,1.0329108238220217,0.3952691077726624,0.4076124214721044,1.0093369223702364,0.9826171277631642,0.1456919759511947,1.0026551485061646,0.1421233266592025,1.0441235303878784,0.1540296673774719,1.013436794281006,0.868258461356163,0.14788250435121597,1.1599149852991104,0.1458282619714737,1.0140867233276367,0.3952691077726624,0.16111659815233312,0.9826171277631642,0.9917917476047536,0.012386492907447928,0.9989970355560506,0,0,0
Anti-PD-L1/CD40 bispecific antibody (Harbour BioMed),CD40,CD274,Neoplasms,"Preclinical, IND Application",1,1,0.2458526194095611,0.0394914634525775,0.2523316740989685,0.039888359606266,0.3797339301663551,0.2958513039616033,0.978569712522789,0.9955845656164276,0.2438085228204727,0.0397807545959949,0.2444076240062713,0.0414723642170429,0.2505553066730499,0.0420105867087841,0.2063611559569836,0.009709079734133128,0.2853440828621386,0.0394914634525775,0.2458526194095611,0.2958513039616033,0.11234477839818056,0.978569712522789,0.9742489021673933,0.004652963191685758,0.9997559408832786,0,0,0
Anti-PD1 x CD40(Biotheus),CD40,PDCD1,Colonic Cancer | Melanoma,"Preclinical, IND Application",1,1,0.2458526194095611,0.0371215306222438,0.2523316740989685,0.0368414930999279,0.3797339301663551,0.2913144945871229,0.978569712522789,1.003224697230778,0.2438085228204727,0.0363958217203617,0.2444076240062713,0.0375192314386367,0.2505553066730499,0.0369100831449031,0.2087310887873173,0.009126425539970872,0.2829741500318049,0.0371215306222438,0.2458526194095611,0.2913144945871229,0.11062199794399355,0.978569712522789,0.9817253035648844,0.004405933145872618,0.9983257804766823,0,0,0
Anti-PD1 x EGFR BsAb,EGFR,PDCD1,Solid tumor,"Preclinical, IND Application",1,1,0.2500387728214264,0.0371215306222438,0.2226305454969406,0.0368414930999279,0.4410472192302643,0.2913144945871229,1.100532489030263,1.003224697230778,0.2356877774000167,0.0363958217203617,0.2406675368547439,0.0375192314386367,0.2502810657024383,0.0369100831449031,0.2129172421991826,0.00928182196203884,0.28716030344367016,0.0371215306222438,0.2500387728214264,0.2913144945871229,0.12848344775912043,1.003224697230778,1.10408137310002,0.0022962205942899474,0.998766798786812,0,0,0
APVO-425,CD3E,ROR1,Triple Negative Breast Cancer,"Preclinical, IND Application",1,1,0.736981987953186,0.0114731220528483,0.7350622415542603,0.0120246540755033,0.3243314437737325,0.1544750715903064,1.0024453429260909,0.9911078581432534,0.7345154881477356,0.0121267642825841,0.7241330146789551,0.0114569775760173,0.7432199120521545,0.012367345392704,0.7255088659003377,0.008455484298537678,0.7484551100060344,0.0114731220528483,0.736981987953186,0.1544750715903064,0.05010112299593477,0.9911078581432534,0.9935314567331571,0.0032946241708237014,0.9961942108043653,1,0,0
APVO-437,IL3RA,CD3E,Acute Myeloid Leukemia,"Preclinical, IND Application",1,1,0.0737114921212196,0.736981987953186,0.0763344541192054,0.7350622415542603,0.3510154527042275,0.3243314437737325,0.9792379520197168,1.0024453429260909,0.074499636888504,0.7345154881477356,0.0712747052311897,0.7241330146789551,0.0758768171072006,0.7432199120521545,0.6632704958319664,0.05432404199849203,0.8106934800744057,0.0737114921212196,0.736981987953186,0.3243314437737325,0.11384534856245243,0.9792379520197168,0.9816325246186479,0.015209935353645824,0.99750948768851,1,0,0
APVO-442,CD3E,FOLH1,Prostatic Cancer,"Preclinical, IND Application",1,1,0.736981987953186,0.0090145962312817,0.7350622415542603,0.0096290269866585,0.3243314437737325,0.1305335044641855,1.0024453429260909,0.9896957776031748,0.7345154881477356,0.0086952466517686,0.7241330146789551,0.009113504551351,0.7432199120521545,0.0089121675118803,0.7279673917219044,0.006643595051125286,0.7459965841844677,0.0090145962312817,0.736981987953186,0.1305335044641855,0.04233611996371424,0.9896957776031748,0.9921159231719188,0.0019427940738265155,0.9611883227561732,1,0,0
APVO711,CD40,CD274,Solid tumor,"Preclinical, IND Application",1,1,0.2458526194095611,0.0394914634525775,0.2523316740989685,0.039888359606266,0.3797339301663551,0.2958513039616033,0.978569712522789,0.9955845656164276,0.2438085228204727,0.0397807545959949,0.2444076240062713,0.0414723642170429,0.2505553066730499,0.0420105867087841,0.2063611559569836,0.009709079734133128,0.2853440828621386,0.0394914634525775,0.2458526194095611,0.2958513039616033,0.11234477839818056,0.978569712522789,0.9742489021673933,0.004652963191685758,0.9997559408832786,0,0,0
ARB-201,CD3E,CDH17,Colonic Cancer,"Preclinical, IND Application",1,1,0.736981987953186,0.0132450331002473,0.7350622415542603,0.0152808465063571,0.3243314437737325,0.1679373217468908,1.0024453429260909,0.9688145372638274,0.7345154881477356,0.0138813406229019,0.7241330146789551,0.013516392558813,0.7432199120521545,0.0136013384908437,0.7237369548529388,0.009761350824726006,0.7502270210534333,0.0132450331002473,0.736981987953186,0.1679373217468908,0.05446735402566294,0.9688145372638274,0.9711836210392195,0.0015734415883081633,0.9625429212046969,1,0,0
ATOR-4066,CD40,CEACAM5,Neoplasms,"Preclinical, IND Application",1,1,0.2458526194095611,0.2892422974109649,0.2523316740989685,0.280055820941925,0.3797339301663551,0.4454749295791184,0.978569712522789,1.0278330993915612,0.2438085228204727,0.2842103540897369,0.2444076240062713,0.2666824460029602,0.2505553066730499,0.286066859960556,0.04338967800140381,0.07111097646252504,0.535094916820526,0.2458526194095611,0.2892422974109649,0.3797339301663551,0.1691619457996589,0.978569712522789,1.0058063405930073,0.006788250300015728,0.9957416914875051,0,0,0
B-193,CD19,CD3E,Neoplasms,"Preclinical, IND Application",1,1,0.064342513680458,0.736981987953186,0.0662170052528381,0.7350622415542603,0.3396251482844286,0.3243314437737325,0.9838707634196736,1.0024453429260909,0.0652454048395156,0.7345154881477356,0.0630370453000068,0.7241330146789551,0.0646611973643302,0.7432199120521545,0.6726394742727281,0.04741927364212901,0.801324501633644,0.064342513680458,0.736981987953186,0.3243314437737325,0.11015111468495671,0.9838707634196736,0.9862766648311896,0.015571900789453794,0.9999607610080415,1,0,0
B-902,CD274,TIGIT,Solid tumor,"Preclinical, IND Application",1,1,0.0394914634525775,0.1678885519504547,0.039888359606266,0.1682288646697998,0.2958513039616033,0.3933687403676078,0.9955845656164276,0.9984405696292284,0.0397807545959949,0.1612036675214767,0.0414723642170429,0.1679251939058303,0.0420105867087841,0.1677955389022827,0.1283970884978772,0.006630164613457542,0.20738001540303222,0.0394914634525775,0.1678885519504547,0.2958513039616033,0.11637865477549016,0.9955845656164276,0.9940320208081339,0.0029268204245758924,0.9992437209586109,0,1,0
BA-3142,CD276,CD3E,Neoplasms,"Preclinical, IND Application",1,1,0.1288622170686721,0.736981987953186,0.1321548968553543,0.7350622415542603,0.3766942831236453,0.3243314437737325,0.9819237371955102,1.0024453429260909,0.1285343915224075,0.7345154881477356,0.1307610422372818,0.7241330146789551,0.1309951394796371,0.7432199120521545,0.608119770884514,0.09496913290732495,0.8658442050218581,0.1288622170686721,0.736981987953186,0.3243314437737325,0.12217380070680303,0.9819237371955102,0.9843248774602219,0.029252716853053657,0.9999360795055625,1,0,0
BA-3311,CD3E,EGFR,Neoplasms,"Preclinical, IND Application",1,1,0.736981987953186,0.2500387728214264,0.7350622415542603,0.2226305454969406,0.3243314437737325,0.4410472192302643,1.0024453429260909,1.100532489030263,0.7345154881477356,0.2356877774000167,0.7241330146789551,0.2406675368547439,0.7432199120521545,0.2502810657024383,0.48694321513175964,0.18427407185930988,0.9870207607746124,0.2500387728214264,0.736981987953186,0.3243314437737325,0.14304548138534154,1.0024453429260909,1.1032236683672463,0.02655644370876967,0.9998130944753393,1,0,0
BC005 (Shandong Buchang Pharmaceuticals),CD3E,GPC3,Solid tumor,"Preclinical, IND Application",1,1,0.736981987953186,0.0687058418989181,0.7350622415542603,0.0643098056316375,0.3243314437737325,0.3672544640721659,1.0024453429260909,1.0384572105865246,0.7345154881477356,0.0701675415039062,0.7241330146789551,0.0641969442367553,0.7432199120521545,0.0698165446519851,0.6682761460542679,0.05063496794666196,0.8056878298521042,0.0687058418989181,0.736981987953186,0.3243314437737325,0.11911217056487394,1.0024453429260909,1.0409965945804804,0.007542177754284767,0.9927968976746607,1,0,0
BC261,CD3E,STEAP1,Neoplasms,"Preclinical, IND Application",1,1,0.736981987953186,0.11949323117733,0.7350622415542603,0.1148040443658828,0.3243314437737325,0.398070893058546,1.0024453429260909,1.028453105198296,0.7345154881477356,0.1178361251950264,0.7241330146789551,0.1229494586586952,0.7432199120521545,0.1267172992229461,0.617488756775856,0.08806435906001829,0.856475219130516,0.11949323117733,0.736981987953186,0.3243314437737325,0.1291069074699773,1.0024453429260909,1.0309680257239087,0.017780628652853556,0.9996891661198833,1,0,0
BCD-105,MS4A1,CD3E,Non-Hodgkin Lymphoma,"Preclinical, IND Application",1,1,0.3328534364700317,0.736981987953186,0.3374113142490387,0.7350622415542603,0.4109104902294773,0.3243314437737325,0.9882350421596696,1.0024453429260909,0.3303883373737335,0.7345154881477356,0.3282518684864044,0.7241330146789551,0.3216332495212555,0.7432199120521545,0.40412855148315435,0.24530698730673348,1.0698354244232178,0.3328534364700317,0.736981987953186,0.3243314437737325,0.13327119255789857,0.9882350421596696,0.9906516157293299,0.03673579820965552,0.9998183393155541,1,0,0
BCD-106,CD47,CD274,Solid tumor,"Preclinical, IND Application",1,1,1.0568561553955078,0.0394914634525775,1.0716129541397097,0.039888359606266,0.2853614815892538,0.2958513039616033,0.9868432343887108,0.9955845656164276,1.0485692024230957,0.0397807545959949,1.054349660873413,0.0414723642170429,1.0603833198547363,0.0420105867087841,1.0173646919429302,0.04173679623543326,1.0963476188480854,0.0394914634525775,1.0568561553955078,0.2853614815892538,0.08442456642859579,0.9868432343887108,0.9824858928403951,0.012500538397842924,0.9996069715827993,0,0,0
BCG-011,EGFR,TACSTD2,Neoplasms,"Preclinical, IND Application",1,1,0.2500387728214264,1.0140867233276367,0.2226305454969406,1.0329108238220217,0.4410472192302643,0.4076124214721044,1.100532489030263,0.9826171277631642,0.2356877774000167,1.0026551485061646,0.2406675368547439,1.0441235303878784,0.2502810657024383,1.013436794281006,0.7640479505062103,0.25356099983534364,1.264125496149063,0.2500387728214264,1.0140867233276367,0.4076124214721044,0.17977632501398613,0.9826171277631642,1.081402073380963,0.012417580034097972,0.9992591753538023,0,0,0
BCG-012,ERBB3,MUC1,Neoplasms,"Preclinical, IND Application",1,1,0.2228399366140365,1.539303183555603,0.2218862622976303,1.5285964012145996,0.4077920779026814,0.4046044839415069,1.003507622298924,1.0067824697514611,0.2227225452661514,1.5239663124084473,0.2285714298486709,1.52564799785614,0.2277127206325531,1.568705916404724,1.3164632469415665,0.34301822385331515,1.7621431201696396,0.2228399366140365,1.539303183555603,0.4046044839415069,0.1649945032352492,1.003507622298924,1.0103138823925273,0.016787681230316272,0.9983418594868076,0,0,0
BCG-033,PTK7,TACSTD2,Triple Negative Breast Cancer,"Preclinical, IND Application",1,1,0.0806883871555328,1.0140867233276367,0.0815211087465286,1.0329108238220217,0.3608181959242394,0.4076124214721044,0.9936685327630514,0.9826171277631642,0.0824806317687034,1.0026551485061646,0.0831814408302307,1.0441235303878784,0.0777415186166763,1.013436794281006,0.9333983361721039,0.08182502214114602,1.0947751104831696,0.0806883871555328,1.0140867233276367,0.3608181959242394,0.14707397855187543,0.9826171277631642,0.9763957196122672,0.007972120923142733,0.9996475648986668,0,0,0
BCMA x CD16 Dual Engagers(Oncopeptides),TNFRSF17,FCGR3A,Multiple Myeloma,"Preclinical, IND Application",1,1,0.040244523435831,1.1602472066879272,0.0402837544679641,1.13978374004364,0.3027197340691121,0.3864865631973361,0.9995654696421932,1.0171993161072588,0.0414421670138835,1.136282444000244,0.0414013490080833,1.1368446350097656,0.0406943261623382,1.1213973760604858,1.1200026832520962,0.04669359590090974,1.2004917301237583,0.040244523435831,1.1602472066879272,0.3027197340691121,0.11699710963238268,0.9995654696421932,1.0167573121244697,0.003952667150787416,0.9994803506847432,0,0,0
BCMA-CS1 HLE BiTE,TNFRSF17,CACNA1G-AS1,Multiple Myeloma,"Preclinical, IND Application",1,1,0.040244523435831,0.0002436377399135,0.0402837544679641,0.0002325851819477,0.3027197340691121,0.0048256596727128,0.9995654696421932,1.0002200276558673,0.0414421670138835,0.0001863267243606,0.0414013490080833,0.000284057285171,0.0406943261623382,0.0001645323209231,0.0400008856959175,9.805084733801749e-06,0.040488161175744504,0.0002436377399135,0.040244523435831,0.0048256596727128,0.0014608224128316574,0.9995654696421932,0.9997854016893644,3.629259779338667e-06,0.8903564093343559,0,0,0
BCMA-TACI dual-specific T cell engager (Hummingbird Bioscience),TNFRSF17,TNFRSF13B,Multiple Myeloma,"Preclinical, IND Application",1,1,0.040244523435831,0.0646525919437408,0.0402837544679641,0.056936852633953,0.3027197340691121,0.3628613371481914,0.9995654696421932,1.0721522947397646,0.0414421670138835,0.0620933808386325,0.0414013490080833,0.0570245012640953,0.0406943261623382,0.0596978105604648,0.024408068507909803,0.0026019127516670954,0.1048971153795718,0.040244523435831,0.0646525919437408,0.3027197340691121,0.10984528748546293,0.9995654696421932,1.071686412019508,0.0007339169775997848,0.9994873771913578,0,0,0
BD-9,IL13,TSLP,Neoplasms,"Preclinical, IND Application",1,1,0.0022591862361878,0.0077521097846329,0.0022560763172805,0.0073264334350824,0.0413844849378975,0.1183740140335872,1.0000595130581256,1.0074254811270011,0.0021893389057368,0.0076393955387175,0.002272458281368,0.0079772751778364,0.0017001673113554,0.0084734139963984,0.0054929235484451,1.7513459726859418e-05,0.0100112960208207,0.0022591862361878,0.0077521097846329,0.0413844849378975,0.0048988476008114575,1.0000595130581256,1.0074854360982166,8.948053308347257e-06,0.8818246643944965,0,0,0
BH-1657,IL-17A,TNF-Α,Rheumatoid Arthritis,"Preclinical, IND Application",1,1,0.0687058418989181,0.0687058418989181,0.0662170052528381,0.0662170052528381,0.3349080558811468,0.3349080558811468,1.002538754437549,1.002538754437549,0.067636601626873,0.067636601626873,0.0669665038585662,0.0669665038585662,0.0698165446519851,0.0698165446519851,0.0,0.004720492711039129,0.1374116837978362,0.0687058418989181,0.0687058418989181,0.3349080558811468,0.11216340589408935,1.002538754437549,1.0050839541491923,0.0014767354040635988,1.0000000000000002,0,0,0
BH2922,EGFR,PDCD1,Colorectal Cancer | Non-Small Cell Lung Cancer,"Preclinical, IND Application",1,1,0.2500387728214264,0.0371215306222438,0.2226305454969406,0.0368414930999279,0.4410472192302643,0.2913144945871229,1.100532489030263,1.003224697230778,0.2356877774000167,0.0363958217203617,0.2406675368547439,0.0375192314386367,0.2502810657024383,0.0369100831449031,0.2129172421991826,0.00928182196203884,0.28716030344367016,0.0371215306222438,0.2500387728214264,0.2913144945871229,0.12848344775912043,1.003224697230778,1.10408137310002,0.0022962205942899474,0.998766798786812,0,0,0
BH2941,PDCD1,CD274,Neoplasms,"Preclinical, IND Application",1,1,0.0371215306222438,0.0394914634525775,0.0368414930999279,0.039888359606266,0.2913144945871229,0.2958513039616033,1.003224697230778,0.9955845656164276,0.0363958217203617,0.0397807545959949,0.0375192314386367,0.0414723642170429,0.0369100831449031,0.0420105867087841,0.0023699328303337028,0.0014659835698720774,0.0766129940748213,0.0371215306222438,0.0394914634525775,0.2913144945871229,0.08618577308651573,0.9955845656164276,0.9987950244081761,0.0008782484887757093,0.9986444433383105,0,1,0
BI-836901,ANGPT2,DLL4,Neoplasms,"Preclinical, IND Application",1,1,0.0338656455278396,0.0069326008670032,0.0381439700722694,0.0074427258223295,0.2708901263507595,0.107006552796355,0.9514620848037368,0.9911194159395544,0.0361939668655395,0.0075928140431642,0.0348443612456321,0.00714877480641,0.0354292914271354,0.0075410646386444,0.0269330446608364,0.00023477700354792384,0.0407982463948428,0.0069326008670032,0.0338656455278396,0.107006552796355,0.028987018607363822,0.9514620848037368,0.9430125457793105,0.00013936200569272588,0.9988333779244609,0,0,1
BiCKI-IL-7,IL7,PDCD1,Neoplasms,"Preclinical, IND Application",1,1,0.0261356849223375,0.0371215306222438,0.0256076287478208,0.0368414930999279,0.2509697526268256,0.2913144945871229,1.0069841652656233,1.003224697230778,0.0260546877980232,0.0363958217203617,0.0260859280824661,0.0375192314386367,0.025036334991455,0.0369100831449031,0.010985845699906297,0.000970196628177867,0.0632572155445813,0.0261356849223375,0.0371215306222438,0.2509697526268256,0.07311112664313896,1.003224697230778,1.0102313843147925,0.000670662482337814,0.9960061776927135,0,0,0
BMX-101,CD38,CD274,Multiple Myeloma,"Preclinical, IND Application",1,1,0.1074885353446006,0.0394914634525775,0.1087568327784538,0.039888359606266,0.37467679369076,0.2958513039616033,0.9920110686787064,0.9955845656164276,0.1058180555701255,0.0397807545959949,0.1106639802455902,0.0414723642170429,0.109743058681488,0.0420105867087841,0.06799707189202309,0.004244879565132379,0.1469799987971781,0.0394914634525775,0.1074885353446006,0.2958513039616033,0.11084861797756397,0.9920110686787064,0.987630908897178,0.002186852227811717,0.999947647237089,0,0,0
BSI-725,CLDN18,TACSTD2,Neoplasms,"Preclinical, IND Application",1,1,0.0524928569793701,1.0140867233276367,0.0540760569274425,1.0329108238220217,0.3289381011593739,0.4076124214721044,0.9847880483291545,0.9826171277631642,0.053786315023899,1.0026551485061646,0.0516037419438362,1.0441235303878784,0.0546247288584709,1.013436794281006,0.9615938663482666,0.053232309332315694,1.0665795803070068,0.0524928569793701,1.0140867233276367,0.3289381011593739,0.13407925592800843,0.9826171277631642,0.9676696035046859,0.0027425753955699,0.9861819180559416,0,0,0
BV28-OKT3,CD3E,CD79B,Non-Hodgkin Lymphoma,"Preclinical, IND Application",1,1,0.736981987953186,0.3330749273300171,0.7350622415542603,0.3475520312786102,0.3243314437737325,0.3877618972762607,1.0024453429260909,0.9635843793778848,0.7345154881477356,0.3334627151489258,0.7241330146789551,0.3305716514587402,0.7432199120521545,0.3242657780647278,0.40390706062316895,0.24547022208103897,1.0700569152832031,0.3330749273300171,0.736981987953186,0.3243314437737325,0.1257633759840514,0.9635843793778848,0.9659406736236882,0.049456297810907636,0.9998402830185176,1,0,0
CB-213,LAG3,PDCD1,Solid tumor,"Preclinical, IND Application",1,1,0.0885069444775581,0.0371215306222438,0.0936155393719673,0.0368414930999279,0.3563741201757921,0.2913144945871229,0.9644286759166234,1.003224697230778,0.09308572858572,0.0363958217203617,0.089312344789505,0.0375192314386367,0.0903282389044761,0.0369100831449031,0.051385413855314296,0.003285513249704904,0.1256284750998019,0.0371215306222438,0.0885069444775581,0.2913144945871229,0.10381694670294148,0.9644286759166234,0.9675386663971345,0.00181206615465941,0.9952051920995237,0,1,0
CD117xCD3 BiTE(Harbour BioMed),CD3E,KIT,Hematopoietic stem cell transplantation,"Preclinical, IND Application",1,1,0.736981987953186,0.0257591530680656,0.7350622415542603,0.0271194316446781,0.3243314437737325,0.2461153443348412,1.0024453429260909,0.9823614029875136,0.7345154881477356,0.0271105375140905,0.7241330146789551,0.0263699851930141,0.7432199120521545,0.0255847759544849,0.7112228348851204,0.018984031836093398,0.7627411410212517,0.0257591530680656,0.736981987953186,0.2461153443348412,0.07982294496298836,0.9823614029875136,0.9847636134951738,0.00541470743769906,0.9943052552373288,1,0,0
CD19 HLE BiTE,CD19,CD3E,Hematologic Neoplasms | Melanoma,"Preclinical, IND Application",1,1,0.064342513680458,0.736981987953186,0.0662170052528381,0.7350622415542603,0.3396251482844286,0.3243314437737325,0.9838707634196736,1.0024453429260909,0.0652454048395156,0.7345154881477356,0.0630370453000068,0.7241330146789551,0.0646611973643302,0.7432199120521545,0.6726394742727281,0.04741927364212901,0.801324501633644,0.064342513680458,0.736981987953186,0.3243314437737325,0.11015111468495671,0.9838707634196736,0.9862766648311896,0.015571900789453794,0.9999607610080415,1,0,0
"CD3XCD20 bsAb(Protheragen, Inc.)",MS4A1,CD3E,Lymphoma,"Preclinical, IND Application",1,1,0.3328534364700317,0.736981987953186,0.3374113142490387,0.7350622415542603,0.4109104902294773,0.3243314437737325,0.9882350421596696,1.0024453429260909,0.3303883373737335,0.7345154881477356,0.3282518684864044,0.7241330146789551,0.3216332495212555,0.7432199120521545,0.40412855148315435,0.24530698730673348,1.0698354244232178,0.3328534364700317,0.736981987953186,0.3243314437737325,0.13327119255789857,0.9882350421596696,0.9906516157293299,0.03673579820965552,0.9998183393155541,1,0,0
CD3xMOSPD2 BiTE,CD3E,MOSPD2,Uterine Cervical Cancer | Breast Cancer,"Preclinical, IND Application",1,1,0.736981987953186,0.084232211112976,0.7350622415542603,0.0830794274806976,0.3243314437737325,0.3612135949089104,1.0024453429260909,1.0086623729460036,0.7345154881477356,0.0825272127985954,0.7241330146789551,0.081500768661499,0.7432199120521545,0.084651879966259,0.6527497768402101,0.06207762239573351,0.821214199066162,0.084232211112976,0.736981987953186,0.3243314437737325,0.11715292674750707,1.0024453429260909,1.011128898344501,0.023121465593448978,0.9999175748125991,1,0,0
CDX-622,TSLP,KIT,Inflammation,"Preclinical, IND Application",1,1,0.0077521097846329,0.0257591530680656,0.0073264334350824,0.0271194316446781,0.1183740140335872,0.2461153443348412,1.0074254811270011,0.9823614029875136,0.0076393955387175,0.0271105375140905,0.0079772751778364,0.0263699851930141,0.0084734139963984,0.0255847759544849,0.0180070432834327,0.00019968778254280794,0.0335112628526985,0.0077521097846329,0.0257591530680656,0.1183740140335872,0.02913366122417364,0.9823614029875136,0.9896559090452918,0.000102483173047165,0.9833114790523362,0,0,0
CI-107,CD3E,EGFR,Colonic Cancer,"Preclinical, IND Application",1,1,0.736981987953186,0.2500387728214264,0.7350622415542603,0.2226305454969406,0.3243314437737325,0.4410472192302643,1.0024453429260909,1.100532489030263,0.7345154881477356,0.2356877774000167,0.7241330146789551,0.2406675368547439,0.7432199120521545,0.2502810657024383,0.48694321513175964,0.18427407185930988,0.9870207607746124,0.2500387728214264,0.736981987953186,0.3243314437737325,0.14304548138534154,1.0024453429260909,1.1032236683672463,0.02655644370876967,0.9998130944753393,1,0,0
CIT-801,IL15R,PD-1,Neoplasms,"Preclinical, IND Application",1,1,0.0687058418989181,0.0687058418989181,0.0662170052528381,0.0662170052528381,0.3349080558811468,0.3349080558811468,1.002538754437549,1.002538754437549,0.067636601626873,0.067636601626873,0.0669665038585662,0.0669665038585662,0.0698165446519851,0.0698165446519851,0.0,0.004720492711039129,0.1374116837978362,0.0687058418989181,0.0687058418989181,0.3349080558811468,0.11216340589408935,1.002538754437549,1.0050839541491923,0.0014767354040635988,1.0000000000000002,0,0,0
CLDN18.2 x CD3,CD3,CLDN18.2,Neoplasms,"Preclinical, IND Application",1,1,0.0687058418989181,0.0687058418989181,0.0662170052528381,0.0662170052528381,0.3349080558811468,0.3349080558811468,1.002538754437549,1.002538754437549,0.067636601626873,0.067636601626873,0.0669665038585662,0.0669665038585662,0.0698165446519851,0.0698165446519851,0.0,0.004720492711039129,0.1374116837978362,0.0687058418989181,0.0687058418989181,0.3349080558811468,0.11216340589408935,1.002538754437549,1.0050839541491923,0.0014767354040635988,1.0000000000000002,0,0,0
CLDN6xCD3 Bispecific Antibody (Context Therapeutics LLC),CD3E,CLDN6,Ovarian Cancer,"Preclinical, IND Application",1,1,0.736981987953186,0.0349730886518955,0.7350622415542603,0.031980462372303,0.3243314437737325,0.2967179597916497,1.0024453429260909,1.036504140047441,0.7345154881477356,0.0315979085862636,0.7241330146789551,0.0374008752405643,0.7432199120521545,0.0322209112346172,0.7020088993012905,0.02577453639953696,0.7719550766050816,0.0349730886518955,0.736981987953186,0.2967179597916497,0.09623496429282206,1.0024453429260909,1.03903874811417,0.002807078889939476,0.9635116468382461,1,0,0
CM-109,CD3E,MUC17,Gastroesophageal junction adenocarcinoma | Stomach Cancer,"Preclinical, IND Application",1,1,0.736981987953186,0.000221488851821,0.7350622415542603,0.0002558437117841,0.3243314437737325,0.0043867647921779,1.0024453429260909,0.9993164006924232,0.7345154881477356,0.0003260717785451,0.7241330146789551,0.0002603858301881,0.7432199120521545,0.0002742205397225,0.736760499101365,0.00016323329432450925,0.7372034768050071,0.000221488851821,0.736981987953186,0.0043867647921779,0.001422765758542836,0.9993164006924232,1.0017600719837831,7.387049710367044e-05,0.8894867031916819,1,0,0
CM-110,CD3E,DLL3,Small Cell Lung Cancer,"Preclinical, IND Application",1,1,0.736981987953186,0.0083279805257916,0.7350622415542603,0.0079311551526188,0.3243314437737325,0.1248928920695039,1.0024453429260909,1.006849947530432,0.7345154881477356,0.0088349925354123,0.7241330146789551,0.008379690349102,0.7432199120521545,0.008308881893754,0.7286540074273944,0.006137571643533313,0.7453099684789777,0.0083279805257916,0.736981987953186,0.1248928920695039,0.04050669200197914,1.0024453429260909,1.0093120409272605,0.002201340813689379,0.9970972677330034,1,0,0
COVA4231,CD3E,CD33,Acute Myeloid Leukemia,"Preclinical, IND Application",1,1,0.736981987953186,0.1207557171583175,0.7350622415542603,0.1188045144081115,0.3243314437737325,0.3838881241508067,1.0024453429260909,1.0115589488648902,0.7345154881477356,0.1197304502129554,0.7241330146789551,0.1207243427634239,0.7432199120521545,0.1185455322265625,0.6162262707948686,0.08899478848804948,0.8577377051115035,0.1207557171583175,0.736981987953186,0.3243314437737325,0.12450698955342102,1.0024453429260909,1.0140325573848208,0.026445637963114145,0.99938230917256,1,0,0
DB-001(DotBio Pte),HER2 EXON 20,PDL1,Solid tumor,"Preclinical, IND Application",1,1,0.0687058418989181,0.0687058418989181,0.0662170052528381,0.0662170052528381,0.3349080558811468,0.3349080558811468,1.002538754437549,1.002538754437549,0.067636601626873,0.067636601626873,0.0669665038585662,0.0669665038585662,0.0698165446519851,0.0698165446519851,0.0,0.004720492711039129,0.1374116837978362,0.0687058418989181,0.0687058418989181,0.3349080558811468,0.11216340589408935,1.002538754437549,1.0050839541491923,0.0014767354040635988,1.0000000000000002,0,0,0
DB-002,CTLA4,CD274,Solid tumor,"Preclinical, IND Application",1,1,0.0449843853712081,0.0394914634525775,0.0441446676850318,0.039888359606266,0.3134094143326692,0.2958513039616033,1.008919439696634,0.9955845656164276,0.044516559690237,0.0397807545959949,0.043271392583847,0.0414723642170429,0.0453834980726242,0.0420105867087841,0.0054929219186306,0.0017764992108237267,0.0844758488237856,0.0394914634525775,0.0449843853712081,0.2958513039616033,0.09272258390416259,0.9955845656164276,1.0044646221123428,0.0009490749798060097,0.9984347855420377,0,1,0
DM-004,TPBG,MET,Solid tumor,"Preclinical, IND Application",1,1,0.0925601869821548,0.2726970613002777,0.0898941755294799,0.2730317413806915,0.3759595444104086,0.4203732279753822,1.019057344185949,0.998963940574436,0.0951042622327804,0.2747542858123779,0.0894780457019805,0.2727423310279846,0.0964982062578201,0.2936901748180389,0.18013687431812292,0.025240890983437837,0.3652572482824325,0.0925601869821548,0.2726970613002777,0.3759595444104086,0.1580433272719575,0.998963940574436,1.018001540219315,0.004501714599827392,0.999324911266679,0,0,0
DM-005,EGFR,MET,Solid tumor | Non-Small Cell Lung Cancer | Pancreatic Ductal Adenocarcinoma,"Preclinical, IND Application",1,1,0.2500387728214264,0.2726970613002777,0.2226305454969406,0.2730317413806915,0.4410472192302643,0.4203732279753822,1.100532489030263,0.998963940574436,0.2356877774000167,0.2747542858123779,0.2406675368547439,0.2727423310279846,0.2502810657024383,0.2936901748180389,0.02265828847885132,0.06818483855953072,0.5227358341217041,0.2500387728214264,0.2726970613002777,0.4203732279753822,0.18540444323739225,0.998963940574436,1.0993922719718638,0.00641954144640202,0.9994485690962657,0,0,0
DM-926,LILRB1,LILRB2,Neoplasms,"Preclinical, IND Application",1,1,0.0875102430582046,0.0752619132399559,0.084754042327404,0.0728689357638359,0.3678611263460118,0.3611648395889898,1.020453566239624,1.0194758541794444,0.0838780775666236,0.0695309191942215,0.0866138041019439,0.0753225237131118,0.083527572453022,0.0733265727758407,0.012248329818248693,0.006586188320654047,0.1627721562981605,0.0752619132399559,0.0875102430582046,0.3611648395889898,0.13285850468778246,1.0194758541794444,1.0403277710926009,0.0033857240857038365,0.999771621515554,0,0,0
DM001,EGFR,TACSTD2,Neoplasms,"Preclinical, IND Application",1,1,0.2500387728214264,1.0140867233276367,0.2226305454969406,1.0329108238220217,0.4410472192302643,0.4076124214721044,1.100532489030263,0.9826171277631642,0.2356877774000167,1.0026551485061646,0.2406675368547439,1.0441235303878784,0.2502810657024383,1.013436794281006,0.7640479505062103,0.25356099983534364,1.264125496149063,0.2500387728214264,1.0140867233276367,0.4076124214721044,0.17977632501398613,0.9826171277631642,1.081402073380963,0.012417580034097972,0.9992591753538023,0,0,0
DM002,LILRB1,LILRB2,Neoplasms,"Preclinical, IND Application",1,1,0.0875102430582046,0.0752619132399559,0.084754042327404,0.0728689357638359,0.3678611263460118,0.3611648395889898,1.020453566239624,1.0194758541794444,0.0838780775666236,0.0695309191942215,0.0866138041019439,0.0753225237131118,0.083527572453022,0.0733265727758407,0.012248329818248693,0.006586188320654047,0.1627721562981605,0.0752619132399559,0.0875102430582046,0.3611648395889898,0.13285850468778246,1.0194758541794444,1.0403277710926009,0.0033857240857038365,0.999771621515554,0,0,0
DR50102,CD3,CEA,Solid tumor,"Preclinical, IND Application",1,1,0.0687058418989181,0.0687058418989181,0.0662170052528381,0.0662170052528381,0.3349080558811468,0.3349080558811468,1.002538754437549,1.002538754437549,0.067636601626873,0.067636601626873,0.0669665038585662,0.0669665038585662,0.0698165446519851,0.0698165446519851,0.0,0.004720492711039129,0.1374116837978362,0.0687058418989181,0.0687058418989181,0.3349080558811468,0.11216340589408935,1.002538754437549,1.0050839541491923,0.0014767354040635988,1.0000000000000002,0,0,0
EGFR-CD3 Pb-TCB,CD3E,EGFR,Neoplasms,"Preclinical, IND Application",1,1,0.736981987953186,0.2500387728214264,0.7350622415542603,0.2226305454969406,0.3243314437737325,0.4410472192302643,1.0024453429260909,1.100532489030263,0.7345154881477356,0.2356877774000167,0.7241330146789551,0.2406675368547439,0.7432199120521545,0.2502810657024383,0.48694321513175964,0.18427407185930988,0.9870207607746124,0.2500387728214264,0.736981987953186,0.3243314437737325,0.14304548138534154,1.0024453429260909,1.1032236683672463,0.02655644370876967,0.9998130944753393,1,0,0
EGFR-XPAT,CD3E,EGFR,Neoplasms,"Preclinical, IND Application",1,1,0.736981987953186,0.2500387728214264,0.7350622415542603,0.2226305454969406,0.3243314437737325,0.4410472192302643,1.0024453429260909,1.100532489030263,0.7345154881477356,0.2356877774000167,0.7241330146789551,0.2406675368547439,0.7432199120521545,0.2502810657024383,0.48694321513175964,0.18427407185930988,0.9870207607746124,0.2500387728214264,0.736981987953186,0.3243314437737325,0.14304548138534154,1.0024453429260909,1.1032236683672463,0.02655644370876967,0.9998130944753393,1,0,0
EK193,CD19,CD3E,Lymphoma,"Preclinical, IND Application",1,1,0.064342513680458,0.736981987953186,0.0662170052528381,0.7350622415542603,0.3396251482844286,0.3243314437737325,0.9838707634196736,1.0024453429260909,0.0652454048395156,0.7345154881477356,0.0630370453000068,0.7241330146789551,0.0646611973643302,0.7432199120521545,0.6726394742727281,0.04741927364212901,0.801324501633644,0.064342513680458,0.736981987953186,0.3243314437737325,0.11015111468495671,0.9838707634196736,0.9862766648311896,0.015571900789453794,0.9999607610080415,1,0,0
EM801,TNFRSF17,CD3E,Multiple Myeloma,"Preclinical, IND Application",1,1,0.040244523435831,0.736981987953186,0.0402837544679641,0.7350622415542603,0.3027197340691121,0.3243314437737325,0.9995654696421932,1.0024453429260909,0.0414421670138835,0.7345154881477356,0.0414013490080833,0.7241330146789551,0.0406943261623382,0.7432199120521545,0.6967374645173551,0.029659488885967315,0.777226511389017,0.040244523435831,0.736981987953186,0.3027197340691121,0.0981815284094355,0.9995654696421932,1.0020097499925473,0.006072154861921742,0.9987171668478415,1,0,0
EPB-002,CD3E,NECTIN4,Triple Negative Breast Cancer | Bladder Cancer | Pancreatic Carcinoma,"Preclinical, IND Application",1,1,0.736981987953186,0.0687058418989181,0.7350622415542603,0.0662170052528381,0.3243314437737325,0.3349080558811468,1.0024453429260909,1.002538754437549,0.7345154881477356,0.067636601626873,0.7241330146789551,0.0669665038585662,0.7432199120521545,0.0698165446519851,0.6682761460542679,0.05063496794666196,0.8056878298521042,0.0687058418989181,0.736981987953186,0.3243314437737325,0.10862121329538624,1.0024453429260909,1.004990305488845,0.012816531247486869,0.9999381903151915,1,0,0
ES-019,CD274,SIRPA,Solid tumor | Neoplasms,"Preclinical, IND Application",1,1,0.0394914634525775,0.1832598745822906,0.039888359606266,0.1815792471170425,0.2958513039616033,0.3951860349793112,0.9955845656164276,1.0072572455700173,0.0397807545959949,0.1780662387609481,0.0414723642170429,0.177441120147705,0.0420105867087841,0.1837551742792129,0.1437684111297131,0.007237200639390465,0.2227513380348681,0.0394914634525775,0.1832598745822906,0.2958513039616033,0.116916303756045,0.9955845656164276,1.002809767294825,0.0031905647864125305,0.9998862751517266,0,0,0
ES-028,CLDN18,SIRPA,Neoplasms | Solid tumor,"Preclinical, IND Application",1,1,0.0524928569793701,0.1832598745822906,0.0540760569274425,0.1815792471170425,0.3289381011593739,0.3951860349793112,0.9847880483291545,1.0072572455700173,0.053786315023899,0.1780662387609481,0.0516037419438362,0.177441120147705,0.0546247288584709,0.1837551742792129,0.13076701760292048,0.009619834386505483,0.2357527315616607,0.0524928569793701,0.1832598745822906,0.3289381011593739,0.12999174395079655,0.9847880483291545,0.9919348970302971,0.0018424061384811278,0.9913013227068361,0,0,0
ESK1-BiTE,CD3E,WT1,Neoplasms,"Preclinical, IND Application",1,1,0.736981987953186,0.0024806750006973,0.7350622415542603,0.0020002326928079,0.3243314437737325,0.0454842081684382,1.0024453429260909,1.009239233807427,0.7345154881477356,0.0021738116629421,0.7241330146789551,0.002296129707247,0.7432199120521545,0.0025228287559002,0.7345013129524888,0.0018282127934796675,0.7394626629538833,0.0024806750006973,0.736981987953186,0.0454842081684382,0.014751958904174559,1.0024453429260909,1.0117071698285514,0.00043583593291163887,0.9827224527496867,1,0,0
EU-501,TNFRSF9,ERBB2,Solid tumor,"Preclinical, IND Application",1,1,0.0411083288490772,0.1458282619714737,0.0405395962297916,0.1440167427062988,0.3043941037308105,0.3952691077726624,1.0062815899669149,1.0093369223702364,0.042078785598278,0.1456919759511947,0.039554975926876,0.1421233266592025,0.0414621420204639,0.1540296673774719,0.1047199331223965,0.005994756148612719,0.1869365908205509,0.0411083288490772,0.1458282619714737,0.3043941037308105,0.12031758579293671,1.0062815899669149,1.015677163055034,0.0020195560087700884,0.9991052313240997,1,0,0
EU-505,TNFRSF9,PDCD1,Neoplasms,"Preclinical, IND Application",1,1,0.0411083288490772,0.0371215306222438,0.0405395962297916,0.0368414930999279,0.3043941037308105,0.2913144945871229,1.0062815899669149,1.003224697230778,0.042078785598278,0.0363958217203617,0.039554975926876,0.0375192314386367,0.0414621420204639,0.0369100831449031,0.003986798226833399,0.0015260040882002872,0.078229859471321,0.0371215306222438,0.0411083288490772,0.2913144945871229,0.08867441448364131,1.003224697230778,1.009526543423464,0.0007332576473560097,0.996657928650251,1,0,0
EVOLVE-105,MS4A1,CD3E,Neoplasms,"Preclinical, IND Application",1,1,0.3328534364700317,0.736981987953186,0.3374113142490387,0.7350622415542603,0.4109104902294773,0.3243314437737325,0.9882350421596696,1.0024453429260909,0.3303883373737335,0.7345154881477356,0.3282518684864044,0.7241330146789551,0.3216332495212555,0.7432199120521545,0.40412855148315435,0.24530698730673348,1.0698354244232178,0.3328534364700317,0.736981987953186,0.3243314437737325,0.13327119255789857,0.9882350421596696,0.9906516157293299,0.03673579820965552,0.9998183393155541,1,0,0
EX-106,CD3E,GPC3,Hepatocellular Carcinoma,"Preclinical, IND Application",1,1,0.736981987953186,0.0687058418989181,0.7350622415542603,0.0643098056316375,0.3243314437737325,0.3672544640721659,1.0024453429260909,1.0384572105865246,0.7345154881477356,0.0701675415039062,0.7241330146789551,0.0641969442367553,0.7432199120521545,0.0698165446519851,0.6682761460542679,0.05063496794666196,0.8056878298521042,0.0687058418989181,0.736981987953186,0.3243314437737325,0.11911217056487394,1.0024453429260909,1.0409965945804804,0.007542177754284767,0.9927968976746607,1,0,0
EX-108,CD3E,TACSTD2,Stomach Cancer,"Preclinical, IND Application",1,1,0.736981987953186,1.0140867233276367,0.7350622415542603,1.0329108238220217,0.3243314437737325,0.4076124214721044,1.0024453429260909,0.9826171277631642,0.7345154881477356,1.0026551485061646,0.7241330146789551,1.0441235303878784,0.7432199120521545,1.013436794281006,0.2771047353744507,0.7473636493149343,1.7510687112808228,0.736981987953186,1.0140867233276367,0.3243314437737325,0.1322015251561548,0.9826171277631642,0.9850199636055956,0.05201221701069466,0.9989573715435935,1,0,0
F7AK3,CD3E,TACSTD2,Triple Negative Breast Cancer,"Preclinical, IND Application",1,1,0.736981987953186,1.0140867233276367,0.7350622415542603,1.0329108238220217,0.3243314437737325,0.4076124214721044,1.0024453429260909,0.9826171277631642,0.7345154881477356,1.0026551485061646,0.7241330146789551,1.0441235303878784,0.7432199120521545,1.013436794281006,0.2771047353744507,0.7473636493149343,1.7510687112808228,0.736981987953186,1.0140867233276367,0.3243314437737325,0.1322015251561548,0.9826171277631642,0.9850199636055956,0.05201221701069466,0.9989573715435935,1,0,0
FL-302,TNFRSF9,CLDN18,Neoplasms,"Preclinical, IND Application",1,1,0.0411083288490772,0.0524928569793701,0.0405395962297916,0.0540760569274425,0.3043941037308105,0.3289381011593739,1.0062815899669149,0.9847880483291545,0.042078785598278,0.053786315023899,0.039554975926876,0.0516037419438362,0.0414621420204639,0.0546247288584709,0.011384528130292906,0.002157893626935523,0.0936011858284473,0.0411083288490772,0.0524928569793701,0.3043941037308105,0.10012681848532229,0.9847880483291545,0.9909740830530765,0.00044716326574552453,0.9948685777926004,1,0,0
GB-262,CD55,CD274,Neoplasms,"Preclinical, IND Application",1,1,0.9329774975776672,0.0394914634525775,0.8835446238517761,0.039888359606266,0.3329259088298421,0.2958513039616033,1.0529518059050382,0.9955845656164276,0.913559913635254,0.0397807545959949,0.9121316075325012,0.0414723642170429,0.9364356994628906,0.0420105867087841,0.8934860341250898,0.03684464674766566,0.9724689610302447,0.0394914634525775,0.9329774975776672,0.2958513039616033,0.09849656424991064,0.9955845656164276,1.0483025662970005,0.010145726205587926,0.9998754564729629,0,0,0
GB-264,CD3,CLDN18.2,Gastrointestinal Neoplasms | Pancreatic Carcinoma,"Preclinical, IND Application",1,1,0.0687058418989181,0.0687058418989181,0.0662170052528381,0.0662170052528381,0.3349080558811468,0.3349080558811468,1.002538754437549,1.002538754437549,0.067636601626873,0.067636601626873,0.0669665038585662,0.0669665038585662,0.0698165446519851,0.0698165446519851,0.0,0.004720492711039129,0.1374116837978362,0.0687058418989181,0.0687058418989181,0.3349080558811468,0.11216340589408935,1.002538754437549,1.0050839541491923,0.0014767354040635988,1.0000000000000002,0,0,0
GB-7015,CD19,CD22,Hematologic Neoplasms,"Preclinical, IND Application",1,1,0.064342513680458,0.0799131765961647,0.0662170052528381,0.0787068232893943,0.3396251482844286,0.3618876210800308,0.9838707634196736,1.009372877645017,0.0652454048395156,0.0791112184524536,0.0630370453000068,0.0790389403700828,0.0646611973643302,0.0765897929668426,0.015570662915706704,0.005141814658387584,0.14425569027662272,0.064342513680458,0.0799131765961647,0.3396251482844286,0.12290613697160456,0.9838707634196736,0.9930924637037157,0.002634958375051683,0.9996852585169169,0,0,0
GB265,CD274,TIGIT,Neoplasms,"Preclinical, IND Application",1,1,0.0394914634525775,0.1678885519504547,0.039888359606266,0.1682288646697998,0.2958513039616033,0.3933687403676078,0.9955845656164276,0.9984405696292284,0.0397807545959949,0.1612036675214767,0.0414723642170429,0.1679251939058303,0.0420105867087841,0.1677955389022827,0.1283970884978772,0.006630164613457542,0.20738001540303222,0.0394914634525775,0.1678885519504547,0.2958513039616033,0.11637865477549016,0.9955845656164276,0.9940320208081339,0.0029268204245758924,0.9992437209586109,0,1,0
GMA-202,CD3E,EDNRA,Ovarian Cancer,"Preclinical, IND Application",1,1,0.736981987953186,0.0167224071919918,0.7350622415542603,0.0172578208148479,0.3243314437737325,0.1966731832239243,1.0024453429260909,0.9920393849165874,0.7345154881477356,0.0171110033988952,0.7241330146789551,0.017516866326332,0.7432199120521545,0.0186195746064186,0.7202595807611942,0.012324112895716772,0.7537043951451778,0.0167224071919918,0.736981987953186,0.1966731832239243,0.0637872974665912,0.9920393849165874,0.9944652614088967,0.004195844235488481,0.9860338160595088,1,0,0
GS18,TGF-Β,VEGF,Solid tumor,"Preclinical, IND Application",1,1,0.0687058418989181,0.0687058418989181,0.0662170052528381,0.0662170052528381,0.3349080558811468,0.3349080558811468,1.002538754437549,1.002538754437549,0.067636601626873,0.067636601626873,0.0669665038585662,0.0669665038585662,0.0698165446519851,0.0698165446519851,0.0,0.004720492711039129,0.1374116837978362,0.0687058418989181,0.0687058418989181,0.3349080558811468,0.11216340589408935,1.002538754437549,1.0050839541491923,0.0014767354040635988,1.0000000000000002,0,0,0
H2-scDb,CD3,P53 R175H,Neoplasms,"Preclinical, IND Application",1,1,0.0687058418989181,0.0687058418989181,0.0662170052528381,0.0662170052528381,0.3349080558811468,0.3349080558811468,1.002538754437549,1.002538754437549,0.067636601626873,0.067636601626873,0.0669665038585662,0.0669665038585662,0.0698165446519851,0.0698165446519851,0.0,0.004720492711039129,0.1374116837978362,0.0687058418989181,0.0687058418989181,0.3349080558811468,0.11216340589408935,1.002538754437549,1.0050839541491923,0.0014767354040635988,1.0000000000000002,0,0,0
HBM-1040,IL2RB,IL2RG,Neoplasms,"Preclinical, IND Application",1,1,0.1296374201774597,0.6048860549926758,0.1308059096336364,0.5917199850082397,0.3787478317425629,0.3100279590227093,0.9935373270788304,1.0205168458081713,0.1284101605415344,0.5970839858055115,0.1265711933374405,0.5865309238433838,0.1269092559814453,0.6025722026824951,0.47524863481521606,0.0784158676705715,0.7345234751701355,0.1296374201774597,0.6048860549926758,0.3100279590227093,0.11742241725942328,0.9935373270788304,1.0139215792231693,0.034326277796079586,0.999929534832391,0,0,0
HBM-7004,VTCN1,CD3E,Solid tumor,"Preclinical, IND Application",1,1,0.0198011025786399,0.736981987953186,0.0157460160553455,0.7350622415542603,0.2294777666621129,0.3243314437737325,1.061678056962126,1.0024453429260909,0.0169867854565382,0.7345154881477356,0.0166883654892444,0.7241330146789551,0.0184276197105646,0.7432199120521545,0.7171808853745462,0.014593055942070993,0.7567830905318259,0.0198011025786399,0.736981987953186,0.2294777666621129,0.07442685537549477,1.0024453429260909,1.0642742238885043,0.0034497522147414255,0.997450450054507,1,0,0
HBM-7021,TNFRSF9,MSLN,Solid tumor,"Preclinical, IND Application",1,1,0.0411083288490772,0.1357283592224121,0.0405395962297916,0.1306430995464325,0.3043941037308105,0.4129907097687201,1.0062815899669149,1.0281508659270568,0.042078785598278,0.1386736631393432,0.039554975926876,0.1350929141044616,0.0414621420204639,0.135190725326538,0.09462003037333491,0.005579566025060597,0.1768366880714893,0.0411083288490772,0.1357283592224121,0.3043941037308105,0.12571193694920083,1.0062815899669149,1.034609288090939,0.0008881315744089311,0.9961818158289172,1,0,0
HBM-7023,TPBG,CD40,Neoplasms,"Preclinical, IND Application",1,1,0.0925601869821548,0.2458526194095611,0.0898941755294799,0.2523316740989685,0.3759595444104086,0.3797339301663551,1.019057344185949,0.978569712522789,0.0951042622327804,0.2438085228204727,0.0894780457019805,0.2444076240062713,0.0964982062578201,0.2505553066730499,0.1532924324274063,0.02275616442260152,0.3384128063917159,0.0925601869821548,0.2458526194095611,0.3759595444104086,0.14276459538251676,0.978569712522789,0.997218652344281,0.00853099651362894,0.9996473208660475,0,0,0
HBM-7024,CD28,CD274,Neoplasms,"Preclinical, IND Application",1,1,0.0621497705578804,0.0394914634525775,0.0568903349339962,0.039888359606266,0.3493032438368902,0.2958513039616033,1.0492040335277446,0.9955845656164276,0.0596556067466735,0.0397807545959949,0.0595100000500679,0.0414723642170429,0.0592042133212089,0.0420105867087841,0.0226583071053029,0.002454385392572611,0.10164123401045791,0.0394914634525775,0.0621497705578804,0.2958513039616033,0.10334182016716184,0.9955845656164276,1.0445713419627234,0.0016209148375791336,0.9974717154927085,1,0,0
HBM-7025,NCR3,ROR1,Neoplasms,"Preclinical, IND Application",1,1,0.0710757747292518,0.0114731220528483,0.066728688776493,0.0120246540755033,0.3582196982562581,0.1544750715903064,1.0372409387814028,0.9911078581432534,0.0657422766089439,0.0121267642825841,0.0679133608937263,0.0114569775760173,0.066882386803627,0.012367345392704,0.05960265267640351,0.0008154610384694568,0.0825488967821001,0.0114731220528483,0.0710757747292518,0.1544750715903064,0.05533601353319343,0.9911078581432534,1.0280176452141336,0.0005598979448225421,0.9993635247152104,0,0,0
HER2-PDL1,ERBB2,CD274,Neoplasms,"Preclinical, IND Application",1,1,0.1458282619714737,0.0394914634525775,0.1440167427062988,0.039888359606266,0.3952691077726624,0.2958513039616033,1.0093369223702364,0.9955845656164276,0.1456919759511947,0.0397807545959949,0.1421233266592025,0.0414723642170429,0.1540296673774719,0.0420105867087841,0.10633679851889619,0.005758971477999351,0.1853197254240512,0.0394914634525775,0.1458282619714737,0.2958513039616033,0.11694088095028167,0.9955845656164276,1.0048802614185937,0.0024188933031871725,0.9995321158483949,0,0,0
HER2/CD3 targeted antibody(BioAtla),CD3E,ERBB2,Solid tumor,"Preclinical, IND Application",1,1,0.736981987953186,0.1458282619714737,0.7350622415542603,0.1440167427062988,0.3243314437737325,0.3952691077726624,1.0024453429260909,1.0093369223702364,0.7345154881477356,0.1456919759511947,0.7241330146789551,0.1421233266592025,0.7432199120521545,0.1540296673774719,0.5911537259817123,0.10747280240749468,0.8828102499246597,0.1458282619714737,0.736981987953186,0.3243314437737325,0.12819820040306268,1.0024453429260909,1.0118050972733967,0.02648996026137635,0.9997368024735713,1,0,0
HK-013,TNFRSF9,MSLN,Solid tumor,"Preclinical, IND Application",1,1,0.0411083288490772,0.1357283592224121,0.0405395962297916,0.1306430995464325,0.3043941037308105,0.4129907097687201,1.0062815899669149,1.0281508659270568,0.042078785598278,0.1386736631393432,0.039554975926876,0.1350929141044616,0.0414621420204639,0.135190725326538,0.09462003037333491,0.005579566025060597,0.1768366880714893,0.0411083288490772,0.1357283592224121,0.3043941037308105,0.12571193694920083,1.0062815899669149,1.034609288090939,0.0008881315744089311,0.9961818158289172,1,0,0
HK056-001,TNFSF9,CD276,Neoplasms,"Preclinical, IND Application",1,1,0.0278411488980054,0.1288622170686721,0.0253517851233482,0.1321548968553543,0.2638357216521236,0.3766942831236453,1.0330365600573663,0.9819237371955102,0.0275763552635908,0.1285343915224075,0.0268434137105941,0.1307610422372818,0.0263251699507236,0.1309951394796371,0.1010210681706667,0.0035876721727359927,0.1567033659666775,0.0278411488980054,0.1288622170686721,0.2638357216521236,0.09938540803015632,0.9819237371955102,1.0143631197111231,0.0020961403562521435,0.9977879170985059,0,0,0
HLX-309,TNFRSF9,NECTIN4,Solid tumor,"Preclinical, IND Application",1,1,0.0411083288490772,0.0687058418989181,0.0405395962297916,0.0662170052528381,0.3043941037308105,0.3349080558811468,1.0062815899669149,1.002538754437549,0.042078785598278,0.067636601626873,0.039554975926876,0.0669665038585662,0.0414621420204639,0.0698165446519851,0.0275975130498409,0.0028243823426334315,0.1098141707479953,0.0411083288490772,0.0687058418989181,0.3043941037308105,0.10194403750216988,1.002538754437549,1.0088362918188674,0.0009771136852247905,0.9993574059622684,1,0,0
HMBD-004A,CD33,CD47,Acute Myeloid Leukemia,"Preclinical, IND Application",1,1,0.1207557171583175,1.0568561553955078,0.1188045144081115,1.0716129541397097,0.3838881241508067,0.2853614815892538,1.0115589488648902,0.9868432343887108,0.1197304502129554,1.0485692024230957,0.1207243427634239,1.054349660873413,0.1185455322265625,1.0603833198547363,0.9361004382371904,0.12762142297796678,1.1776118725538254,0.1207557171583175,1.0568561553955078,0.2853614815892538,0.10954688387219359,0.9868432343887108,0.9982501048726727,0.032546856337656485,0.9996791710020636,0,0,0
HSB-3215,ERBB2,ERBB3,Neoplasms,"Preclinical, IND Application",1,1,0.1458282619714737,0.2228399366140365,0.1440167427062988,0.2218862622976303,0.3952691077726624,0.4077920779026814,1.0093369223702364,1.003507622298924,0.1456919759511947,0.2227225452661514,0.1421233266592025,0.2285714298486709,0.1540296673774719,0.2277127206325531,0.07701167464256281,0.03249636065425831,0.3686681985855102,0.1458282619714737,0.2228399366140365,0.3952691077726624,0.16118761078935293,1.003507622298924,1.0128772950662697,0.007478338495889949,0.9992281321598954,0,0,0
HX-013,IL-10R,PD-1,Neoplasms,"Preclinical, IND Application",1,1,0.0687058418989181,0.0687058418989181,0.0662170052528381,0.0662170052528381,0.3349080558811468,0.3349080558811468,1.002538754437549,1.002538754437549,0.067636601626873,0.067636601626873,0.0669665038585662,0.0669665038585662,0.0698165446519851,0.0698165446519851,0.0,0.004720492711039129,0.1374116837978362,0.0687058418989181,0.0687058418989181,0.3349080558811468,0.11216340589408935,1.002538754437549,1.0050839541491923,0.0014767354040635988,1.0000000000000002,0,0,0
HX-016,PDCD1,KDR,Neoplasms,"Preclinical, IND Application",1,1,0.0371215306222438,0.0352167263627052,0.0368414930999279,0.0358878932893276,0.2913144945871229,0.2848034510558337,1.003224697230778,0.9921855467526552,0.0363958217203617,0.0337561927735805,0.0375192314386367,0.0353888049721717,0.0369100831449031,0.0362793765962123,0.001904804259538595,0.0013072987860883417,0.072338256984949,0.0352167263627052,0.0371215306222438,0.2848034510558337,0.08296737340099859,0.9921855467526552,0.9953850447376864,0.0005716599254212785,0.9982376790444079,0,0,1
IBI-327,TNFRSF4,CD274,Neoplasms,"Preclinical, IND Application",1,1,0.1408004611730575,0.0394914634525775,0.1439702361822128,0.039888359606266,0.3946843765455293,0.2958513039616033,0.9836584464114504,0.9955845656164276,0.145024299621582,0.0397807545959949,0.1464078575372696,0.0414723642170429,0.1364795565605163,0.0420105867087841,0.10130899772047999,0.005560416266521858,0.180291924625635,0.0394914634525775,0.1408004611730575,0.2958513039616033,0.11676788745426728,0.9836584464114504,0.9793151670854738,0.0019433440062694499,0.9983968047545994,0,0,0
IGM-2537,IL3RA,CD3E,Acute Myeloid Leukemia | Myelodysplastic Syndromes | Precursor T-Cell Lymphoblastic Leukemia-Lymphoma,"Preclinical, IND Application",1,1,0.0737114921212196,0.736981987953186,0.0763344541192054,0.7350622415542603,0.3510154527042275,0.3243314437737325,0.9792379520197168,1.0024453429260909,0.074499636888504,0.7345154881477356,0.0712747052311897,0.7241330146789551,0.0758768171072006,0.7432199120521545,0.6632704958319664,0.05432404199849203,0.8106934800744057,0.0737114921212196,0.736981987953186,0.3243314437737325,0.11384534856245243,0.9792379520197168,0.9816325246186479,0.015209935353645824,0.99750948768851,1,0,0
IM-171,CD3E,CLDN6,Endometrioid Carcinoma,"Preclinical, IND Application",1,1,0.736981987953186,0.0349730886518955,0.7350622415542603,0.031980462372303,0.3243314437737325,0.2967179597916497,1.0024453429260909,1.036504140047441,0.7345154881477356,0.0315979085862636,0.7241330146789551,0.0374008752405643,0.7432199120521545,0.0322209112346172,0.7020088993012905,0.02577453639953696,0.7719550766050816,0.0349730886518955,0.736981987953186,0.2967179597916497,0.09623496429282206,1.0024453429260909,1.03903874811417,0.002807078889939476,0.9635116468382461,1,0,0
IM-1920,CD19,MS4A1,Non-Hodgkin Lymphoma,"Preclinical, IND Application",1,1,0.064342513680458,0.3328534364700317,0.0662170052528381,0.3374113142490387,0.3396251482844286,0.4109104902294773,0.9838707634196736,0.9882350421596696,0.0652454048395156,0.3303883373737335,0.0630370453000068,0.3282518684864044,0.0646611973643302,0.3216332495212555,0.26851092278957367,0.02141662678966047,0.3971959501504897,0.064342513680458,0.3328534364700317,0.3396251482844286,0.13955553617581345,0.9838707634196736,0.9722955653677074,0.0051427189949497755,0.9998255169959467,0,0,0
IMGS-501,CD274,PDCD1LG2,Solid tumor,"Preclinical, IND Application",1,1,0.0394914634525775,0.0225032661110162,0.039888359606266,0.0231887437403202,0.2958513039616033,0.230530768326318,0.9955845656164276,0.9906341112817012,0.0397807545959949,0.0224057883024215,0.0414723642170429,0.0228192694485187,0.0420105867087841,0.0245427377521991,0.0169881973415613,0.0008886869111868221,0.0619947295635937,0.0225032661110162,0.0394914634525775,0.230530768326318,0.06820282841261145,0.9906341112817012,0.9862600313652083,0.000593593448634889,0.9970262888539736,0,0,0
IMM-0207,CD47,VEGFA,Neoplasms,"Preclinical, IND Application",1,1,1.0568561553955078,0.3522780239582062,1.0716129541397097,0.3303407430648803,0.2853614815892538,0.4175137819573727,0.9868432343887108,1.0576779671737235,1.0485692024230957,0.3407605290412903,1.054349660873413,0.341223806142807,1.0603833198547363,0.3476842045783996,0.7045781314373016,0.37230719803079637,1.409134179353714,0.3522780239582062,1.0568561553955078,0.2853614815892538,0.11914235140328854,0.9868432343887108,1.043762346067394,0.0548932733426732,0.9998046406847394,0,0,1
IMM-26011,CD47,FLT3,Neoplasms,"Preclinical, IND Application",1,1,1.0568561553955078,0.008770958520472,1.0716129541397097,0.0083498079329729,0.2853614815892538,0.1298354461491612,0.9868432343887108,1.0072176859259403,1.0485692024230957,0.0090989554300904,1.054349660873413,0.008734761737287,1.0603833198547363,0.0079523948952555,1.0480851968750358,0.009269641501079508,1.0656271139159799,0.008770958520472,1.0568561553955078,0.1298354461491612,0.037050035275926416,0.9868432343887108,0.9939659589126676,0.002745572797198942,0.9809167777564127,0,0,0
IMM-4701,CD24,CD47,Solid tumor,"Preclinical, IND Application",1,1,0.8274380564689636,1.0568561553955078,0.8199558258056641,1.0716129541397097,0.408756120041145,0.2853614815892538,1.0086007018303145,0.9868432343887108,0.817430853843689,1.0485692024230957,0.8168067336082458,1.054349660873413,0.8287492990493774,1.0603833198547363,0.2294180989265442,0.87448300318772,1.8842942118644714,0.8274380564689636,1.0568561553955078,0.2853614815892538,0.116643252023616,0.9868432343887108,0.9953307788009512,0.0663574034660768,0.9988931859653107,0,0,0
IMM-5601,CD38,CD47,Multiple Myeloma,"Preclinical, IND Application",1,1,0.1074885353446006,1.0568561553955078,0.1087568327784538,1.0716129541397097,0.37467679369076,0.2853614815892538,0.9920110686787064,0.9868432343887108,0.1058180555701255,1.0485692024230957,0.1106639802455902,1.054349660873413,0.109743058681488,1.0603833198547363,0.9493676200509072,0.11359992021338874,1.1643446907401085,0.1074885353446006,1.0568561553955078,0.2853614815892538,0.10691832496470645,0.9868432343887108,0.9789594115642961,0.02947399671695039,0.9995012198799051,0,0,0
IMM0403,EGFR,VEGFA,Neoplasms,"Preclinical, IND Application",1,1,0.2500387728214264,0.3522780239582062,0.2226305454969406,0.3303407430648803,0.4410472192302643,0.4175137819573727,1.100532489030263,1.0576779671737235,0.2356877774000167,0.3407605290412903,0.2406675368547439,0.341223806142807,0.2502810657024383,0.3476842045783996,0.10223925113677979,0.08808316480246692,0.6023167967796326,0.2500387728214264,0.3522780239582062,0.4175137819573727,0.18414329252261014,1.0576779671737235,1.1640089658061668,0.010648678915762471,0.9995874232614645,0,0,1
INBRX-130,TPBG,CD3E,Neoplasms,"Preclinical, IND Application",1,1,0.0925601869821548,0.736981987953186,0.0898941755294799,0.7350622415542603,0.3759595444104086,0.3243314437737325,1.019057344185949,1.0024453429260909,0.0951042622327804,0.7345154881477356,0.0894780457019805,0.7241330146789551,0.0964982062578201,0.7432199120521545,0.6444218009710312,0.06821519060742706,0.8295421749353409,0.0925601869821548,0.736981987953186,0.3243314437737325,0.12193550183914252,1.0024453429260909,1.0215492888538351,0.0186227523198354,0.9996478339312663,1,0,0
INV-1013,CTLA4,IL2RA,Solid tumor,"Preclinical, IND Application",1,1,0.0449843853712081,0.0762586072087287,0.0441446676850318,0.0809629037976265,0.3134094143326692,0.3537541023328591,1.008919439696634,0.9640791670581226,0.044516559690237,0.0779311507940292,0.043271392583847,0.0793229937553405,0.0453834980726242,0.0814160779118537,0.03127422183752059,0.0034304465745490396,0.12124299257993679,0.0449843853712081,0.0762586072087287,0.3134094143326692,0.11086986602992051,0.9640791670581226,0.9726782130514785,0.001207223374313243,0.988351381410308,0,0,0
INV-321,CTLA4,IL2RA,Neoplasms,"Preclinical, IND Application",1,1,0.0449843853712081,0.0762586072087287,0.0441446676850318,0.0809629037976265,0.3134094143326692,0.3537541023328591,1.008919439696634,0.9640791670581226,0.044516559690237,0.0779311507940292,0.043271392583847,0.0793229937553405,0.0453834980726242,0.0814160779118537,0.03127422183752059,0.0034304465745490396,0.12124299257993679,0.0449843853712081,0.0762586072087287,0.3134094143326692,0.11086986602992051,0.9640791670581226,0.9726782130514785,0.001207223374313243,0.988351381410308,0,0,0
INV-322,CTLA4,IL2RA,Solid tumor,"Preclinical, IND Application",1,1,0.0449843853712081,0.0762586072087287,0.0441446676850318,0.0809629037976265,0.3134094143326692,0.3537541023328591,1.008919439696634,0.9640791670581226,0.044516559690237,0.0779311507940292,0.043271392583847,0.0793229937553405,0.0453834980726242,0.0814160779118537,0.03127422183752059,0.0034304465745490396,0.12124299257993679,0.0449843853712081,0.0762586072087287,0.3134094143326692,0.11086986602992051,0.9640791670581226,0.9726782130514785,0.001207223374313243,0.988351381410308,0,0,0
INV-721,CD276,GD2,Neoplasms,"Preclinical, IND Application",1,1,0.1288622170686721,0.0687058418989181,0.1321548968553543,0.0662170052528381,0.3766942831236453,0.3349080558811468,0.9819237371955102,1.002538754437549,0.1285343915224075,0.067636601626873,0.1307610422372818,0.0669665038585662,0.1309951394796371,0.0698165446519851,0.060156375169754,0.00885358711266425,0.1975680589675902,0.0687058418989181,0.1288622170686721,0.3349080558811468,0.12615795002248234,0.9819237371955102,0.98441660044065,0.003370531527430468,0.9999064729314934,0,0,0
INV-724,CD276,GD2,Solid tumor,"Preclinical, IND Application",1,1,0.1288622170686721,0.0687058418989181,0.1321548968553543,0.0662170052528381,0.3766942831236453,0.3349080558811468,0.9819237371955102,1.002538754437549,0.1285343915224075,0.067636601626873,0.1307610422372818,0.0669665038585662,0.1309951394796371,0.0698165446519851,0.060156375169754,0.00885358711266425,0.1975680589675902,0.0687058418989181,0.1288622170686721,0.3349080558811468,0.12615795002248234,0.9819237371955102,0.98441660044065,0.003370531527430468,0.9999064729314934,0,0,0
INV-724(Invenra),CD276,GD2,Solid tumor,"Preclinical, IND Application",1,1,0.1288622170686721,0.0687058418989181,0.1321548968553543,0.0662170052528381,0.3766942831236453,0.3349080558811468,0.9819237371955102,1.002538754437549,0.1285343915224075,0.067636601626873,0.1307610422372818,0.0669665038585662,0.1309951394796371,0.0698165446519851,0.060156375169754,0.00885358711266425,0.1975680589675902,0.0687058418989181,0.1288622170686721,0.3349080558811468,0.12615795002248234,0.9819237371955102,0.98441660044065,0.003370531527430468,0.9999064729314934,0,0,0
IO-312,CD3E,LILRB4,Hematologic Neoplasms,"Preclinical, IND Application",1,1,0.736981987953186,0.31451416015625,0.7350622415542603,0.2935690283775329,0.3243314437737325,0.4318717868322566,1.0024453429260909,1.060963387409011,0.7345154881477356,0.3094576299190521,0.7241330146789551,0.3013374507427215,0.7432199120521545,0.2976938188076019,0.42246782779693604,0.23179127099137986,1.051496148109436,0.31451416015625,0.736981987953186,0.3243314437737325,0.1400696001484474,1.0024453429260909,1.063557806723253,0.03293885465852683,0.9994507973787766,1,0,0
iPSC-derived NK cells with TGFβR2 knock-out and/or IL-15 knock-in(Cellectis),GPC3,NCR1,Hepatocellular Carcinoma,"Preclinical, IND Application",1,1,0.0687058418989181,0.0108751021325588,0.0643098056316375,0.0109082451090216,0.3672544640721659,0.1499591243178454,1.0384572105865246,0.999455854024303,0.0701675415039062,0.0098287351429462,0.0641969442367553,0.0113386195152997,0.0698165446519851,0.0106123341247439,0.057830739766359295,0.0007471830477541719,0.07958094403147689,0.0108751021325588,0.0687058418989181,0.1499591243178454,0.05507315783408161,0.999455854024303,1.0378921382744504,0.0002288999358286715,0.9855246351262392,0,0,0
JANX-009,CD28,CD274,Solid tumor,"Preclinical, IND Application",1,1,0.0621497705578804,0.0394914634525775,0.0568903349339962,0.039888359606266,0.3493032438368902,0.2958513039616033,1.0492040335277446,0.9955845656164276,0.0596556067466735,0.0397807545959949,0.0595100000500679,0.0414723642170429,0.0592042133212089,0.0420105867087841,0.0226583071053029,0.002454385392572611,0.10164123401045791,0.0394914634525775,0.0621497705578804,0.2958513039616033,0.10334182016716184,0.9955845656164276,1.0445713419627234,0.0016209148375791336,0.9974717154927085,1,0,0
JS-205,EGFR,MET,Neoplasms,"Preclinical, IND Application",1,1,0.2500387728214264,0.2726970613002777,0.2226305454969406,0.2730317413806915,0.4410472192302643,0.4203732279753822,1.100532489030263,0.998963940574436,0.2356877774000167,0.2747542858123779,0.2406675368547439,0.2727423310279846,0.2502810657024383,0.2936901748180389,0.02265828847885132,0.06818483855953072,0.5227358341217041,0.2500387728214264,0.2726970613002777,0.4203732279753822,0.18540444323739225,0.998963940574436,1.0993922719718638,0.00641954144640202,0.9994485690962657,0,0,0
JY102,CD3E,CD47,Solid tumor,"Preclinical, IND Application",1,1,0.736981987953186,1.0568561553955078,0.7350622415542603,1.0716129541397097,0.3243314437737325,0.2853614815892538,1.0024453429260909,0.9868432343887108,0.7345154881477356,1.0485692024230957,0.7241330146789551,1.054349660873413,0.7432199120521545,1.0603833198547363,0.3198741674423218,0.7788839503839426,1.7938381433486938,0.736981987953186,1.0568561553955078,0.2853614815892538,0.09255170132125407,0.9868432343887108,0.9892564045110839,0.13689680523252287,0.9991573483966015,1,0,0
JY108,CD19,CD3E,Autoimmune Diseases,"Preclinical, IND Application",1,1,0.064342513680458,0.736981987953186,0.0662170052528381,0.7350622415542603,0.3396251482844286,0.3243314437737325,0.9838707634196736,1.0024453429260909,0.0652454048395156,0.7345154881477356,0.0630370453000068,0.7241330146789551,0.0646611973643302,0.7432199120521545,0.6726394742727281,0.04741927364212901,0.801324501633644,0.064342513680458,0.736981987953186,0.3243314437737325,0.11015111468495671,0.9838707634196736,0.9862766648311896,0.015571900789453794,0.9999607610080415,1,0,0
JY207,CD47,CD274,Solid tumor,"Preclinical, IND Application",1,1,1.0568561553955078,0.0394914634525775,1.0716129541397097,0.039888359606266,0.2853614815892538,0.2958513039616033,0.9868432343887108,0.9955845656164276,1.0485692024230957,0.0397807545959949,1.054349660873413,0.0414723642170429,1.0603833198547363,0.0420105867087841,1.0173646919429302,0.04173679623543326,1.0963476188480854,0.0394914634525775,1.0568561553955078,0.2853614815892538,0.08442456642859579,0.9868432343887108,0.9824858928403951,0.012500538397842924,0.9996069715827993,0,0,0
JZC01,MICA,KDR,Neoplasms,"Preclinical, IND Application",1,1,0.0760592669248581,0.0352167263627052,0.0751947909593582,0.0358878932893276,0.3532794277841877,0.2848034510558337,1.0069050473975432,0.9921855467526552,0.0751362517476081,0.0337561927735805,0.0749674513936042,0.0353888049721717,0.0772204995155334,0.0362793765962123,0.04084254056215289,0.002678558390640682,0.1112759932875633,0.0352167263627052,0.0760592669248581,0.2848034510558337,0.10061520021996684,0.9921855467526552,0.9990366349801396,0.0013070903210285324,0.9958823250161273,0,0,1
K1932,CD19,CD3E,Lymphoma,"Preclinical, IND Application",1,1,0.064342513680458,0.736981987953186,0.0662170052528381,0.7350622415542603,0.3396251482844286,0.3243314437737325,0.9838707634196736,1.0024453429260909,0.0652454048395156,0.7345154881477356,0.0630370453000068,0.7241330146789551,0.0646611973643302,0.7432199120521545,0.6726394742727281,0.04741927364212901,0.801324501633644,0.064342513680458,0.736981987953186,0.3243314437737325,0.11015111468495671,0.9838707634196736,0.9862766648311896,0.015571900789453794,0.9999607610080415,1,0,0
K333 (Luzhu Biotech),CD3E,CD33,Myeloid Leukemia,"Preclinical, IND Application",1,1,0.736981987953186,0.1207557171583175,0.7350622415542603,0.1188045144081115,0.3243314437737325,0.3838881241508067,1.0024453429260909,1.0115589488648902,0.7345154881477356,0.1197304502129554,0.7241330146789551,0.1207243427634239,0.7432199120521545,0.1185455322265625,0.6162262707948686,0.08899478848804948,0.8577377051115035,0.1207557171583175,0.736981987953186,0.3243314437737325,0.12450698955342102,1.0024453429260909,1.0140325573848208,0.026445637963114145,0.99938230917256,1,0,0
KA-1874,PVRIG,PDCD1,Neoplasms,"Preclinical, IND Application",1,1,0.0028572061564773,0.0371215306222438,0.0033027096651494,0.0368414930999279,0.0507094080705659,0.2913144945871229,0.9916420101066008,1.003224697230778,0.0029967548325657,0.0363958217203617,0.0025091727729886,0.0375192314386367,0.0027147831860929,0.0369100831449031,0.0342643244657665,0.0001060638658317356,0.039978736778721095,0.0028572061564773,0.0371215306222438,0.0507094080705659,0.014772385582889075,0.9916420101066008,0.9948397553505146,8.111822405419095e-05,0.9961909780299243,0,0,0
KD5005,HER2,TNFR,Neoplasms,"Preclinical, IND Application",1,1,0.0687058418989181,0.0687058418989181,0.0662170052528381,0.0662170052528381,0.3349080558811468,0.3349080558811468,1.002538754437549,1.002538754437549,0.067636601626873,0.067636601626873,0.0669665038585662,0.0669665038585662,0.0698165446519851,0.0698165446519851,0.0,0.004720492711039129,0.1374116837978362,0.0687058418989181,0.0687058418989181,0.3349080558811468,0.11216340589408935,1.002538754437549,1.0050839541491923,0.0014767354040635988,1.0000000000000002,0,0,0
KPMW-135,MS4A1,CD3E,Neoplasms,"Preclinical, IND Application",1,1,0.3328534364700317,0.736981987953186,0.3374113142490387,0.7350622415542603,0.4109104902294773,0.3243314437737325,0.9882350421596696,1.0024453429260909,0.3303883373737335,0.7345154881477356,0.3282518684864044,0.7241330146789551,0.3216332495212555,0.7432199120521545,0.40412855148315435,0.24530698730673348,1.0698354244232178,0.3328534364700317,0.736981987953186,0.3243314437737325,0.13327119255789857,0.9882350421596696,0.9906516157293299,0.03673579820965552,0.9998183393155541,1,0,0
KY1055,ICOS,CD274,Neoplasms,"Preclinical, IND Application",1,1,0.1233692914247512,0.0394914634525775,0.1213164329528808,0.039888359606266,0.3849468564175067,0.2958513039616033,1.0119828462248863,0.9955845656164276,0.1214539706707,0.0397807545959949,0.1181915029883384,0.0414723642170429,0.1263608187437057,0.0420105867087841,0.08387782797217369,0.0048720338634709445,0.1628607548773287,0.0394914634525775,0.1233692914247512,0.2958513039616033,0.11388702942703943,0.9955845656164276,1.0075145023700796,0.002484998028148788,0.9992860252989887,0,0,0
L2-U scDb,CD3,RAS,Neoplasms,"Preclinical, IND Application",1,1,0.0687058418989181,0.0687058418989181,0.0662170052528381,0.0662170052528381,0.3349080558811468,0.3349080558811468,1.002538754437549,1.002538754437549,0.067636601626873,0.067636601626873,0.0669665038585662,0.0669665038585662,0.0698165446519851,0.0698165446519851,0.0,0.004720492711039129,0.1374116837978362,0.0687058418989181,0.0687058418989181,0.3349080558811468,0.11216340589408935,1.002538754437549,1.0050839541491923,0.0014767354040635988,1.0000000000000002,0,0,0
LAG3-PD1,LAG3,PDCD1,Neoplasms,"Preclinical, IND Application",1,1,0.0885069444775581,0.0371215306222438,0.0936155393719673,0.0368414930999279,0.3563741201757921,0.2913144945871229,0.9644286759166234,1.003224697230778,0.09308572858572,0.0363958217203617,0.089312344789505,0.0375192314386367,0.0903282389044761,0.0369100831449031,0.051385413855314296,0.003285513249704904,0.1256284750998019,0.0371215306222438,0.0885069444775581,0.2913144945871229,0.10381694670294148,0.9644286759166234,0.9675386663971345,0.00181206615465941,0.9952051920995237,0,1,0
LAVA-1223,EGFR,TRDV2,Solid tumor,"Preclinical, IND Application",1,1,0.2500387728214264,0.0,0.2226305454969406,9.303407568950206e-05,0.4410472192302643,0.0,1.100532489030263,0.998142774191938,0.2356877774000167,6.210890569491312e-05,0.2406675368547439,7.101432129275054e-05,0.2502810657024383,0.0001645323209231,0.2500387728214264,0.0,0.2500387728214264,0.0,0.2500387728214264,0.0,0.0,0.998142774191938,1.0984885516890253,0.0,0.8419394071482246,0,0,0
LB-206,CD3E,CD274,Solid tumor,"Preclinical, IND Application",1,1,0.736981987953186,0.0394914634525775,0.7350622415542603,0.039888359606266,0.3243314437737325,0.2958513039616033,1.0024453429260909,0.9955845656164276,0.7345154881477356,0.0397807545959949,0.7241330146789551,0.0414723642170429,0.7432199120521545,0.0420105867087841,0.6974905245006086,0.02910449724246116,0.7764734514057635,0.0394914634525775,0.736981987953186,0.2958513039616033,0.0959538805562082,0.9955845656164276,0.998019111291283,0.010157193351754733,0.9995694660433668,1,0,0
LILRB1/LILRB2 targeted bispecific antibody(OncoResponse),LILRB1,LILRB2,Hematologic Neoplasms,"Preclinical, IND Application",1,1,0.0875102430582046,0.0752619132399559,0.084754042327404,0.0728689357638359,0.3678611263460118,0.3611648395889898,1.020453566239624,1.0194758541794444,0.0838780775666236,0.0695309191942215,0.0866138041019439,0.0753225237131118,0.083527572453022,0.0733265727758407,0.012248329818248693,0.006586188320654047,0.1627721562981605,0.0752619132399559,0.0875102430582046,0.3611648395889898,0.13285850468778246,1.0194758541794444,1.0403277710926009,0.0033857240857038365,0.999771621515554,0,0,0
LNK101,CD3E,MSLN,Solid tumor,"Preclinical, IND Application",1,1,0.736981987953186,0.1357283592224121,0.7350622415542603,0.1306430995464325,0.3243314437737325,0.4129907097687201,1.0024453429260909,1.0281508659270568,0.7345154881477356,0.1386736631393432,0.7241330146789551,0.1350929141044616,0.7432199120521545,0.135190725326538,0.6012536287307739,0.10002935600135743,0.8727103471755981,0.1357283592224121,0.736981987953186,0.3243314437737325,0.13394587316442752,1.0024453429260909,1.0306650473740058,0.011649377393248877,0.9978895229764743,1,0,0
LVGN-1673,PDL1,TGF-Β,Neoplasms,"Preclinical, IND Application",1,1,0.0687058418989181,0.0687058418989181,0.0662170052528381,0.0662170052528381,0.3349080558811468,0.3349080558811468,1.002538754437549,1.002538754437549,0.067636601626873,0.067636601626873,0.0669665038585662,0.0669665038585662,0.0698165446519851,0.0698165446519851,0.0,0.004720492711039129,0.1374116837978362,0.0687058418989181,0.0687058418989181,0.3349080558811468,0.11216340589408935,1.002538754437549,1.0050839541491923,0.0014767354040635988,1.0000000000000002,0,0,0
LVGN3036,CD40,CD274,Neoplasms,"Preclinical, IND Application",1,1,0.2458526194095611,0.0394914634525775,0.2523316740989685,0.039888359606266,0.3797339301663551,0.2958513039616033,0.978569712522789,0.9955845656164276,0.2438085228204727,0.0397807545959949,0.2444076240062713,0.0414723642170429,0.2505553066730499,0.0420105867087841,0.2063611559569836,0.009709079734133128,0.2853440828621386,0.0394914634525775,0.2458526194095611,0.2958513039616033,0.11234477839818056,0.978569712522789,0.9742489021673933,0.004652963191685758,0.9997559408832786,0,0,0
LVGN5287,TNFRSF9,PDCD1,Neoplasms | Solid tumor,"Preclinical, IND Application",1,1,0.0411083288490772,0.0371215306222438,0.0405395962297916,0.0368414930999279,0.3043941037308105,0.2913144945871229,1.0062815899669149,1.003224697230778,0.042078785598278,0.0363958217203617,0.039554975926876,0.0375192314386367,0.0414621420204639,0.0369100831449031,0.003986798226833399,0.0015260040882002872,0.078229859471321,0.0371215306222438,0.0411083288490772,0.2913144945871229,0.08867441448364131,1.003224697230778,1.009526543423464,0.0007332576473560097,0.996657928650251,1,0,0
LVGN5596,CD276,CD40,Neoplasms | Solid tumor,"Preclinical, IND Application",1,1,0.1288622170686721,0.2458526194095611,0.1321548968553543,0.2523316740989685,0.3766942831236453,0.3797339301663551,0.9819237371955102,0.978569712522789,0.1285343915224075,0.2438085228204727,0.1307610422372818,0.2444076240062713,0.1309951394796371,0.2505553066730499,0.116990402340889,0.03168111360925649,0.3747148364782332,0.1288622170686721,0.2458526194095611,0.3766942831236453,0.1430436006017395,0.978569712522789,0.960880829226713,0.013400533992054995,0.9999372545594405,0,0,0
LVGN8325,CD40,PDCD1,Neoplasms,"Preclinical, IND Application",1,1,0.2458526194095611,0.0371215306222438,0.2523316740989685,0.0368414930999279,0.3797339301663551,0.2913144945871229,0.978569712522789,1.003224697230778,0.2438085228204727,0.0363958217203617,0.2444076240062713,0.0375192314386367,0.2505553066730499,0.0369100831449031,0.2087310887873173,0.009126425539970872,0.2829741500318049,0.0371215306222438,0.2458526194095611,0.2913144945871229,0.11062199794399355,0.978569712522789,0.9817253035648844,0.004405933145872618,0.9983257804766823,0,0,0
MBS-304,CD3E,CLDN18,Pancreatic Cancer | Stomach Cancer,"Preclinical, IND Application",1,1,0.736981987953186,0.0524928569793701,0.7350622415542603,0.0540760569274425,0.3243314437737325,0.3289381011593739,1.0024453429260909,0.9847880483291545,0.7345154881477356,0.053786315023899,0.7241330146789551,0.0516037419438362,0.7432199120521545,0.0546247288584709,0.6844891309738159,0.03868629008999846,0.7894748449325562,0.0524928569793701,0.736981987953186,0.3243314437737325,0.10668496926120981,0.9847880483291545,0.987196192816835,0.005865317470031465,0.9923791526227788,1,0,0
MBS-307,CD40,CD274,Solid tumor,"Preclinical, IND Application",1,1,0.2458526194095611,0.0394914634525775,0.2523316740989685,0.039888359606266,0.3797339301663551,0.2958513039616033,0.978569712522789,0.9955845656164276,0.2438085228204727,0.0397807545959949,0.2444076240062713,0.0414723642170429,0.2505553066730499,0.0420105867087841,0.2063611559569836,0.009709079734133128,0.2853440828621386,0.0394914634525775,0.2458526194095611,0.2958513039616033,0.11234477839818056,0.978569712522789,0.9742489021673933,0.004652963191685758,0.9997559408832786,0,0,0
MCLA-122,EGFR,ERBB3,Solid tumor,"Preclinical, IND Application",1,1,0.2500387728214264,0.2228399366140365,0.2226305454969406,0.2218862622976303,0.4410472192302643,0.4077920779026814,1.100532489030263,1.003507622298924,0.2356877774000167,0.2227225452661514,0.2406675368547439,0.2285714298486709,0.2502810657024383,0.2277127206325531,0.027198836207389887,0.05571862428657813,0.4728787094354629,0.2228399366140365,0.2500387728214264,0.4077920779026814,0.17985556198310895,1.003507622298924,1.104392741329476,0.007497107332048072,0.9994599349347754,0,0,0
MCLA-134,PDCD1,HAVCR2,Solid tumor,"Preclinical, IND Application",1,1,0.0371215306222438,0.221754640340805,0.0368414930999279,0.2168159037828445,0.2913144945871229,0.39601285186522,1.003224697230778,1.018509903225184,0.0363958217203617,0.2182196527719497,0.0375192314386367,0.2147709727287292,0.0369100831449031,0.2184989154338836,0.1846331097185612,0.008231871672035852,0.2588761709630488,0.0371215306222438,0.221754640340805,0.2913144945871229,0.11536428379112174,1.003224697230778,1.0217942892896341,0.0037384642944030774,0.99766605999583,0,1,0
MEDI-7526,CD40,CD274,Neoplasms,"Preclinical, IND Application",1,1,0.2458526194095611,0.0394914634525775,0.2523316740989685,0.039888359606266,0.3797339301663551,0.2958513039616033,0.978569712522789,0.9955845656164276,0.2438085228204727,0.0397807545959949,0.2444076240062713,0.0414723642170429,0.2505553066730499,0.0420105867087841,0.2063611559569836,0.009709079734133128,0.2853440828621386,0.0394914634525775,0.2458526194095611,0.2958513039616033,0.11234477839818056,0.978569712522789,0.9742489021673933,0.004652963191685758,0.9997559408832786,0,0,0
MG1122,CD3E,MSLN,Solid tumor,"Preclinical, IND Application",1,1,0.736981987953186,0.1357283592224121,0.7350622415542603,0.1306430995464325,0.3243314437737325,0.4129907097687201,1.0024453429260909,1.0281508659270568,0.7345154881477356,0.1386736631393432,0.7241330146789551,0.1350929141044616,0.7432199120521545,0.135190725326538,0.6012536287307739,0.10002935600135743,0.8727103471755981,0.1357283592224121,0.736981987953186,0.3243314437737325,0.13394587316442752,1.0024453429260909,1.0306650473740058,0.011649377393248877,0.9978895229764743,1,0,0
MLB202,MS4A1,CD3E,Hematologic Neoplasms,"Preclinical, IND Application",1,1,0.3328534364700317,0.736981987953186,0.3374113142490387,0.7350622415542603,0.4109104902294773,0.3243314437737325,0.9882350421596696,1.0024453429260909,0.3303883373737335,0.7345154881477356,0.3282518684864044,0.7241330146789551,0.3216332495212555,0.7432199120521545,0.40412855148315435,0.24530698730673348,1.0698354244232178,0.3328534364700317,0.736981987953186,0.3243314437737325,0.13327119255789857,0.9882350421596696,0.9906516157293299,0.03673579820965552,0.9998183393155541,1,0,0
MP-EV20/1959,ERBB3,LGALS3BP,Neoplasms,"Preclinical, IND Application",1,1,0.2228399366140365,1.3216460943222046,0.2218862622976303,1.319223165512085,0.4077920779026814,0.354041546871842,1.003507622298924,1.001769564575847,0.2227225452661514,1.321071982383728,0.2285714298486709,1.292436957359314,0.2277127206325531,1.3323004245758057,1.098806157708168,0.294515531884949,1.5444860309362411,0.2228399366140365,1.3216460943222046,0.354041546871842,0.14437533806274802,1.001769564575847,1.0052833938389367,0.02608034055482426,0.9993787970948714,0,0,0
NAV-003,CD3E,MSLN,Solid tumor,"Preclinical, IND Application",1,1,0.736981987953186,0.1357283592224121,0.7350622415542603,0.1306430995464325,0.3243314437737325,0.4129907097687201,1.0024453429260909,1.0281508659270568,0.7345154881477356,0.1386736631393432,0.7241330146789551,0.1350929141044616,0.7432199120521545,0.135190725326538,0.6012536287307739,0.10002935600135743,0.8727103471755981,0.1357283592224121,0.736981987953186,0.3243314437737325,0.13394587316442752,1.0024453429260909,1.0306650473740058,0.011649377393248877,0.9978895229764743,1,0,0
Nectin-4/CD3 targeted bispecific antibody,CD3E,NECTIN4,Solid tumor,"Preclinical, IND Application",1,1,0.736981987953186,0.0687058418989181,0.7350622415542603,0.0662170052528381,0.3243314437737325,0.3349080558811468,1.0024453429260909,1.002538754437549,0.7345154881477356,0.067636601626873,0.7241330146789551,0.0669665038585662,0.7432199120521545,0.0698165446519851,0.6682761460542679,0.05063496794666196,0.8056878298521042,0.0687058418989181,0.736981987953186,0.3243314437737325,0.10862121329538624,1.0024453429260909,1.004990305488845,0.012816531247486869,0.9999381903151915,1,0,0
NGM-936,CD3E,LILRB4,Acute Myeloid Leukemia | Multiple Myeloma,"Preclinical, IND Application",1,1,0.736981987953186,0.31451416015625,0.7350622415542603,0.2935690283775329,0.3243314437737325,0.4318717868322566,1.0024453429260909,1.060963387409011,0.7345154881477356,0.3094576299190521,0.7241330146789551,0.3013374507427215,0.7432199120521545,0.2976938188076019,0.42246782779693604,0.23179127099137986,1.051496148109436,0.31451416015625,0.736981987953186,0.3243314437737325,0.1400696001484474,1.0024453429260909,1.063557806723253,0.03293885465852683,0.9994507973787766,1,0,0
NI-2401,CD47,CEACAM5,Solid tumor,"Preclinical, IND Application",1,1,1.0568561553955078,0.2892422974109649,1.0716129541397097,0.280055820941925,0.2853614815892538,0.4454749295791184,0.9868432343887108,1.0278330993915612,1.0485692024230957,0.2842103540897369,1.054349660873413,0.2666824460029602,1.0603833198547363,0.286066859960556,0.7676138579845428,0.3056875024195164,1.3460984528064728,0.2892422974109649,1.0568561553955078,0.2853614815892538,0.1271213859155657,0.9868432343887108,1.0143101402153416,0.018237149109871197,0.9914670555893987,0,0,0
NI-2601,CD47,CD274,Solid tumor,"Preclinical, IND Application",1,1,1.0568561553955078,0.0394914634525775,1.0716129541397097,0.039888359606266,0.2853614815892538,0.2958513039616033,0.9868432343887108,0.9955845656164276,1.0485692024230957,0.0397807545959949,1.054349660873413,0.0414723642170429,1.0603833198547363,0.0420105867087841,1.0173646919429302,0.04173679623543326,1.0963476188480854,0.0394914634525775,1.0568561553955078,0.2853614815892538,0.08442456642859579,0.9868432343887108,0.9824858928403951,0.012500538397842924,0.9996069715827993,0,0,0
NI-2801,CD47,ERBB2,Solid tumor,"Preclinical, IND Application",1,1,1.0568561553955078,0.1458282619714737,1.0716129541397097,0.1440167427062988,0.2853614815892538,0.3952691077726624,0.9868432343887108,1.0093369223702364,1.0485692024230957,0.1456919759511947,1.054349660873413,0.1421233266592025,1.0603833198547363,0.1540296673774719,0.9110278934240341,0.15411949629518062,1.2026844173669815,0.1458282619714737,1.0568561553955078,0.2853614815892538,0.11279457822046937,0.9868432343887108,0.9960573130597912,0.03260140414157435,0.9993057658072071,0,0,0
NI-2901,CD47,CD274,Solid tumor,"Preclinical, IND Application",1,1,1.0568561553955078,0.0394914634525775,1.0716129541397097,0.039888359606266,0.2853614815892538,0.2958513039616033,0.9868432343887108,0.9955845656164276,1.0485692024230957,0.0397807545959949,1.054349660873413,0.0414723642170429,1.0603833198547363,0.0420105867087841,1.0173646919429302,0.04173679623543326,1.0963476188480854,0.0394914634525775,1.0568561553955078,0.2853614815892538,0.08442456642859579,0.9868432343887108,0.9824858928403951,0.012500538397842924,0.9996069715827993,0,0,0
NILK-3301,CD28,CEACAM5,Solid tumor,"Preclinical, IND Application",1,1,0.0621497705578804,0.2892422974109649,0.0568903349339962,0.280055820941925,0.3493032438368902,0.4454749295791184,1.0492040335277446,1.0278330993915612,0.0596556067466735,0.2842103540897369,0.0595100000500679,0.2666824460029602,0.0592042133212089,0.286066859960556,0.2270925268530845,0.017976342419725674,0.3513920679688453,0.0621497705578804,0.2892422974109649,0.3493032438368902,0.15560583794999627,1.0278330993915612,1.0784066336749492,0.0023647673921336296,0.998642327022381,1,0,0
OCX-909,CHI3L1,CTLA4,Glioblastoma,"Preclinical, IND Application",1,1,0.3686017394065857,0.0449843853712081,0.312757283449173,0.0441446676850318,0.4800940654994692,0.3134094143326692,1.1539444099548652,1.008919439696634,0.3750446438789367,0.044516559690237,0.3628831803798675,0.043271392583847,0.3615871965885162,0.0453834980726242,0.3236173540353776,0.016581322693963473,0.4135861247777938,0.0449843853712081,0.3686017394065857,0.3134094143326692,0.15046599989277878,1.008919439696634,1.1642369475327254,0.0014909105137316215,0.9965204696991525,0,0,0
ON-203,CD3,OXMIF,Solid tumor,"Preclinical, IND Application",1,1,0.0687058418989181,0.0687058418989181,0.0662170052528381,0.0662170052528381,0.3349080558811468,0.3349080558811468,1.002538754437549,1.002538754437549,0.067636601626873,0.067636601626873,0.0669665038585662,0.0669665038585662,0.0698165446519851,0.0698165446519851,0.0,0.004720492711039129,0.1374116837978362,0.0687058418989181,0.0687058418989181,0.3349080558811468,0.11216340589408935,1.002538754437549,1.0050839541491923,0.0014767354040635988,1.0000000000000002,0,0,0
ONC-783,CD24,CD3E,Neoplasms,"Preclinical, IND Application",1,1,0.8274380564689636,0.736981987953186,0.8199558258056641,0.7350622415542603,0.408756120041145,0.3243314437737325,1.0086007018303145,1.0024453429260909,0.817430853843689,0.7345154881477356,0.8168067336082458,0.7241330146789551,0.8287492990493774,0.7432199120521545,0.09045606851577759,0.6098069437646174,1.5644200444221497,0.736981987953186,0.8274380564689636,0.3243314437737325,0.13257246256429367,1.0024453429260909,1.0110670764217855,0.053918075835969366,0.9999633120212146,1,0,0
OR-641,LILRB1,LILRB2,Immune System Diseases,"Preclinical, IND Application",1,1,0.0875102430582046,0.0752619132399559,0.084754042327404,0.0728689357638359,0.3678611263460118,0.3611648395889898,1.020453566239624,1.0194758541794444,0.0838780775666236,0.0695309191942215,0.0866138041019439,0.0753225237131118,0.083527572453022,0.0733265727758407,0.012248329818248693,0.006586188320654047,0.1627721562981605,0.0752619132399559,0.0875102430582046,0.3611648395889898,0.13285850468778246,1.0194758541794444,1.0403277710926009,0.0033857240857038365,0.999771621515554,0,0,0
Ori-A631,ENTPD1,NT5E,Solid tumor,"Preclinical, IND Application",1,1,0.1274003833532333,0.083722785115242,0.1273171305656433,0.0849866271018982,0.3819095345732655,0.362210083073571,1.0004695135056858,0.9906372800492144,0.121500551700592,0.0837228074669838,0.1275417208671569,0.0867558270692825,0.1256752610206604,0.0819919407367706,0.043677598237991305,0.010666314919082208,0.21112316846847531,0.083722785115242,0.1274003833532333,0.362210083073571,0.13833148424437133,0.9906372800492144,0.9911023976314334,0.004678566201672746,0.9918638964577748,0,0,0
PBI-108,PDCD1,SIGLEC15,Solid tumor,"Preclinical, IND Application",1,1,0.0371215306222438,0.0089481491595506,0.0368414930999279,0.0062100244686007,0.2913144945871229,0.1366972210322077,1.003224697230778,1.0487123910162937,0.0363958217203617,0.0073909601196646,0.0375192314386367,0.008498047478497,0.0369100831449031,0.0073765320703387,0.0281733814626932,0.0003321689930386627,0.046069679781794395,0.0089481491595506,0.0371215306222438,0.1366972210322077,0.03982188185646181,1.003224697230778,1.0520941709594864,0.00013604867498852595,0.9972165689373058,0,1,0
PBI-203,CD274,VEGFA,Solid tumor,"Preclinical, IND Application",1,1,0.0394914634525775,0.3522780239582062,0.039888359606266,0.3303407430648803,0.2958513039616033,0.4175137819573727,0.9955845656164276,1.0576779671737235,0.0397807545959949,0.3407605290412903,0.0414723642170429,0.341223806142807,0.0420105867087841,0.3476842045783996,0.3127865605056287,0.013911974708291721,0.39176948741078366,0.0394914634525775,0.3522780239582062,0.2958513039616033,0.12352199681402924,0.9955845656164276,1.0530078595107177,0.004072860503247117,0.999448752667272,0,0,1
PBI-205,PDCD1,CD274,Solid tumor,"Preclinical, IND Application",1,1,0.0371215306222438,0.0394914634525775,0.0368414930999279,0.039888359606266,0.2913144945871229,0.2958513039616033,1.003224697230778,0.9955845656164276,0.0363958217203617,0.0397807545959949,0.0375192314386367,0.0414723642170429,0.0369100831449031,0.0420105867087841,0.0023699328303337028,0.0014659835698720774,0.0766129940748213,0.0371215306222438,0.0394914634525775,0.2913144945871229,0.08618577308651573,0.9955845656164276,0.9987950244081761,0.0008782484887757093,0.9986444433383105,0,1,0
PD-1/IL-7 targeted bispecific antibody(OSE),IL7,PDCD1,Neoplasms,"Preclinical, IND Application",1,1,0.0261356849223375,0.0371215306222438,0.0256076287478208,0.0368414930999279,0.2509697526268256,0.2913144945871229,1.0069841652656233,1.003224697230778,0.0260546877980232,0.0363958217203617,0.0260859280824661,0.0375192314386367,0.025036334991455,0.0369100831449031,0.010985845699906297,0.000970196628177867,0.0632572155445813,0.0261356849223375,0.0371215306222438,0.2509697526268256,0.07311112664313896,1.003224697230778,1.0102313843147925,0.000670662482337814,0.9960061776927135,0,0,0
PD-1/LAG-3 bispecific mAbs(Xencor),LAG3,PDCD1,Neoplasms,"Preclinical, IND Application",1,1,0.0885069444775581,0.0371215306222438,0.0936155393719673,0.0368414930999279,0.3563741201757921,0.2913144945871229,0.9644286759166234,1.003224697230778,0.09308572858572,0.0363958217203617,0.089312344789505,0.0375192314386367,0.0903282389044761,0.0369100831449031,0.051385413855314296,0.003285513249704904,0.1256284750998019,0.0371215306222438,0.0885069444775581,0.2913144945871229,0.10381694670294148,0.9644286759166234,0.9675386663971345,0.00181206615465941,0.9952051920995237,0,1,0
PD-L1/4-1BB BsAb,TNFRSF9,CD274,Solid tumor,"Preclinical, IND Application",1,1,0.0411083288490772,0.0394914634525775,0.0405395962297916,0.039888359606266,0.3043941037308105,0.2958513039616033,1.0062815899669149,0.9955845656164276,0.042078785598278,0.0397807545959949,0.039554975926876,0.0414723642170429,0.0414621420204639,0.0420105867087841,0.0016168653964996962,0.0016234280663398695,0.0805997923016547,0.0394914634525775,0.0411083288490772,0.2958513039616033,0.09005539250698383,0.9955845656164276,1.001838419635019,0.0007743696352646043,0.9987296255385714,1,0,0
PD-L1/CD47 BsAb,CD47,CD274,Solid tumor,"Preclinical, IND Application",1,1,1.0568561553955078,0.0394914634525775,1.0716129541397097,0.039888359606266,0.2853614815892538,0.2958513039616033,0.9868432343887108,0.9955845656164276,1.0485692024230957,0.0397807545959949,1.054349660873413,0.0414723642170429,1.0603833198547363,0.0420105867087841,1.0173646919429302,0.04173679623543326,1.0963476188480854,0.0394914634525775,1.0568561553955078,0.2853614815892538,0.08442456642859579,0.9868432343887108,0.9824858928403951,0.012500538397842924,0.9996069715827993,0,0,0
PD1-LAG3 bsAb(Sutro Biopharma),LAG3,PDCD1,Neoplasms,"Preclinical, IND Application",1,1,0.0885069444775581,0.0371215306222438,0.0936155393719673,0.0368414930999279,0.3563741201757921,0.2913144945871229,0.9644286759166234,1.003224697230778,0.09308572858572,0.0363958217203617,0.089312344789505,0.0375192314386367,0.0903282389044761,0.0369100831449031,0.051385413855314296,0.003285513249704904,0.1256284750998019,0.0371215306222438,0.0885069444775581,0.2913144945871229,0.10381694670294148,0.9644286759166234,0.9675386663971345,0.00181206615465941,0.9952051920995237,0,1,0
PD1-TIM3 bsAb,PDCD1,HAVCR2,Neoplasms,"Preclinical, IND Application",1,1,0.0371215306222438,0.221754640340805,0.0368414930999279,0.2168159037828445,0.2913144945871229,0.39601285186522,1.003224697230778,1.018509903225184,0.0363958217203617,0.2182196527719497,0.0375192314386367,0.2147709727287292,0.0369100831449031,0.2184989154338836,0.1846331097185612,0.008231871672035852,0.2588761709630488,0.0371215306222438,0.221754640340805,0.2913144945871229,0.11536428379112174,1.003224697230778,1.0217942892896341,0.0037384642944030774,0.99766605999583,0,1,0
PIG-KM,KDR,MET,Neoplasms,"Preclinical, IND Application",1,1,0.0352167263627052,0.2726970613002777,0.0358878932893276,0.2730317413806915,0.2848034510558337,0.4203732279753822,0.9921855467526552,0.998963940574436,0.0337561927735805,0.2747542858123779,0.0353888049721717,0.2727423310279846,0.0362793765962123,0.2936901748180389,0.2374803349375725,0.009603497787725727,0.30791378766298294,0.0352167263627052,0.2726970613002777,0.2848034510558337,0.11972374605886958,0.9921855467526552,0.9911575835650338,0.0015981890388121808,0.9987111917181484,0,0,1
PM-1017,IL4R,IL5,Neoplasms,"Preclinical, IND Application",1,1,0.1710779815912246,0.0004208288155496,0.1712524741888046,0.0005814629839733,0.3763497999976829,0.0082477202361288,0.9992113417116816,0.9968242482730362,0.1708771288394928,0.0004037079052068,0.1706000715494156,0.000591785996221,0.1701812595129013,0.0003290646418463,0.17065715277567498,7.199454435965131e-05,0.1714988104067742,0.0004208288155496,0.1710779815912246,0.0082477202361288,0.0031040278613039163,0.9968242482730362,0.9960380945676388,4.779359350397122e-05,0.9783417680493415,0,0,0
PM-1024,CCR8,TIGIT,Neoplasms,"Preclinical, IND Application",1,1,0.000531573256012,0.1678885519504547,0.0005814629839733,0.1682288646697998,0.0103943911797954,0.3933687403676078,0.999013675662622,0.9984405696292284,0.0006366163142956,0.1612036675214767,0.0003787430468946,0.1679251939058303,0.0007129733567126,0.1677955389022827,0.16735697869444272,8.924506420744304e-05,0.1684201252064667,0.000531573256012,0.1678885519504547,0.0103943911797954,0.00408882856528429,0.9984405696292284,0.9974557833959776,5.108632013805169e-05,0.9672776853811736,0,0,0
PM-1086,ENTPD1,PDCD1,Neoplasms,"Preclinical, IND Application",1,1,0.1274003833532333,0.0371215306222438,0.1273171305656433,0.0368414930999279,0.3819095345732655,0.2913144945871229,1.0004695135056858,1.003224697230778,0.121500551700592,0.0363958217203617,0.1275417208671569,0.0375192314386367,0.1256752610206604,0.0369100831449031,0.09027885273098951,0.00472929723193265,0.1645219139754771,0.0371215306222438,0.1274003833532333,0.2913144945871229,0.11125578304221417,1.0004695135056858,1.0036957247753653,0.0025006129698595656,0.9989861899959308,0,0,0
PM-1092,CCR8,CTLA4,Neoplasms,"Preclinical, IND Application",1,1,0.000531573256012,0.0449843853712081,0.0005814629839733,0.0441446676850318,0.0103943911797954,0.3134094143326692,0.999013675662622,1.008919439696634,0.0006366163142956,0.044516559690237,0.0003787430468946,0.043271392583847,0.0007129733567126,0.0453834980726242,0.044452812115196104,2.3912496201471673e-05,0.0455159586272201,0.000531573256012,0.0449843853712081,0.0103943911797954,0.003257700052004339,0.999013675662622,1.0079243178988073,1.6565672374795724e-05,0.9727493781896994,0,0,0
PM-1130,CD4,PDCD1,Neoplasms,"Preclinical, IND Application",1,1,0.273560881614685,0.0371215306222438,0.267682284116745,0.0368414930999279,0.389176285183098,0.2913144945871229,1.018504643764711,1.003224697230778,0.2700805962085724,0.0363958217203617,0.2668481469154358,0.0375192314386367,0.2640469372272491,0.0369100831449031,0.2364393509924412,0.01015499864390754,0.31068241223692883,0.0371215306222438,0.273560881614685,0.2913144945871229,0.11337269282340819,1.003224697230778,1.0217890128689935,0.004586053926843344,0.9993668570904546,0,0,0
PM-1268,IL31,IL4R,Neoplasms,"Preclinical, IND Application",1,1,6.644665700150654e-05,0.1710779815912246,6.977555312914774e-05,0.1712524741888046,0.0013252298980694,0.3763497999976829,0.999933514858198,0.9992113417116816,4.658168109017424e-05,0.1708771288394928,2.367144043091685e-05,0.1706000715494156,2.742205288086552e-05,0.1701812595129013,0.17101153493422308,1.136755996330215e-05,0.1711444282482261,6.644665700150654e-05,0.1710779815912246,0.0013252298980694,0.0004987500070893684,0.9992113417116816,0.9991449090039377,8.961298781994659e-06,0.6044723315960365,0,0,0
PM-CD3-GEX,CD3E,MUC1,Non-Small Cell Lung Cancer | Ovarian Cancer,"Preclinical, IND Application",1,1,0.736981987953186,1.539303183555603,0.7350622415542603,1.5285964012145996,0.3243314437737325,0.4046044839415069,1.0024453429260909,1.0067824697514611,0.7345154881477356,1.5239663124084473,0.7241330146789551,1.52564799785614,0.7432199120521545,1.568705916404724,0.802321195602417,1.1344387202794763,2.276285171508789,0.736981987953186,1.539303183555603,0.3243314437737325,0.1312259564340749,1.0024453429260909,1.00924439814198,0.05946575016845506,0.9998470814853876,1,0,0
PRS-342,TNFRSF9,GPC3,Neoplasms,"Preclinical, IND Application",1,1,0.0411083288490772,0.0687058418989181,0.0405395962297916,0.0643098056316375,0.3043941037308105,0.3672544640721659,1.0062815899669149,1.0384572105865246,0.042078785598278,0.0701675415039062,0.039554975926876,0.0641969442367553,0.0414621420204639,0.0698165446519851,0.0275975130498409,0.0028243823426334315,0.1098141707479953,0.0411083288490772,0.0687058418989181,0.3043941037308105,0.11179009343238608,1.0062815899669149,1.0449803729816154,0.0005750046528037519,0.9904278880239288,1,0,0
"PT-302(Phanes Therapeutics, Inc.)",LAG3,HAVCR2,Solid tumor,"Preclinical, IND Application",1,1,0.0885069444775581,0.221754640340805,0.0936155393719673,0.2168159037828445,0.3563741201757921,0.39601285186522,0.9644286759166234,1.018509903225184,0.09308572858572,0.2182196527719497,0.089312344789505,0.2147709727287292,0.0903282389044761,0.2184989154338836,0.13324769586324692,0.019626825640284493,0.3102615848183631,0.0885069444775581,0.221754640340805,0.3563741201757921,0.1411287316617741,0.9644286759166234,0.9822801573754325,0.008145947160692436,0.9990276165726859,0,1,0
PT-819,CD3E,DLL3,Small Cell Lung Cancer,"Preclinical, IND Application",1,1,0.736981987953186,0.0083279805257916,0.7350622415542603,0.0079311551526188,0.3243314437737325,0.1248928920695039,1.0024453429260909,1.006849947530432,0.7345154881477356,0.0088349925354123,0.7241330146789551,0.008379690349102,0.7432199120521545,0.008308881893754,0.7286540074273944,0.006137571643533313,0.7453099684789777,0.0083279805257916,0.736981987953186,0.1248928920695039,0.04050669200197914,1.0024453429260909,1.0093120409272605,0.002201340813689379,0.9970972677330034,1,0,0
PT796,CD47,FOLR1,Ovarian Epithelial Carcinoma,"Preclinical, IND Application",1,1,1.0568561553955078,0.3427318334579468,1.0716129541397097,0.3417839407920837,0.2853614815892538,0.4228079695956087,0.9868432343887108,1.0024194270544795,1.0485692024230957,0.3401549756526947,1.054349660873413,0.3402532935142517,1.0603833198547363,0.3510022759437561,0.714124321937561,0.3622182478400191,1.3995879888534546,0.3427318334579468,1.0568561553955078,0.2853614815892538,0.12065310863154706,0.9868432343887108,0.9892308296085209,0.037119780566103794,0.9959971584465438,0,0,0
QL-315,CD3E,LRRC15,Neoplasms,"Preclinical, IND Application",1,1,0.736981987953186,0.0018162085907533,0.7350622415542603,0.0010001163464039,0.3243314437737325,0.0343624642752457,1.0024453429260909,1.0160017722078585,0.7345154881477356,0.0013663959689438,0.7241330146789551,0.001159900566563,0.7432199120521545,0.0016179011436179,0.7351657793624328,0.0013385130177510215,0.7387981965439393,0.0018162085907533,0.736981987953186,0.0343624642752457,0.011144827650013742,1.0024453429260909,1.0184862449544227,0.0003767395352287025,0.8565236315860172,1,0,0
REMD-511,CTLA4,PDCD1,Solid tumor,"Preclinical, IND Application",1,1,0.0449843853712081,0.0371215306222438,0.0441446676850318,0.0368414930999279,0.3134094143326692,0.2913144945871229,1.008919439696634,1.003224697230778,0.044516559690237,0.0363958217203617,0.043271392583847,0.0375192314386367,0.0453834980726242,0.0369100831449031,0.007862854748964303,0.0016698892390801174,0.0821059159934519,0.0371215306222438,0.0449843853712081,0.2913144945871229,0.09130070513516772,1.003224697230778,1.0121728994199015,0.0008986877263326712,0.9963185437204501,0,1,0
REMD-642,CXCR4,CD274,Solid tumor,"Preclinical, IND Application",1,1,2.8377373218536377,0.0394914634525775,2.7688567638397217,0.039888359606266,0.2273407793972287,0.2958513039616033,1.0244356360697413,0.9955845656164276,2.8197133541107178,0.0397807545959949,2.782909154891968,0.0414723642170429,2.804206609725952,0.0420105867087841,2.79824585840106,0.1120663997339981,2.8772287853062153,0.0394914634525775,2.8377373218536377,0.2273407793972287,0.06725906602831731,0.9955845656164276,1.0199123077384822,0.016824327040740245,0.9992451683632978,0,0,0
REMD-813,LAG3,PDCD1,Solid tumor,"Preclinical, IND Application",1,1,0.0885069444775581,0.0371215306222438,0.0936155393719673,0.0368414930999279,0.3563741201757921,0.2913144945871229,0.9644286759166234,1.003224697230778,0.09308572858572,0.0363958217203617,0.089312344789505,0.0375192314386367,0.0903282389044761,0.0369100831449031,0.051385413855314296,0.003285513249704904,0.1256284750998019,0.0371215306222438,0.0885069444775581,0.2913144945871229,0.10381694670294148,0.9644286759166234,0.9675386663971345,0.00181206615465941,0.9952051920995237,0,1,0
RG6353,CD3E,HLA-G,Solid tumor,"Preclinical, IND Application",1,1,0.736981987953186,0.0723604038357734,0.7350622415542603,0.0693569034337997,0.3243314437737325,0.3667844648371205,1.0024453429260909,1.0251640275138303,0.7345154881477356,0.070431500673294,0.7241330146789551,0.0706829205155372,0.7432199120521545,0.0734362602233886,0.6646215841174127,0.05332831426798363,0.8093423917889594,0.0723604038357734,0.736981987953186,0.3243314437737325,0.11895973503439912,1.0024453429260909,1.027670905116594,0.00941848838071803,0.9997540267119145,1,0,0
ROR1 x CD3 DART,CD3E,ROR1,Neoplasms,"Preclinical, IND Application",1,1,0.736981987953186,0.0114731220528483,0.7350622415542603,0.0120246540755033,0.3243314437737325,0.1544750715903064,1.0024453429260909,0.9911078581432534,0.7345154881477356,0.0121267642825841,0.7241330146789551,0.0114569775760173,0.7432199120521545,0.012367345392704,0.7255088659003377,0.008455484298537678,0.7484551100060344,0.0114731220528483,0.736981987953186,0.1544750715903064,0.05010112299593477,0.9911078581432534,0.9935314567331571,0.0032946241708237014,0.9961942108043653,1,0,0
SBT-100,KRAS,STAT3,Solid tumor,"Preclinical, IND Application",1,1,0.3473388254642486,0.6194157004356384,0.3375508785247803,0.602302610874176,0.3695930891118325,0.3110132995145169,1.0252559018230751,1.026234893554279,0.3453876376152038,0.6069592833518982,0.3452716171741485,0.6087584495544434,0.3475745320320129,0.6130200028419495,0.2720768749713898,0.21514712186342952,0.9667545258998871,0.3473388254642486,0.6194157004356384,0.3110132995145169,0.11494836612243389,1.0252559018230751,1.0521533812733,0.0820813318774687,0.9999035161662607,0,0,0
SCR-8572,TNFRSF17,TNFRSF8,Multiple Myeloma,"Preclinical, IND Application",1,1,0.040244523435831,0.0062902830541133,0.0402837544679641,0.0060006976127624,0.3027197340691121,0.1004913669723465,0.9995654696421932,1.0051711041771905,0.0414421670138835,0.0070027792826294,0.0414013490080833,0.0056338026188313,0.0406943261623382,0.006279650144279,0.0339542403817177,0.00025314944378927327,0.0465348064899443,0.0062902830541133,0.040244523435831,0.1004913669723465,0.030420719886110288,0.9995654696421932,1.0047343268176352,9.194124774326929e-05,0.9945281399018692,0,0,0
SCR-9171,CD3E,MUC17,Muc17 positive Stomach Cancer,"Preclinical, IND Application",1,1,0.736981987953186,0.000221488851821,0.7350622415542603,0.0002558437117841,0.3243314437737325,0.0043867647921779,1.0024453429260909,0.9993164006924232,0.7345154881477356,0.0003260717785451,0.7241330146789551,0.0002603858301881,0.7432199120521545,0.0002742205397225,0.736760499101365,0.00016323329432450925,0.7372034768050071,0.000221488851821,0.736981987953186,0.0043867647921779,0.001422765758542836,0.9993164006924232,1.0017600719837831,7.387049710367044e-05,0.8894867031916819,1,0,0
SHR-1812,CD276,CD3E,Neoplasms,"Preclinical, IND Application",1,1,0.1288622170686721,0.736981987953186,0.1321548968553543,0.7350622415542603,0.3766942831236453,0.3243314437737325,0.9819237371955102,1.0024453429260909,0.1285343915224075,0.7345154881477356,0.1307610422372818,0.7241330146789551,0.1309951394796371,0.7432199120521545,0.608119770884514,0.09496913290732495,0.8658442050218581,0.1288622170686721,0.736981987953186,0.3243314437737325,0.12217380070680303,0.9819237371955102,0.9843248774602219,0.029252716853053657,0.9999360795055625,1,0,0
Siglec-6/CD3 targeted bispecific antibody(OSU),CD3E,SIGLEC6,Lymphoid Leukemia,"Preclinical, IND Application",1,1,0.736981987953186,0.0016611663158982,0.7350622415542603,0.0015118037117645,0.3243314437737325,0.0311993866017774,1.0024453429260909,1.0028995801616567,0.7345154881477356,0.001925376127474,0.7241330146789551,0.0014913007616996,0.7432199120521545,0.0013711026404052,0.7353208216372878,0.0012242496538115255,0.7386431542690842,0.0016611663158982,0.736981987953186,0.0311993866017774,0.01011894210140931,1.0024453429260909,1.0053520135555845,0.0005318675791464271,0.9908749989010477,1,0,0
SIRPα-PDL1,PDL1,SIRP,Neoplasms,"Preclinical, IND Application",1,1,0.0687058418989181,0.0687058418989181,0.0662170052528381,0.0662170052528381,0.3349080558811468,0.3349080558811468,1.002538754437549,1.002538754437549,0.067636601626873,0.067636601626873,0.0669665038585662,0.0669665038585662,0.0698165446519851,0.0698165446519851,0.0,0.004720492711039129,0.1374116837978362,0.0687058418989181,0.0687058418989181,0.3349080558811468,0.11216340589408935,1.002538754437549,1.0050839541491923,0.0014767354040635988,1.0000000000000002,0,0,0
SLD2435,PVRIG,TIGIT,Neoplasms,"Preclinical, IND Application",1,1,0.0028572061564773,0.1678885519504547,0.0033027096651494,0.1682288646697998,0.0507094080705659,0.3933687403676078,0.9916420101066008,0.9984405696292284,0.0029967548325657,0.1612036675214767,0.0025091727729886,0.1679251939058303,0.0027147831860929,0.1677955389022827,0.1650313457939774,0.00047969220423489824,0.17074575810693202,0.0028572061564773,0.1678885519504547,0.0507094080705659,0.019947495977505513,0.9916420101066008,0.9900956134391076,0.0002703317773971854,0.9974135871511285,0,0,0
SMTE-001,CD3E,MSLN,Neoplasms,"Preclinical, IND Application",1,1,0.736981987953186,0.1357283592224121,0.7350622415542603,0.1306430995464325,0.3243314437737325,0.4129907097687201,1.0024453429260909,1.0281508659270568,0.7345154881477356,0.1386736631393432,0.7241330146789551,0.1350929141044616,0.7432199120521545,0.135190725326538,0.6012536287307739,0.10002935600135743,0.8727103471755981,0.1357283592224121,0.736981987953186,0.3243314437737325,0.13394587316442752,1.0024453429260909,1.0306650473740058,0.011649377393248877,0.9978895229764743,1,0,0
SPX-301,CLDN18,CD274,Neoplasms,"Preclinical, IND Application",1,1,0.0524928569793701,0.0394914634525775,0.0540760569274425,0.039888359606266,0.3289381011593739,0.2958513039616033,0.9847880483291545,0.9955845656164276,0.053786315023899,0.0397807545959949,0.0516037419438362,0.0414723642170429,0.0546247288584709,0.0420105867087841,0.013001393526792603,0.0020730197429221723,0.0919843204319476,0.0394914634525775,0.0524928569793701,0.2958513039616033,0.09731676615065454,0.9847880483291545,0.9804397813200307,0.0005355831797910251,0.990465854305145,0,0,0
SRB-21,ERBB2,ERBB3,Neoplasms,"Preclinical, IND Application",1,1,0.1458282619714737,0.2228399366140365,0.1440167427062988,0.2218862622976303,0.3952691077726624,0.4077920779026814,1.0093369223702364,1.003507622298924,0.1456919759511947,0.2227225452661514,0.1421233266592025,0.2285714298486709,0.1540296673774719,0.2277127206325531,0.07701167464256281,0.03249636065425831,0.3686681985855102,0.1458282619714737,0.2228399366140365,0.3952691077726624,0.16118761078935293,1.003507622298924,1.0128772950662697,0.007478338495889949,0.9992281321598954,0,0,0
SRB19,EGFR,ERBB3,Squamous Cell Carcinoma of Head and Neck | Triple Negative Breast Cancer,"Preclinical, IND Application",1,1,0.2500387728214264,0.2228399366140365,0.2226305454969406,0.2218862622976303,0.4410472192302643,0.4077920779026814,1.100532489030263,1.003507622298924,0.2356877774000167,0.2227225452661514,0.2406675368547439,0.2285714298486709,0.2502810657024383,0.2277127206325531,0.027198836207389887,0.05571862428657813,0.4728787094354629,0.2228399366140365,0.2500387728214264,0.4077920779026814,0.17985556198310895,1.003507622298924,1.104392741329476,0.007497107332048072,0.9994599349347754,0,0,0
STL001,SDC1,CD3E,Multiple Myeloma,"Preclinical, IND Application",1,1,0.4800770878791809,0.736981987953186,0.4830794334411621,0.7350622415542603,0.4114316894661823,0.3243314437737325,0.994367920850744,1.0024453429260909,0.4914988577365875,0.7345154881477356,0.4748017489910126,0.7241330146789551,0.4962020516395569,0.7432199120521545,0.2569049000740051,0.35380816659597514,1.217059075832367,0.4800770878791809,0.736981987953186,0.3243314437737325,0.13344023385883289,0.994367920850744,0.996799491411928,0.04328072425304076,0.9998660376508335,1,0,0
T-903,CD274,TIGIT,Solid tumor,"Preclinical, IND Application",1,1,0.0394914634525775,0.1678885519504547,0.039888359606266,0.1682288646697998,0.2958513039616033,0.3933687403676078,0.9955845656164276,0.9984405696292284,0.0397807545959949,0.1612036675214767,0.0414723642170429,0.1679251939058303,0.0420105867087841,0.1677955389022827,0.1283970884978772,0.006630164613457542,0.20738001540303222,0.0394914634525775,0.1678885519504547,0.2958513039616033,0.11637865477549016,0.9955845656164276,0.9940320208081339,0.0029268204245758924,0.9992437209586109,0,1,0
TATX-200,CD3E,NTRK2,Neoplasms,"Preclinical, IND Application",1,1,0.736981987953186,0.0101884873583912,0.7350622415542603,0.0101639721542596,0.3243314437737325,0.1438572902765215,1.0024453429260909,1.00040747316465,0.7345154881477356,0.009440554305911,0.7241330146789551,0.0099420053884387,0.7432199120521545,0.010502646677196,0.7267935005947949,0.007508731667623052,0.7471704753115772,0.0101884873583912,0.736981987953186,0.1438572902765215,0.04665744265276115,1.00040747316465,1.0028538125023616,0.002393404106158922,0.9777582681588678,1,0,0
TJ-C4GM,CD47,CSF3R,Solid tumor,"Preclinical, IND Application",1,1,1.0568561553955078,0.1269352585077285,1.0716129541397097,0.1185719296336174,0.2853614815892538,0.39562204891936,0.9868432343887108,1.0496128204279829,1.0485692024230957,0.1228824779391288,1.054349660873413,0.1210084035992622,1.0603833198547363,0.12449611723423,0.9299208968877793,0.13415230929061286,1.1837914139032364,0.1269352585077285,1.0568561553955078,0.2853614815892538,0.1128952940290048,0.9868432343887108,1.0358033105670077,0.032883234461816645,0.9992032625984388,0,0,0
TJ-C64B,TNFRSF9,CLDN6,Neoplasms,"Preclinical, IND Application",1,1,0.0411083288490772,0.0349730886518955,0.0405395962297916,0.031980462372303,0.3043941037308105,0.2967179597916497,1.0062815899669149,1.036504140047441,0.042078785598278,0.0315979085862636,0.039554975926876,0.0374008752405643,0.0414621420204639,0.0322209112346172,0.006135240197181695,0.0014376852291700503,0.07608141750097269,0.0349730886518955,0.0411083288490772,0.2967179597916497,0.09031919743161389,1.0062815899669149,1.0430150340542288,0.00021400760829130776,0.956743036035933,1,0,0
TJ-L1D5,NT5E,CD274,Neoplasms,"Preclinical, IND Application",1,1,0.083722785115242,0.0394914634525775,0.0849866271018982,0.039888359606266,0.362210083073571,0.2958513039616033,0.9906372800492144,0.9955845656164276,0.0837228074669838,0.0397807545959949,0.0867558270692825,0.0414723642170429,0.0819919407367706,0.0420105867087841,0.044231321662664504,0.0033063353085265794,0.12321424856781951,0.0394914634525775,0.083722785115242,0.2958513039616033,0.10716032538535664,0.9906372800492144,0.9862631861412364,0.0016431745919029436,0.9967613136270991,0,0,0
TR0304,LAG3,CD274,Neoplasms,"Preclinical, IND Application",1,1,0.0885069444775581,0.0394914634525775,0.0936155393719673,0.039888359606266,0.3563741201757921,0.2958513039616033,0.9644286759166234,0.9955845656164276,0.09308572858572,0.0397807545959949,0.089312344789505,0.0414723642170429,0.0903282389044761,0.0420105867087841,0.049015481024980594,0.0034952687631347916,0.1279984079301356,0.0394914634525775,0.0885069444775581,0.2958513039616033,0.10543374815217722,0.9644286759166234,0.9601703043804779,0.0019136643338377053,0.9975851139421342,0,1,0
TR0506,LAG3,CD274,Neoplasms,"Preclinical, IND Application",1,1,0.0885069444775581,0.0394914634525775,0.0936155393719673,0.039888359606266,0.3563741201757921,0.2958513039616033,0.9644286759166234,0.9955845656164276,0.09308572858572,0.0397807545959949,0.089312344789505,0.0414723642170429,0.0903282389044761,0.0420105867087841,0.049015481024980594,0.0034952687631347916,0.1279984079301356,0.0394914634525775,0.0885069444775581,0.2958513039616033,0.10543374815217722,0.9644286759166234,0.9601703043804779,0.0019136643338377053,0.9975851139421342,0,1,0
TRB805,CD47,SIRPA,Hematologic Neoplasms,"Preclinical, IND Application",1,1,1.0568561553955078,0.1832598745822906,1.0716129541397097,0.1815792471170425,0.2853614815892538,0.3951860349793112,0.9868432343887108,1.0072572455700173,1.0485692024230957,0.1780662387609481,1.054349660873413,0.177441120147705,1.0603833198547363,0.1837551742792129,0.8735962808132172,0.19367932648930258,1.2401160299777985,0.1832598745822906,1.0568561553955078,0.2853614815892538,0.11277087244507891,0.9868432343887108,0.9940049980797798,0.04300185208857969,0.999563521991412,0,0,0
TRB805-01,CD47,SIRPA,Neoplasms,"Preclinical, IND Application",1,1,1.0568561553955078,0.1832598745822906,1.0716129541397097,0.1815792471170425,0.2853614815892538,0.3951860349793112,0.9868432343887108,1.0072572455700173,1.0485692024230957,0.1780662387609481,1.054349660873413,0.177441120147705,1.0603833198547363,0.1837551742792129,0.8735962808132172,0.19367932648930258,1.2401160299777985,0.1832598745822906,1.0568561553955078,0.2853614815892538,0.11277087244507891,0.9868432343887108,0.9940049980797798,0.04300185208857969,0.999563521991412,0,0,0
TRJ-E84,CMV PROTEIN,EGFR,Colonic Cancer,"Preclinical, IND Application",1,1,0.0687058418989181,0.2500387728214264,0.0662170052528381,0.2226305454969406,0.3349080558811468,0.4410472192302643,1.002538754437549,1.100532489030263,0.067636601626873,0.2356877774000167,0.0669665038585662,0.2406675368547439,0.0698165446519851,0.2502810657024383,0.1813329309225083,0.01717912439406842,0.3187446147203445,0.0687058418989181,0.2500387728214264,0.3349080558811468,0.14771026674419377,1.002538754437549,1.1033264707704555,0.003059863848765791,0.9999331307067229,0,0,0
TRJ-T75,CMV PROTEIN,TROP-2,Triple Negative Breast Cancer,"Preclinical, IND Application",1,1,0.0687058418989181,0.0687058418989181,0.0662170052528381,0.0662170052528381,0.3349080558811468,0.3349080558811468,1.002538754437549,1.002538754437549,0.067636601626873,0.067636601626873,0.0669665038585662,0.0669665038585662,0.0698165446519851,0.0698165446519851,0.0,0.004720492711039129,0.1374116837978362,0.0687058418989181,0.0687058418989181,0.3349080558811468,0.11216340589408935,1.002538754437549,1.0050839541491923,0.0014767354040635988,1.0000000000000002,0,0,0
Trop-2 x CD3 Bi-Specific Antibody,CD3E,TACSTD2,Solid tumor,"Preclinical, IND Application",1,1,0.736981987953186,1.0140867233276367,0.7350622415542603,1.0329108238220217,0.3243314437737325,0.4076124214721044,1.0024453429260909,0.9826171277631642,0.7345154881477356,1.0026551485061646,0.7241330146789551,1.0441235303878784,0.7432199120521545,1.013436794281006,0.2771047353744507,0.7473636493149343,1.7510687112808228,0.736981987953186,1.0140867233276367,0.3243314437737325,0.1322015251561548,0.9826171277631642,0.9850199636055956,0.05201221701069466,0.9989573715435935,1,0,0
TROP2 XPAT,CD3E,TACSTD2,Solid tumor,"Preclinical, IND Application",1,1,0.736981987953186,1.0140867233276367,0.7350622415542603,1.0329108238220217,0.3243314437737325,0.4076124214721044,1.0024453429260909,0.9826171277631642,0.7345154881477356,1.0026551485061646,0.7241330146789551,1.0441235303878784,0.7432199120521545,1.013436794281006,0.2771047353744507,0.7473636493149343,1.7510687112808228,0.736981987953186,1.0140867233276367,0.3243314437737325,0.1322015251561548,0.9826171277631642,0.9850199636055956,0.05201221701069466,0.9989573715435935,1,0,0
TROP2-TRACTr,CD3E,TACSTD2,Neoplasms,"Preclinical, IND Application",1,1,0.736981987953186,1.0140867233276367,0.7350622415542603,1.0329108238220217,0.3243314437737325,0.4076124214721044,1.0024453429260909,0.9826171277631642,0.7345154881477356,1.0026551485061646,0.7241330146789551,1.0441235303878784,0.7432199120521545,1.013436794281006,0.2771047353744507,0.7473636493149343,1.7510687112808228,0.736981987953186,1.0140867233276367,0.3243314437737325,0.1322015251561548,0.9826171277631642,0.9850199636055956,0.05201221701069466,0.9989573715435935,1,0,0
Trop2/CD3 bispecific antibody(Arbele),CD3E,TACSTD2,Colorectal Cancer | Pancreatic Cancer | Stomach Cancer,"Preclinical, IND Application",1,1,0.736981987953186,1.0140867233276367,0.7350622415542603,1.0329108238220217,0.3243314437737325,0.4076124214721044,1.0024453429260909,0.9826171277631642,0.7345154881477356,1.0026551485061646,0.7241330146789551,1.0441235303878784,0.7432199120521545,1.013436794281006,0.2771047353744507,0.7473636493149343,1.7510687112808228,0.736981987953186,1.0140867233276367,0.3243314437737325,0.1322015251561548,0.9826171277631642,0.9850199636055956,0.05201221701069466,0.9989573715435935,1,0,0
Trophoblast antigen 2 tumour activated T-cell engager therapy (Janux Therapeutics/Merck & Co),CD3E,TACSTD2,Solid tumor,"Preclinical, IND Application",1,1,0.736981987953186,1.0140867233276367,0.7350622415542603,1.0329108238220217,0.3243314437737325,0.4076124214721044,1.0024453429260909,0.9826171277631642,0.7345154881477356,1.0026551485061646,0.7241330146789551,1.0441235303878784,0.7432199120521545,1.013436794281006,0.2771047353744507,0.7473636493149343,1.7510687112808228,0.736981987953186,1.0140867233276367,0.3243314437737325,0.1322015251561548,0.9826171277631642,0.9850199636055956,0.05201221701069466,0.9989573715435935,1,0,0
TSR-075,LAG3,PDCD1,Neoplasms,"Preclinical, IND Application",1,1,0.0885069444775581,0.0371215306222438,0.0936155393719673,0.0368414930999279,0.3563741201757921,0.2913144945871229,0.9644286759166234,1.003224697230778,0.09308572858572,0.0363958217203617,0.089312344789505,0.0375192314386367,0.0903282389044761,0.0369100831449031,0.051385413855314296,0.003285513249704904,0.1256284750998019,0.0371215306222438,0.0885069444775581,0.2913144945871229,0.10381694670294148,0.9644286759166234,0.9675386663971345,0.00181206615465941,0.9952051920995237,0,1,0
TST-006,CLDN18,CD274,Neoplasms,"Preclinical, IND Application",1,1,0.0524928569793701,0.0394914634525775,0.0540760569274425,0.039888359606266,0.3289381011593739,0.2958513039616033,0.9847880483291545,0.9955845656164276,0.053786315023899,0.0397807545959949,0.0516037419438362,0.0414723642170429,0.0546247288584709,0.0420105867087841,0.013001393526792603,0.0020730197429221723,0.0919843204319476,0.0394914634525775,0.0524928569793701,0.2958513039616033,0.09731676615065454,0.9847880483291545,0.9804397813200307,0.0005355831797910251,0.990465854305145,0,0,0
TXB4-BC1,MS4A1,TFRC,Primary Central Nervous System Lymphoma,"Preclinical, IND Application",1,1,0.3328534364700317,0.4273627400398254,0.3374113142490387,0.4215141236782074,0.4109104902294773,0.3980565803445897,0.9882350421596696,1.0124039049265243,0.3303883373737335,0.4386596977710724,0.3282518684864044,0.4119540750980377,0.3216332495212555,0.4370800852775574,0.0945093035697937,0.14224915664150467,0.7602161765098571,0.3328534364700317,0.4273627400398254,0.3980565803445897,0.16356562456846466,0.9882350421596696,1.000493015667678,0.01796536180209213,0.9993592456908162,0,0,0
TYRP1-TCB,CD3E,TYRP1,Melanoma,"Preclinical, IND Application",1,1,0.736981987953186,0.0058473055250942,0.7350622415542603,0.0054657519795,0.3243314437737325,0.0950308761853986,1.0024453429260909,1.0068790836142496,0.7345154881477356,0.0062574725598096,0.7241330146789551,0.0059888744726777,0.7432199120521545,0.0065538706257939,0.7311346824280919,0.004309358850053572,0.7428292934782802,0.0058473055250942,0.736981987953186,0.0950308761853986,0.030821501276293142,1.0024453429260909,1.0093412482587947,0.0012779595998934816,0.9866413968536334,1,0,0
V2-U scDb,CD3,RAS,Neoplasms,"Preclinical, IND Application",1,1,0.0687058418989181,0.0687058418989181,0.0662170052528381,0.0662170052528381,0.3349080558811468,0.3349080558811468,1.002538754437549,1.002538754437549,0.067636601626873,0.067636601626873,0.0669665038585662,0.0669665038585662,0.0698165446519851,0.0698165446519851,0.0,0.004720492711039129,0.1374116837978362,0.0687058418989181,0.0687058418989181,0.3349080558811468,0.11216340589408935,1.002538754437549,1.0050839541491923,0.0014767354040635988,1.0000000000000002,0,0,0
VB-611,CD3E,MOSPD2,Solid tumor,"Preclinical, IND Application",1,1,0.736981987953186,0.084232211112976,0.7350622415542603,0.0830794274806976,0.3243314437737325,0.3612135949089104,1.0024453429260909,1.0086623729460036,0.7345154881477356,0.0825272127985954,0.7241330146789551,0.081500768661499,0.7432199120521545,0.084651879966259,0.6527497768402101,0.06207762239573351,0.821214199066162,0.084232211112976,0.736981987953186,0.3243314437737325,0.11715292674750707,1.0024453429260909,1.011128898344501,0.023121465593448978,0.9999175748125991,1,0,0
VBI-001,CD38,ICAM1,Hematologic Neoplasms,"Preclinical, IND Application",1,1,0.1074885353446006,0.5487164855003357,0.1087568327784538,0.5426445007324219,0.37467679369076,0.3868413764132813,0.9920110686787064,1.0102455768346956,0.1058180555701255,0.55278480052948,0.1106639802455902,0.5439460277557373,0.109743058681488,0.5444923043251038,0.4412279501557351,0.05898073134586785,0.6562050208449363,0.1074885353446006,0.5487164855003357,0.37467679369076,0.14494048658144865,0.9920110686787064,1.0021747943037225,0.01418034506412312,0.999732483041577,0,0,0
VBI-002,CD47,ICAM1,Hepatocellular Carcinoma | Melanoma | Non-Small Cell Lung Cancer,"Preclinical, IND Application",1,1,1.0568561553955078,0.5487164855003357,1.0716129541397097,0.5426445007324219,0.2853614815892538,0.3868413764132813,0.9868432343887108,1.0102455768346956,1.0485692024230957,0.55278480052948,1.054349660873413,0.5439460277557373,1.0603833198547363,0.5444923043251038,0.5081396698951721,0.5799143952680197,1.6055726408958435,0.5487164855003357,1.0568561553955078,0.2853614815892538,0.11038962831332017,0.9868432343887108,0.9969540125704399,0.0810580366219401,0.9995677878576138,0,0,0
VBI-003,CD47,EPCAM,Colorectal Cancer | Small Cell Lung Cancer,"Preclinical, IND Application",1,1,1.0568561553955078,1.3818910121917725,1.0716129541397097,1.3133620023727417,0.2853614815892538,0.4207297249094102,0.9868432343887108,1.050264720374901,1.0485692024230957,1.3389904499053955,1.054349660873413,1.3404426574707031,1.0603833198547363,1.4144569635391235,0.32503485679626465,1.4604600223206035,2.4387471675872803,1.0568561553955078,1.3818910121917725,0.2853614815892538,0.12006005764878847,0.9868432343887108,1.0364466336191223,0.06733926393659827,0.999015486033733,0,0,0
VBI-009,CD276,CD47,Neoplasms,"Preclinical, IND Application",1,1,0.1288622170686721,1.0568561553955078,0.1321548968553543,1.0716129541397097,0.3766942831236453,0.2853614815892538,0.9819237371955102,0.9868432343887108,0.1285343915224075,1.0485692024230957,0.1307610422372818,1.054349660873413,0.1309951394796371,1.0603833198547363,0.9279939383268357,0.13618882730693818,1.18571837246418,0.1288622170686721,1.0568561553955078,0.2853614815892538,0.10749403873836526,0.9819237371955102,0.9690047967370677,0.03600155058578765,0.9993318847726249,0,0,0
VTX-002 (Venn Therapeutics),TGF-Β,ΑVΒ6,Neoplasms,"Preclinical, IND Application",1,1,0.0687058418989181,0.0687058418989181,0.0662170052528381,0.0662170052528381,0.3349080558811468,0.3349080558811468,1.002538754437549,1.002538754437549,0.067636601626873,0.067636601626873,0.0669665038585662,0.0669665038585662,0.0698165446519851,0.0698165446519851,0.0,0.004720492711039129,0.1374116837978362,0.0687058418989181,0.0687058418989181,0.3349080558811468,0.11216340589408935,1.002538754437549,1.0050839541491923,0.0014767354040635988,1.0000000000000002,0,0,0
WM-202,CD3E,MAGEA4,Melanoma,"Preclinical, IND Application",1,1,0.736981987953186,0.0027021639980375,0.7350622415542603,0.0015350622124969,0.3243314437737325,0.0497876013414117,1.0024453429260909,1.0226467522388585,0.7345154881477356,0.001925376127474,0.7241330146789551,0.0015859864652156,0.7432199120521545,0.0018646996468305,0.7342798239551486,0.001991446195049206,0.7396841519512235,0.0027021639980375,0.736981987953186,0.0497876013414117,0.01614768462509108,1.0024453429260909,1.0251474742403357,0.0002807078889939476,0.9847205303536539,1,0,0
XB-628,KLRC1,CD274,Neoplasms,"Preclinical, IND Application",1,1,0.0630357265472412,0.0394914634525775,0.0645889043807983,0.039888359606266,0.3446136716700064,0.2958513039616033,0.9864456524656552,0.9955845656164276,0.0649038106203079,0.0397807545959949,0.0644336640834808,0.0414723642170429,0.0640304908156395,0.0420105867087841,0.023544263094663696,0.0024893730911470452,0.10252718999981869,0.0394914634525775,0.0630357265472412,0.2958513039616033,0.10195440412656723,0.9864456524656552,0.9820900664142328,0.0008519415063930284,0.9916169413423582,0,0,0
XmAb13677,MS4A1,CD3E,B-Cell Leukemia,"Preclinical, IND Application",1,1,0.3328534364700317,0.736981987953186,0.3374113142490387,0.7350622415542603,0.4109104902294773,0.3243314437737325,0.9882350421596696,1.0024453429260909,0.3303883373737335,0.7345154881477356,0.3282518684864044,0.7241330146789551,0.3216332495212555,0.7432199120521545,0.40412855148315435,0.24530698730673348,1.0698354244232178,0.3328534364700317,0.736981987953186,0.3243314437737325,0.13327119255789857,0.9882350421596696,0.9906516157293299,0.03673579820965552,0.9998183393155541,1,0,0
XmAb30819,CD3E,ENPP3,Renal Cell Carcinoma,"Preclinical, IND Application",1,1,0.736981987953186,0.0112073356285691,0.7350622415542603,0.0125130824744701,0.3243314437737325,0.1504619959047341,1.0024453429260909,0.9791124226447436,0.7345154881477356,0.0112572396174073,0.7241330146789551,0.0122854774817824,0.7432199120521545,0.0112704634666442,0.7257746523246169,0.008259604491201425,0.7481893235817552,0.0112073356285691,0.736981987953186,0.1504619959047341,0.048799556364859845,0.9791124226447436,0.9815066882813057,0.003272463021692617,0.9987946472428697,1,0,0
XmAb541,CD3E,CLDN6,Ovarian Cancer,"Preclinical, IND Application",1,1,0.736981987953186,0.0349730886518955,0.7350622415542603,0.031980462372303,0.3243314437737325,0.2967179597916497,1.0024453429260909,1.036504140047441,0.7345154881477356,0.0315979085862636,0.7241330146789551,0.0374008752405643,0.7432199120521545,0.0322209112346172,0.7020088993012905,0.02577453639953696,0.7719550766050816,0.0349730886518955,0.736981987953186,0.2967179597916497,0.09623496429282206,1.0024453429260909,1.03903874811417,0.002807078889939476,0.9635116468382461,1,0,0
YBL-008,CD274,VEGFA,Neoplasms,"Preclinical, IND Application",1,1,0.0394914634525775,0.3522780239582062,0.039888359606266,0.3303407430648803,0.2958513039616033,0.4175137819573727,0.9955845656164276,1.0576779671737235,0.0397807545959949,0.3407605290412903,0.0414723642170429,0.341223806142807,0.0420105867087841,0.3476842045783996,0.3127865605056287,0.013911974708291721,0.39176948741078366,0.0394914634525775,0.3522780239582062,0.2958513039616033,0.12352199681402924,0.9955845656164276,1.0530078595107177,0.004072860503247117,0.999448752667272,0,0,1
YBL-009,PDL1,TGF-Β,Neoplasms,"Preclinical, IND Application",1,1,0.0687058418989181,0.0687058418989181,0.0662170052528381,0.0662170052528381,0.3349080558811468,0.3349080558811468,1.002538754437549,1.002538754437549,0.067636601626873,0.067636601626873,0.0669665038585662,0.0669665038585662,0.0698165446519851,0.0698165446519851,0.0,0.004720492711039129,0.1374116837978362,0.0687058418989181,0.0687058418989181,0.3349080558811468,0.11216340589408935,1.002538754437549,1.0050839541491923,0.0014767354040635988,1.0000000000000002,0,0,0
YBL-013,CD3E,CD274,Neoplasms,"Preclinical, IND Application",1,1,0.736981987953186,0.0394914634525775,0.7350622415542603,0.039888359606266,0.3243314437737325,0.2958513039616033,1.0024453429260909,0.9955845656164276,0.7345154881477356,0.0397807545959949,0.7241330146789551,0.0414723642170429,0.7432199120521545,0.0420105867087841,0.6974905245006086,0.02910449724246116,0.7764734514057635,0.0394914634525775,0.736981987953186,0.2958513039616033,0.0959538805562082,0.9955845656164276,0.998019111291283,0.010157193351754733,0.9995694660433668,1,0,0
YBL-016,IL10,CD274,Neoplasms,"Preclinical, IND Application",1,1,0.0601120740175247,0.0394914634525775,0.0565647184848785,0.039888359606266,0.3505008143291034,0.2958513039616033,1.0332882738591342,0.9955845656164276,0.0594537518918514,0.0397807545959949,0.0603148303925991,0.0414723642170429,0.0585735030472278,0.0420105867087841,0.020620610564947198,0.0023739137741217104,0.0996035374701022,0.0394914634525775,0.0601120740175247,0.2958513039616033,0.10369612295886906,0.9955845656164276,1.0287258572865945,0.0008816211788247727,0.9988037128444327,0,0,0
YBL-017,CD3E,DLK1,Neoplasms,"Preclinical, IND Application",1,1,0.736981987953186,0.0030565462075173,0.7350622415542603,0.003023607423529,0.3243314437737325,0.0544600705371848,1.0024453429260909,1.0006212097891654,0.7345154881477356,0.0043165693059563,0.7241330146789551,0.0025801870506256,0.7432199120521545,0.0022486082743853,0.7339254417456688,0.0022526195002868714,0.7400385341607033,0.0030565462075173,0.736981987953186,0.0544600705371848,0.01766311330534446,1.0006212097891654,1.0030680717862197,0.0002733208392835639,0.8658863771983665,1,0,0
YBL-018,CD276,CD3E,Neoplasms,"Preclinical, IND Application",1,1,0.1288622170686721,0.736981987953186,0.1321548968553543,0.7350622415542603,0.3766942831236453,0.3243314437737325,0.9819237371955102,1.0024453429260909,0.1285343915224075,0.7345154881477356,0.1307610422372818,0.7241330146789551,0.1309951394796371,0.7432199120521545,0.608119770884514,0.09496913290732495,0.8658442050218581,0.1288622170686721,0.736981987953186,0.3243314437737325,0.12217380070680303,0.9819237371955102,0.9843248774602219,0.029252716853053657,0.9999360795055625,1,0,0
YBL-020,LAG3,CD274,Neoplasms,"Preclinical, IND Application",1,1,0.0885069444775581,0.0394914634525775,0.0936155393719673,0.039888359606266,0.3563741201757921,0.2958513039616033,0.9644286759166234,0.9955845656164276,0.09308572858572,0.0397807545959949,0.089312344789505,0.0414723642170429,0.0903282389044761,0.0420105867087841,0.049015481024980594,0.0034952687631347916,0.1279984079301356,0.0394914634525775,0.0885069444775581,0.2958513039616033,0.10543374815217722,0.9644286759166234,0.9601703043804779,0.0019136643338377053,0.9975851139421342,0,1,0
YBL-031,MS4A1,CD3E,B-Cell Lymphoma,"Preclinical, IND Application",1,1,0.3328534364700317,0.736981987953186,0.3374113142490387,0.7350622415542603,0.4109104902294773,0.3243314437737325,0.9882350421596696,1.0024453429260909,0.3303883373737335,0.7345154881477356,0.3282518684864044,0.7241330146789551,0.3216332495212555,0.7432199120521545,0.40412855148315435,0.24530698730673348,1.0698354244232178,0.3328534364700317,0.736981987953186,0.3243314437737325,0.13327119255789857,0.9882350421596696,0.9906516157293299,0.03673579820965552,0.9998183393155541,1,0,0
YBL-032,CD3E,EGFR,Neoplasms,"Preclinical, IND Application",1,1,0.736981987953186,0.2500387728214264,0.7350622415542603,0.2226305454969406,0.3243314437737325,0.4410472192302643,1.0024453429260909,1.100532489030263,0.7345154881477356,0.2356877774000167,0.7241330146789551,0.2406675368547439,0.7432199120521545,0.2502810657024383,0.48694321513175964,0.18427407185930988,0.9870207607746124,0.2500387728214264,0.736981987953186,0.3243314437737325,0.14304548138534154,1.0024453429260909,1.1032236683672463,0.02655644370876967,0.9998130944753393,1,0,0
YH-013,EGFR,MET,Neoplasms | Solid tumor,"Preclinical, IND Application",1,1,0.2500387728214264,0.2726970613002777,0.2226305454969406,0.2730317413806915,0.4410472192302643,0.4203732279753822,1.100532489030263,0.998963940574436,0.2356877774000167,0.2747542858123779,0.2406675368547439,0.2727423310279846,0.2502810657024383,0.2936901748180389,0.02265828847885132,0.06818483855953072,0.5227358341217041,0.2500387728214264,0.2726970613002777,0.4203732279753822,0.18540444323739225,0.998963940574436,1.0993922719718638,0.00641954144640202,0.9994485690962657,0,0,0
YH012,ERBB2,TACSTD2,Neoplasms | Solid tumor,"Preclinical, IND Application",1,1,0.1458282619714737,1.0140867233276367,0.1440167427062988,1.0329108238220217,0.3952691077726624,0.4076124214721044,1.0093369223702364,0.9826171277631642,0.1456919759511947,1.0026551485061646,0.1421233266592025,1.0441235303878784,0.1540296673774719,1.013436794281006,0.868258461356163,0.14788250435121597,1.1599149852991104,0.1458282619714737,1.0140867233276367,0.3952691077726624,0.16111659815233312,0.9826171277631642,0.9917917476047536,0.012386492907447928,0.9989970355560506,0,0,0
ZW-171,CD3E,MSLN,Ovarian Cancer | Pancreatic Cancer | Solid tumor,"Preclinical, IND Application",1,1,0.736981987953186,0.1357283592224121,0.7350622415542603,0.1306430995464325,0.3243314437737325,0.4129907097687201,1.0024453429260909,1.0281508659270568,0.7345154881477356,0.1386736631393432,0.7241330146789551,0.1350929141044616,0.7432199120521545,0.135190725326538,0.6012536287307739,0.10002935600135743,0.8727103471755981,0.1357283592224121,0.736981987953186,0.3243314437737325,0.13394587316442752,1.0024453429260909,1.0306650473740058,0.011649377393248877,0.9978895229764743,1,0,0
7D10-PAT-DX1,BAK,DNA,Breast Cancer,"Preclinical, IND Application",1,1,0.0687058418989181,0.0687058418989181,0.0662170052528381,0.0662170052528381,0.3349080558811468,0.3349080558811468,1.002538754437549,1.002538754437549,0.067636601626873,0.067636601626873,0.0669665038585662,0.0669665038585662,0.0698165446519851,0.0698165446519851,0.0,0.004720492711039129,0.1374116837978362,0.0687058418989181,0.0687058418989181,0.3349080558811468,0.11216340589408935,1.002538754437549,1.0050839541491923,0.0014767354040635988,1.0000000000000002,0,0,0
anti-CD3/CD20 bispecific antibody,MS4A1,CD3E,Neoplasms,"Preclinical, IND Application",1,1,0.3328534364700317,0.736981987953186,0.3374113142490387,0.7350622415542603,0.4109104902294773,0.3243314437737325,0.9882350421596696,1.0024453429260909,0.3303883373737335,0.7345154881477356,0.3282518684864044,0.7241330146789551,0.3216332495212555,0.7432199120521545,0.40412855148315435,0.24530698730673348,1.0698354244232178,0.3328534364700317,0.736981987953186,0.3243314437737325,0.13327119255789857,0.9882350421596696,0.9906516157293299,0.03673579820965552,0.9998183393155541,1,0,0
anti-CEA/CD3 antibody (Jiangsu hengrui),CD3,CEA,Neoplasms,"Preclinical, IND Application",1,1,0.0687058418989181,0.0687058418989181,0.0662170052528381,0.0662170052528381,0.3349080558811468,0.3349080558811468,1.002538754437549,1.002538754437549,0.067636601626873,0.067636601626873,0.0669665038585662,0.0669665038585662,0.0698165446519851,0.0698165446519851,0.0,0.004720492711039129,0.1374116837978362,0.0687058418989181,0.0687058418989181,0.3349080558811468,0.11216340589408935,1.002538754437549,1.0050839541491923,0.0014767354040635988,1.0000000000000002,0,0,0
Anti-CLDN18.2/CD3 bispecific antibody,CD3,CLDN18.2,Neoplasms,"Preclinical, IND Application",1,1,0.0687058418989181,0.0687058418989181,0.0662170052528381,0.0662170052528381,0.3349080558811468,0.3349080558811468,1.002538754437549,1.002538754437549,0.067636601626873,0.067636601626873,0.0669665038585662,0.0669665038585662,0.0698165446519851,0.0698165446519851,0.0,0.004720492711039129,0.1374116837978362,0.0687058418989181,0.0687058418989181,0.3349080558811468,0.11216340589408935,1.002538754437549,1.0050839541491923,0.0014767354040635988,1.0000000000000002,0,0,0
anti-HGFR/EGFR antibody (Jiangsu hengrui),EGFR,MET,Neoplasms,"Preclinical, IND Application",1,1,0.2500387728214264,0.2726970613002777,0.2226305454969406,0.2730317413806915,0.4410472192302643,0.4203732279753822,1.100532489030263,0.998963940574436,0.2356877774000167,0.2747542858123779,0.2406675368547439,0.2727423310279846,0.2502810657024383,0.2936901748180389,0.02265828847885132,0.06818483855953072,0.5227358341217041,0.2500387728214264,0.2726970613002777,0.4203732279753822,0.18540444323739225,0.998963940574436,1.0993922719718638,0.00641954144640202,0.9994485690962657,0,0,0
anti-PD1/PDL1 antibody (Jiangsu Hengrui),PDCD1,CD274,Neoplasms,"Preclinical, IND Application",1,1,0.0371215306222438,0.0394914634525775,0.0368414930999279,0.039888359606266,0.2913144945871229,0.2958513039616033,1.003224697230778,0.9955845656164276,0.0363958217203617,0.0397807545959949,0.0375192314386367,0.0414723642170429,0.0369100831449031,0.0420105867087841,0.0023699328303337028,0.0014659835698720774,0.0766129940748213,0.0371215306222438,0.0394914634525775,0.2913144945871229,0.08618577308651573,0.9955845656164276,0.9987950244081761,0.0008782484887757093,0.9986444433383105,0,1,0
anti-PD1/TGFβ antibody (Jiangsu hengrui),PD-1,TGF-Β,Neoplasms,"Preclinical, IND Application",1,1,0.0687058418989181,0.0687058418989181,0.0662170052528381,0.0662170052528381,0.3349080558811468,0.3349080558811468,1.002538754437549,1.002538754437549,0.067636601626873,0.067636601626873,0.0669665038585662,0.0669665038585662,0.0698165446519851,0.0698165446519851,0.0,0.004720492711039129,0.1374116837978362,0.0687058418989181,0.0687058418989181,0.3349080558811468,0.11216340589408935,1.002538754437549,1.0050839541491923,0.0014767354040635988,1.0000000000000002,0,0,0
anti-PDL1/4-1BB antibody (Jiangsu hengrui),TNFRSF9,CD274,Neoplasms,"Preclinical, IND Application",1,1,0.0411083288490772,0.0394914634525775,0.0405395962297916,0.039888359606266,0.3043941037308105,0.2958513039616033,1.0062815899669149,0.9955845656164276,0.042078785598278,0.0397807545959949,0.039554975926876,0.0414723642170429,0.0414621420204639,0.0420105867087841,0.0016168653964996962,0.0016234280663398695,0.0805997923016547,0.0394914634525775,0.0411083288490772,0.2958513039616033,0.09005539250698383,0.9955845656164276,1.001838419635019,0.0007743696352646043,0.9987296255385714,1,0,0
anti-RANKL/NGF antibody (Jiangsu hengrui),NGF,RANKL,Neoplasms,"Preclinical, IND Application",1,1,0.0687058418989181,0.0687058418989181,0.0662170052528381,0.0662170052528381,0.3349080558811468,0.3349080558811468,1.002538754437549,1.002538754437549,0.067636601626873,0.067636601626873,0.0669665038585662,0.0669665038585662,0.0698165446519851,0.0698165446519851,0.0,0.004720492711039129,0.1374116837978362,0.0687058418989181,0.0687058418989181,0.3349080558811468,0.11216340589408935,1.002538754437549,1.0050839541491923,0.0014767354040635988,1.0000000000000002,0,0,0
anti-VEGF/Ang2 antibody (Jiangsu hengrui),ANGPT2,VEGFA,Neoplasms,"Preclinical, IND Application",1,1,0.0338656455278396,0.3522780239582062,0.0381439700722694,0.3303407430648803,0.2708901263507595,0.4175137819573727,0.9514620848037368,1.0576779671737235,0.0361939668655395,0.3407605290412903,0.0348443612456321,0.341223806142807,0.0354292914271354,0.3476842045783996,0.31841237843036657,0.011930122686616395,0.3861436694860458,0.0338656455278396,0.3522780239582062,0.2708901263507595,0.11310036114761614,0.9514620848037368,1.0063404836980894,0.0031398051879577755,0.9951864658197344,0,0,1
anti-VEGF/PDGF antibody (Jiangsu hengrui),PDGF,VEGF-A,Neoplasms,"Preclinical, IND Application",1,1,0.0687058418989181,0.0687058418989181,0.0662170052528381,0.0662170052528381,0.3349080558811468,0.3349080558811468,1.002538754437549,1.002538754437549,0.067636601626873,0.067636601626873,0.0669665038585662,0.0669665038585662,0.0698165446519851,0.0698165446519851,0.0,0.004720492711039129,0.1374116837978362,0.0687058418989181,0.0687058418989181,0.3349080558811468,0.11216340589408935,1.002538754437549,1.0050839541491923,0.0014767354040635988,1.0000000000000002,0,0,0
APL-801,CD40,CD274,Neoplasms,"Preclinical, IND Application",1,1,0.2458526194095611,0.0394914634525775,0.2523316740989685,0.039888359606266,0.3797339301663551,0.2958513039616033,0.978569712522789,0.9955845656164276,0.2438085228204727,0.0397807545959949,0.2444076240062713,0.0414723642170429,0.2505553066730499,0.0420105867087841,0.2063611559569836,0.009709079734133128,0.2853440828621386,0.0394914634525775,0.2458526194095611,0.2958513039616033,0.11234477839818056,0.978569712522789,0.9742489021673933,0.004652963191685758,0.9997559408832786,0,0,0
B7H3 x NKG2D NKE,CD276,KLRK1,Neoplasms,"Preclinical, IND Application",1,1,0.1288622170686721,0.0027021639980375,0.1321548968553543,0.0030933830421417,0.3766942831236453,0.0482799311574813,0.9819237371955102,0.9926314915025533,0.1285343915224075,0.0028104281518608,0.1307610422372818,0.0028879158198833,0.1309951394796371,0.0030164257623255,0.1261600530706346,0.00034820684367025914,0.1315643810667096,0.0027021639980375,0.1288622170686721,0.0482799311574813,0.018186774056626363,0.9819237371955102,0.9746884237941404,0.0002311776667228914,0.9295393525485265,0,0,0
BP-1212,ENTPD1,HAVCR2,Neoplasms,"Preclinical, IND Application",1,1,0.1274003833532333,0.221754640340805,0.1273171305656433,0.2168159037828445,0.3819095345732655,0.39601285186522,1.0004695135056858,1.018509903225184,0.121500551700592,0.2182196527719497,0.1275417208671569,0.2147709727287292,0.1256752610206604,0.2184989154338836,0.09435425698757169,0.028251626189776932,0.3491550236940383,0.1274003833532333,0.221754640340805,0.3819095345732655,0.1512410839408777,1.0004695135056858,1.018988107380423,0.011241234802294987,0.9967248437349777,0,0,0
C-21-7D12,FCGR3A,EGFR,Colorectal Cancer,"Preclinical, IND Application",1,1,1.1602472066879272,0.2500387728214264,1.13978374004364,0.2226305454969406,0.3864865631973361,0.4410472192302643,1.0171993161072588,1.100532489030263,1.136282444000244,0.2356877774000167,1.1368446350097656,0.2406675368547439,1.1213973760604858,0.2502810657024383,0.9102084338665009,0.2901067877297372,1.4102859795093536,0.2500387728214264,1.1602472066879272,0.3864865631973361,0.1704588239680469,1.0171993161072588,1.1194608951954028,0.01728690803781115,0.9996240816975746,0,0,0
CB-693,TNFRSF9,MSLN,-,"Preclinical, IND Application",1,1,0.0411083288490772,0.1357283592224121,0.0405395962297916,0.1306430995464325,0.3043941037308105,0.4129907097687201,1.0062815899669149,1.0281508659270568,0.042078785598278,0.1386736631393432,0.039554975926876,0.1350929141044616,0.0414621420204639,0.135190725326538,0.09462003037333491,0.005579566025060597,0.1768366880714893,0.0411083288490772,0.1357283592224121,0.3043941037308105,0.12571193694920083,1.0062815899669149,1.034609288090939,0.0008881315744089311,0.9961818158289172,1,0,0
CD137/FAP bispecific agonist antibody(Boehringer Ingelheim International GmbH),TNFRSF9,FAP,-,"Preclinical, IND Application",1,1,0.0411083288490772,0.0157035589218139,0.0405395962297916,0.0169089436531066,0.3043941037308105,0.188207968448754,1.0062815899669149,0.9819846994216184,0.042078785598278,0.0173749662935733,0.039554975926876,0.0155284646898508,0.0414621420204639,0.0191131699830293,0.025404769927263298,0.0006455470642587859,0.05681188777089109,0.0157035589218139,0.0411083288490772,0.188207968448754,0.057289395870955134,0.9819846994216184,0.9881531246571691,0.00025061417286745383,0.9823641946297321,1,0,0
DM-002 (Xadcera Biopharma),ERBB3,MUC1,Neoplasms,"Preclinical, IND Application",1,1,0.2228399366140365,1.539303183555603,0.2218862622976303,1.5285964012145996,0.4077920779026814,0.4046044839415069,1.003507622298924,1.0067824697514611,0.2227225452661514,1.5239663124084473,0.2285714298486709,1.52564799785614,0.2277127206325531,1.568705916404724,1.3164632469415665,0.34301822385331515,1.7621431201696396,0.2228399366140365,1.539303183555603,0.4046044839415069,0.1649945032352492,1.003507622298924,1.0103138823925273,0.016787681230316272,0.9983418594868076,0,0,0
EX-109,CD3E,MUC17,Gastroesophageal junction adenocarcinoma | Stomach Cancer,"Preclinical, IND Application",1,1,0.736981987953186,0.000221488851821,0.7350622415542603,0.0002558437117841,0.3243314437737325,0.0043867647921779,1.0024453429260909,0.9993164006924232,0.7345154881477356,0.0003260717785451,0.7241330146789551,0.0002603858301881,0.7432199120521545,0.0002742205397225,0.736760499101365,0.00016323329432450925,0.7372034768050071,0.000221488851821,0.736981987953186,0.0043867647921779,0.001422765758542836,0.9993164006924232,1.0017600719837831,7.387049710367044e-05,0.8894867031916819,1,0,0
FmAb-2,EGFR,TGFBR2,Neoplasms,"Preclinical, IND Application",1,1,0.2500387728214264,0.2582338452339172,0.2226305454969406,0.2558669745922088,0.4410472192302643,0.3763492352413082,1.100532489030263,1.007738235371321,0.2356877774000167,0.2572706341743469,0.2406675368547439,0.2546810209751129,0.2502810657024383,0.2544766366481781,0.00819507241249079,0.0645684737632468,0.5082726180553436,0.2500387728214264,0.2582338452339172,0.3763492352413082,0.16598778366261557,1.007738235371321,1.1090486684641647,0.0143028794314067,0.9993567002255798,0,0,0
HK-006,TNFRSF9,ERBB2,Neoplasms,"Preclinical, IND Application",1,1,0.0411083288490772,0.1458282619714737,0.0405395962297916,0.1440167427062988,0.3043941037308105,0.3952691077726624,1.0062815899669149,1.0093369223702364,0.042078785598278,0.1456919759511947,0.039554975926876,0.1421233266592025,0.0414621420204639,0.1540296673774719,0.1047199331223965,0.005994756148612719,0.1869365908205509,0.0411083288490772,0.1458282619714737,0.3043941037308105,0.12031758579293671,1.0062815899669149,1.015677163055034,0.0020195560087700884,0.9991052313240997,1,0,0
IDC-001,CTHRC1,ZG16B,Ovarian Epithelial Carcinoma | Pancreatic Cancer,"Preclinical, IND Application",1,1,0.1442556828260421,0.1827283054590225,0.1362716555595398,0.2033724784851074,0.4204024678900451,0.4016286609485858,1.0428622768317557,0.9185224332590712,0.1518096923828125,0.188065767288208,0.1362528055906295,0.1804000437259674,0.1659582704305648,0.2008939534425735,0.0384726226329804,0.026359596475636883,0.3269839882850646,0.1442556828260421,0.1827283054590225,0.4016286609485858,0.16884568023815966,0.9185224332590712,0.9578923960695994,0.0015252506305947966,0.9970600492424784,0,0,0
IDC-004,VEGFA,ZG16B,Ovarian Epithelial Carcinoma | Pancreatic Cancer,"Preclinical, IND Application",1,1,0.3522780239582062,0.1827283054590225,0.3303407430648803,0.2033724784851074,0.4175137819573727,0.4016286609485858,1.0576779671737235,0.9185224332590712,0.3407605290412903,0.188065767288208,0.341223806142807,0.1804000437259674,0.3476842045783996,0.2008939534425735,0.16954971849918368,0.06437116636833594,0.5350063294172287,0.1827283054590225,0.3522780239582062,0.4016286609485858,0.16768550117511943,0.9185224332590712,0.9715009400129166,0.005308048015868243,0.99199369296758,0,0,1
IDC-005,CTHRC1,VEGFA,Solid tumor,"Preclinical, IND Application",1,1,0.1442556828260421,0.3522780239582062,0.1362716555595398,0.3303407430648803,0.4204024678900451,0.4175137819573727,1.0428622768317557,1.0576779671737235,0.1518096923828125,0.3407605290412903,0.1362528055906295,0.341223806142807,0.1659582704305648,0.3476842045783996,0.20802234113216408,0.05081810689069985,0.49653370678424824,0.1442556828260421,0.3522780239582062,0.4175137819573727,0.17552382431298566,1.0428622768317557,1.1030124530015724,0.005139209435006356,0.9870110435363878,0,0,1
IMM 2547,CD24,CD274,Solid tumor,"Preclinical, IND Application",1,1,0.8274380564689636,0.0394914634525775,0.8199558258056641,0.039888359606266,0.408756120041145,0.2958513039616033,1.0086007018303145,0.9955845656164276,0.817430853843689,0.0397807545959949,0.8168067336082458,0.0414723642170429,0.8287492990493774,0.0420105867087841,0.7879465930163861,0.032676739766315833,0.8669295199215411,0.0394914634525775,0.8274380564689636,0.2958513039616033,0.12093103111645839,0.9955845656164276,1.0041472916121577,0.004923452933620521,0.9994341911568264,0,0,0
LAE111,LILRB1,LILRB2,Neoplasms,"Preclinical, IND Application",1,1,0.0875102430582046,0.0752619132399559,0.084754042327404,0.0728689357638359,0.3678611263460118,0.3611648395889898,1.020453566239624,1.0194758541794444,0.0838780775666236,0.0695309191942215,0.0866138041019439,0.0753225237131118,0.083527572453022,0.0733265727758407,0.012248329818248693,0.006586188320654047,0.1627721562981605,0.0752619132399559,0.0875102430582046,0.3611648395889898,0.13285850468778246,1.0194758541794444,1.0403277710926009,0.0033857240857038365,0.999771621515554,0,0,0
LAE113,PVRIG,TIGIT,Neoplasms,"Preclinical, IND Application",1,1,0.0028572061564773,0.1678885519504547,0.0033027096651494,0.1682288646697998,0.0507094080705659,0.3933687403676078,0.9916420101066008,0.9984405696292284,0.0029967548325657,0.1612036675214767,0.0025091727729886,0.1679251939058303,0.0027147831860929,0.1677955389022827,0.1650313457939774,0.00047969220423489824,0.17074575810693202,0.0028572061564773,0.1678885519504547,0.0507094080705659,0.019947495977505513,0.9916420101066008,0.9900956134391076,0.0002703317773971854,0.9974135871511285,0,0,0
MBS-302,PDL1,TGF-Β,Non-Small Cell Lung Cancer | Stomach Cancer,"Preclinical, IND Application",1,1,0.0687058418989181,0.0687058418989181,0.0662170052528381,0.0662170052528381,0.3349080558811468,0.3349080558811468,1.002538754437549,1.002538754437549,0.067636601626873,0.067636601626873,0.0669665038585662,0.0669665038585662,0.0698165446519851,0.0698165446519851,0.0,0.004720492711039129,0.1374116837978362,0.0687058418989181,0.0687058418989181,0.3349080558811468,0.11216340589408935,1.002538754437549,1.0050839541491923,0.0014767354040635988,1.0000000000000002,0,0,0
MBS-305,TNFRSF17,CD3E,Multiple Myeloma,"Preclinical, IND Application",1,1,0.040244523435831,0.736981987953186,0.0402837544679641,0.7350622415542603,0.3027197340691121,0.3243314437737325,0.9995654696421932,1.0024453429260909,0.0414421670138835,0.7345154881477356,0.0414013490080833,0.7241330146789551,0.0406943261623382,0.7432199120521545,0.6967374645173551,0.029659488885967315,0.777226511389017,0.040244523435831,0.736981987953186,0.3027197340691121,0.0981815284094355,0.9995654696421932,1.0020097499925473,0.006072154861921742,0.9987171668478415,1,0,0
MEDI-1109,TNFRSF4,CD274,Neoplasms,"Preclinical, IND Application",1,1,0.1408004611730575,0.0394914634525775,0.1439702361822128,0.039888359606266,0.3946843765455293,0.2958513039616033,0.9836584464114504,0.9955845656164276,0.145024299621582,0.0397807545959949,0.1464078575372696,0.0414723642170429,0.1364795565605163,0.0420105867087841,0.10130899772047999,0.005560416266521858,0.180291924625635,0.0394914634525775,0.1408004611730575,0.2958513039616033,0.11676788745426728,0.9836584464114504,0.9793151670854738,0.0019433440062694499,0.9983968047545994,0,0,0
NILK-3801,CD28,GPC3,Solid tumor,"Preclinical, IND Application",1,1,0.0621497705578804,0.0687058418989181,0.0568903349339962,0.0643098056316375,0.3493032438368902,0.3672544640721659,1.0492040335277446,1.0384572105865246,0.0596556067466735,0.0701675415039062,0.0595100000500679,0.0641969442367553,0.0592042133212089,0.0698165446519851,0.006556071341037695,0.004270052310003766,0.1308556124567985,0.0621497705578804,0.0687058418989181,0.3493032438368902,0.1282831756139862,1.0384572105865246,1.0895534939933522,0.0012036029448496662,0.9862375813400299,1,0,0
Novotarg,MS4A1,FAS,B-Cell Malignant Neoplasm,"Preclinical, IND Application",1,1,0.3328534364700317,0.1065361350774765,0.3374113142490387,0.1082218885421752,0.4109104902294773,0.3686700729365861,0.9882350421596696,0.9893456368127634,0.3303883373737335,0.1055075079202652,0.3282518684864044,0.1125340312719345,0.3216332495212555,0.1116077527403831,0.22631730139255518,0.03546091866877354,0.4393895715475082,0.1065361350774765,0.3328534364700317,0.3686700729365861,0.15149040040330974,0.9882350421596696,0.9777060271061465,0.009243720242820075,0.9977113586505145,0,0,0
PT-790,CD3E,FOLR1,Ovarian Cancer,"Preclinical, IND Application",1,1,0.736981987953186,0.3427318334579468,0.7350622415542603,0.3417839407920837,0.3243314437737325,0.4228079695956087,1.0024453429260909,1.0024194270544795,0.7345154881477356,0.3401549756526947,0.7241330146789551,0.3402532935142517,0.7432199120521545,0.3510022759437561,0.39425015449523926,0.2525871879566779,1.0797138214111328,0.3427318334579468,0.736981987953186,0.3243314437737325,0.13712991921798418,1.0024194270544795,1.0048706863094032,0.030161323967428818,0.998756706117676,1,0,0
PT-880,CD3,CLDN18.2,Pancreatic Cancer | Stomach Cancer,"Preclinical, IND Application",1,1,0.0687058418989181,0.0687058418989181,0.0662170052528381,0.0662170052528381,0.3349080558811468,0.3349080558811468,1.002538754437549,1.002538754437549,0.067636601626873,0.067636601626873,0.0669665038585662,0.0669665038585662,0.0698165446519851,0.0698165446519851,0.0,0.004720492711039129,0.1374116837978362,0.0687058418989181,0.0687058418989181,0.3349080558811468,0.11216340589408935,1.002538754437549,1.0050839541491923,0.0014767354040635988,1.0000000000000002,0,0,0
"ROR1/CD3 bispecific monoclonal antibody(Shandong Boan Biological Technology Co., Ltd.)",CD3E,ROR1,-,"Preclinical, IND Application",1,1,0.736981987953186,0.0114731220528483,0.7350622415542603,0.0120246540755033,0.3243314437737325,0.1544750715903064,1.0024453429260909,0.9911078581432534,0.7345154881477356,0.0121267642825841,0.7241330146789551,0.0114569775760173,0.7432199120521545,0.012367345392704,0.7255088659003377,0.008455484298537678,0.7484551100060344,0.0114731220528483,0.736981987953186,0.1544750715903064,0.05010112299593477,0.9911078581432534,0.9935314567331571,0.0032946241708237014,0.9961942108043653,1,0,0
SNS-201,CD28,VSIR,Solid tumor,"Preclinical, IND Application",1,1,0.0621497705578804,0.0687058418989181,0.0568903349339962,0.0662170052528381,0.3493032438368902,0.3349080558811468,1.0492040335277446,1.002538754437549,0.0596556067466735,0.067636601626873,0.0595100000500679,0.0669665038585662,0.0592042133212089,0.0698165446519851,0.006556071341037695,0.004270052310003766,0.1308556124567985,0.0621497705578804,0.0687058418989181,0.3349080558811468,0.11698447030639107,1.002538754437549,1.0518677049237575,0.0020452998132362136,0.9983631173626001,1,0,0
SON-3015,IL-6,TGF-Β,Bone metastases,"Preclinical, IND Application",1,1,0.0687058418989181,0.0687058418989181,0.0662170052528381,0.0662170052528381,0.3349080558811468,0.3349080558811468,1.002538754437549,1.002538754437549,0.067636601626873,0.067636601626873,0.0669665038585662,0.0669665038585662,0.0698165446519851,0.0698165446519851,0.0,0.004720492711039129,0.1374116837978362,0.0687058418989181,0.0687058418989181,0.3349080558811468,0.11216340589408935,1.002538754437549,1.0050839541491923,0.0014767354040635988,1.0000000000000002,0,0,0
TransJoin,CD19,CD3E,Lymphoma,"Preclinical, IND Application",1,1,0.064342513680458,0.736981987953186,0.0662170052528381,0.7350622415542603,0.3396251482844286,0.3243314437737325,0.9838707634196736,1.0024453429260909,0.0652454048395156,0.7345154881477356,0.0630370453000068,0.7241330146789551,0.0646611973643302,0.7432199120521545,0.6726394742727281,0.04741927364212901,0.801324501633644,0.064342513680458,0.736981987953186,0.3243314437737325,0.11015111468495671,0.9838707634196736,0.9862766648311896,0.015571900789453794,0.9999607610080415,1,0,0
Tumour associated antigen targeting bispecific antibody(PersonGen Biotherapeutics),CTLA4,MET,Neoplasms,"Preclinical, IND Application",1,1,0.0449843853712081,0.2726970613002777,0.0441446676850318,0.2730317413806915,0.3134094143326692,0.4203732279753822,1.008919439696634,0.998963940574436,0.044516559690237,0.2747542858123779,0.043271392583847,0.2727423310279846,0.0453834980726242,0.2936901748180389,0.2277126759290696,0.012267109695127652,0.3176814466714858,0.0449843853712081,0.2726970613002777,0.3134094143326692,0.13174892718089817,0.998963940574436,1.0078741392015016,0.002512460310177367,0.9973289364693375,0,0,0
XB-014,CD47,CD274,Neoplasms,"Preclinical, IND Application",1,1,1.0568561553955078,0.0394914634525775,1.0716129541397097,0.039888359606266,0.2853614815892538,0.2958513039616033,0.9868432343887108,0.9955845656164276,1.0485692024230957,0.0397807545959949,1.054349660873413,0.0414723642170429,1.0603833198547363,0.0420105867087841,1.0173646919429302,0.04173679623543326,1.0963476188480854,0.0394914634525775,1.0568561553955078,0.2853614815892538,0.08442456642859579,0.9868432343887108,0.9824858928403951,0.012500538397842924,0.9996069715827993,0,0,0
YH-010,IL-12,PDL1,Solid tumor,"Preclinical, IND Application",1,1,0.0687058418989181,0.0687058418989181,0.0662170052528381,0.0662170052528381,0.3349080558811468,0.3349080558811468,1.002538754437549,1.002538754437549,0.067636601626873,0.067636601626873,0.0669665038585662,0.0669665038585662,0.0698165446519851,0.0698165446519851,0.0,0.004720492711039129,0.1374116837978362,0.0687058418989181,0.0687058418989181,0.3349080558811468,0.11216340589408935,1.002538754437549,1.0050839541491923,0.0014767354040635988,1.0000000000000002,0,0,0
JNJ-63709178,IL3RA,CD3E,-,Discontinued/ Pending,0,0,0.0737114921212196,0.736981987953186,0.0763344541192054,0.7350622415542603,0.3510154527042275,0.3243314437737325,0.9792379520197168,1.0024453429260909,0.074499636888504,0.7345154881477356,0.0712747052311897,0.7241330146789551,0.0758768171072006,0.7432199120521545,0.6632704958319664,0.05432404199849203,0.8106934800744057,0.0737114921212196,0.736981987953186,0.3243314437737325,0.11384534856245243,0.9792379520197168,0.9816325246186479,0.015209935353645824,0.99750948768851,1,0,0
A300E-BiTE,ADAM17,CD3E,-,Discontinued/ Pending,0,0,0.2919223010540008,0.736981987953186,0.3014769256114959,0.7350622415542603,0.3720082294035162,0.3243314437737325,0.9728157843054076,1.0024453429260909,0.2953433990478515,0.7345154881477356,0.296058714389801,0.7241330146789551,0.2934433817863464,0.7432199120521545,0.44505968689918524,0.21514147775864598,1.028904289007187,0.2919223010540008,0.736981987953186,0.3243314437737325,0.1206539661381523,0.9728157843054076,0.9751946525019484,0.05902252718583304,0.9998169393201961,1,0,0
ABBV-184,CD3E,BIRC5,-,Discontinued/ Pending,0,0,0.736981987953186,0.117566280066967,0.7350622415542603,0.1190603524446487,0.3243314437737325,0.3956046357699982,1.0024453429260909,0.9911624910508164,0.7345154881477356,0.116562895476818,0.7241330146789551,0.1143803969025611,0.7432199120521545,0.1125126853585243,0.619415707886219,0.08664423080001436,0.854548268020153,0.117566280066967,0.736981987953186,0.3243314437737325,0.12830702268286512,0.9911624910508164,0.9935862232369141,0.011819279536587336,0.9980308621715593,1,0,0
ABP-120,MS4A1,CD3E,-,Discontinued/ Pending,0,0,0.3328534364700317,0.736981987953186,0.3374113142490387,0.7350622415542603,0.4109104902294773,0.3243314437737325,0.9882350421596696,1.0024453429260909,0.3303883373737335,0.7345154881477356,0.3282518684864044,0.7241330146789551,0.3216332495212555,0.7432199120521545,0.40412855148315435,0.24530698730673348,1.0698354244232178,0.3328534364700317,0.736981987953186,0.3243314437737325,0.13327119255789857,0.9882350421596696,0.9906516157293299,0.03673579820965552,0.9998183393155541,1,0,0
ABP-140,CD3E,CD38,-,Discontinued/ Pending,0,0,0.736981987953186,0.1074885353446006,0.7350622415542603,0.1087568327784538,0.3243314437737325,0.37467679369076,1.0024453429260909,0.9920110686787064,0.7345154881477356,0.1058180555701255,0.7241330146789551,0.1106639802455902,0.7432199120521545,0.109743058681488,0.6294934526085855,0.07921711446044005,0.8444705232977866,0.1074885353446006,0.736981987953186,0.3243314437737325,0.12151946544623711,0.9920110686787064,0.9944368759281037,0.023948815161010086,0.9996958627149904,1,0,0
ABP-160,CD47,CD274,-,Discontinued/ Pending,0,0,1.0568561553955078,0.0394914634525775,1.0716129541397097,0.039888359606266,0.2853614815892538,0.2958513039616033,0.9868432343887108,0.9955845656164276,1.0485692024230957,0.0397807545959949,1.054349660873413,0.0414723642170429,1.0603833198547363,0.0420105867087841,1.0173646919429302,0.04173679623543326,1.0963476188480854,0.0394914634525775,1.0568561553955078,0.2853614815892538,0.08442456642859579,0.9868432343887108,0.9824858928403951,0.012500538397842924,0.9996069715827993,0,0,0
AFM-11,CD19,CD3E,-,Discontinued/ Pending,0,0,0.064342513680458,0.736981987953186,0.0662170052528381,0.7350622415542603,0.3396251482844286,0.3243314437737325,0.9838707634196736,1.0024453429260909,0.0652454048395156,0.7345154881477356,0.0630370453000068,0.7241330146789551,0.0646611973643302,0.7432199120521545,0.6726394742727281,0.04741927364212901,0.801324501633644,0.064342513680458,0.736981987953186,0.3243314437737325,0.11015111468495671,0.9838707634196736,0.9862766648311896,0.015571900789453794,0.9999607610080415,1,0,0
AFM12,FCGR3A,CD19,-,Discontinued/ Pending,0,0,1.1602472066879272,0.064342513680458,1.13978374004364,0.0662170052528381,0.3864865631973361,0.3396251482844286,1.0171993161072588,0.9838707634196736,1.136282444000244,0.0652454048395156,1.1368446350097656,0.0630370453000068,1.1213973760604858,0.0646611973643302,1.0959046930074692,0.07465322176903114,1.2245897203683853,0.064342513680458,1.1602472066879272,0.3396251482844286,0.13126055633583444,0.9838707634196736,1.0007926676884187,0.010136523544841685,0.9997273449817822,0,0,0
AMG-330,CD3E,CD33,-,Discontinued/ Pending,0,0,0.736981987953186,0.1207557171583175,0.7350622415542603,0.1188045144081115,0.3243314437737325,0.3838881241508067,1.0024453429260909,1.0115589488648902,0.7345154881477356,0.1197304502129554,0.7241330146789551,0.1207243427634239,0.7432199120521545,0.1185455322265625,0.6162262707948686,0.08899478848804948,0.8577377051115035,0.1207557171583175,0.736981987953186,0.3243314437737325,0.12450698955342102,1.0024453429260909,1.0140325573848208,0.026445637963114145,0.99938230917256,1,0,0
AMG-427 (Amgen),CD3E,FLT3,-,Discontinued/ Pending,0,0,0.736981987953186,0.008770958520472,0.7350622415542603,0.0083498079329729,0.3243314437737325,0.1298354461491612,1.0024453429260909,1.0072176859259403,0.7345154881477356,0.0090989554300904,0.7241330146789551,0.008734761737287,0.7432199120521545,0.0079523948952555,0.728211029432714,0.006464038446672389,0.7457529464736581,0.008770958520472,0.736981987953186,0.1298354461491612,0.04210971770256415,1.0024453429260909,1.009680678569253,0.0022308890125308472,0.9726610815293181,1,0,0
AMG-910,CD3E,CLDN18,-,Discontinued/ Pending,0,0,0.736981987953186,0.0524928569793701,0.7350622415542603,0.0540760569274425,0.3243314437737325,0.3289381011593739,1.0024453429260909,0.9847880483291545,0.7345154881477356,0.053786315023899,0.7241330146789551,0.0516037419438362,0.7432199120521545,0.0546247288584709,0.6844891309738159,0.03868629008999846,0.7894748449325562,0.0524928569793701,0.736981987953186,0.3243314437737325,0.10668496926120981,0.9847880483291545,0.987196192816835,0.005865317470031465,0.9923791526227788,1,0,0
Anti-CD3/anti-CD20 bispecific antibody-armed activated T-cells(National Cancer Institute),MS4A1,CD3E,-,Discontinued/ Pending,0,0,0.3328534364700317,0.736981987953186,0.3374113142490387,0.7350622415542603,0.4109104902294773,0.3243314437737325,0.9882350421596696,1.0024453429260909,0.3303883373737335,0.7345154881477356,0.3282518684864044,0.7241330146789551,0.3216332495212555,0.7432199120521545,0.40412855148315435,0.24530698730673348,1.0698354244232178,0.3328534364700317,0.736981987953186,0.3243314437737325,0.13327119255789857,0.9882350421596696,0.9906516157293299,0.03673579820965552,0.9998183393155541,1,0,0
"Anti-CD64-anti-CD30 bispecific monoclonal antibody(Medarex, Inc.)",TNFRSF8,FCGR1A,-,Discontinued/ Pending,0,0,0.0062902830541133,0.321003794670105,0.0060006976127624,0.3169903457164764,0.1004913669723465,0.4158898345318513,1.0051711041771905,1.010936115896436,0.0070027792826294,0.3143642246723175,0.0056338026188313,0.3162741065025329,0.006279650144279,0.3070447146892547,0.3147135116159917,0.0020192047299194267,0.32729407772421826,0.0062902830541133,0.321003794670105,0.1004913669723465,0.04179333798200873,1.0051711041771905,1.0161637718682208,0.0005510882331278443,0.9893682211657878,0,0,0
Anti-CD79b/CD3 bispecific antibody(Innovent Biologics),CD3E,CD79B,-,Discontinued/ Pending,0,0,0.736981987953186,0.3330749273300171,0.7350622415542603,0.3475520312786102,0.3243314437737325,0.3877618972762607,1.0024453429260909,0.9635843793778848,0.7345154881477356,0.3334627151489258,0.7241330146789551,0.3305716514587402,0.7432199120521545,0.3242657780647278,0.40390706062316895,0.24547022208103897,1.0700569152832031,0.3330749273300171,0.736981987953186,0.3243314437737325,0.1257633759840514,0.9635843793778848,0.9659406736236882,0.049456297810907636,0.9998402830185176,1,0,0
Anti-IL-12/IL-18 DVD-Ig (AbbVie),IL-12,IL-18,-,Discontinued/ Pending,0,0,0.0687058418989181,0.0687058418989181,0.0662170052528381,0.0662170052528381,0.3349080558811468,0.3349080558811468,1.002538754437549,1.002538754437549,0.067636601626873,0.067636601626873,0.0669665038585662,0.0669665038585662,0.0698165446519851,0.0698165446519851,0.0,0.004720492711039129,0.1374116837978362,0.0687058418989181,0.0687058418989181,0.3349080558811468,0.11216340589408935,1.002538754437549,1.0050839541491923,0.0014767354040635988,1.0000000000000002,0,0,0
APVO-210,CD86,IL-10R,-,Discontinued/ Pending,0,0,0.2222640663385391,0.0687058418989181,0.2160716354846954,0.0662170052528381,0.4023429693561834,0.3349080558811468,1.023273547526263,1.002538754437549,0.2212629914283752,0.067636601626873,0.2158125191926956,0.0669665038585662,0.2197603285312652,0.0698165446519851,0.153558224439621,0.015270839801666311,0.29096990823745716,0.0687058418989181,0.2222640663385391,0.3349080558811468,0.13474790166452721,1.002538754437549,1.0258713877858718,0.004385095562960045,0.9998373806651902,0,0,0
ATG-027,CD276,CD274,-,Discontinued/ Pending,0,0,0.1288622170686721,0.0394914634525775,0.1321548968553543,0.039888359606266,0.3766942831236453,0.2958513039616033,0.9819237371955102,0.9955845656164276,0.1285343915224075,0.0397807545959949,0.1307610422372818,0.0414723642170429,0.1309951394796371,0.0420105867087841,0.08937075361609459,0.005088957535785573,0.1683536805212496,0.0394914634525775,0.1288622170686721,0.2958513039616033,0.11144549485701183,0.9819237371955102,0.9775881173642512,0.002671170518857002,0.9997221046322387,0,0,0
AZ-17,IL23A,IL6,-,Discontinued/ Pending,0,0,0.0366342552006244,0.1670690327882766,0.035352949053049,0.1579485982656479,0.2915603002620152,0.4234988239587675,1.015011855615897,1.0438590815167588,0.0357436761260032,0.1573373973369598,0.0351284183561801,0.1496745198965072,0.0358132012188434,0.1640935689210891,0.1304347775876522,0.006120449583287209,0.20370328798890097,0.0366342552006244,0.1670690327882766,0.2915603002620152,0.12347544427402855,1.015011855615897,1.0595293433318311,0.0015410912359306804,0.9984439954844677,0,0,0
B728,CD274,TIGIT,-,Discontinued/ Pending,0,0,0.0394914634525775,0.1678885519504547,0.039888359606266,0.1682288646697998,0.2958513039616033,0.3933687403676078,0.9955845656164276,0.9984405696292284,0.0397807545959949,0.1612036675214767,0.0414723642170429,0.1679251939058303,0.0420105867087841,0.1677955389022827,0.1283970884978772,0.006630164613457542,0.20738001540303222,0.0394914634525775,0.1678885519504547,0.2958513039616033,0.11637865477549016,0.9955845656164276,0.9940320208081339,0.0029268204245758924,0.9992437209586109,0,1,0
bH1,ERBB2,VEGFA,-,Discontinued/ Pending,0,0,0.1458282619714737,0.3522780239582062,0.1440167427062988,0.3303407430648803,0.3952691077726624,0.4175137819573727,1.0093369223702364,1.0576779671737235,0.1456919759511947,0.3407605290412903,0.1421233266592025,0.341223806142807,0.1540296673774719,0.3476842045783996,0.20644976198673248,0.05137209196457038,0.49810628592967987,0.1458282619714737,0.3522780239582062,0.3952691077726624,0.1650303000770806,1.0093369223702364,1.0675534242459341,0.010622020192468482,0.9995774707216412,0,0,1
BI-905677,LRP5,LRP6,-,Discontinued/ Pending,0,0,0.0797802805900573,0.0491705238819122,0.078381210565567,0.0486335605382919,0.3636682982689544,0.3198913038557134,1.010897778719541,1.005444022710828,0.0814403071999549,0.0488176010549068,0.0770742073655128,0.0502071268856525,0.0812241211533546,0.0474401526153087,0.030609756708145107,0.003922838192059069,0.1289508044719695,0.0491705238819122,0.0797802805900573,0.3198913038557134,0.11633432610424431,1.005444022710828,1.0164011291852157,0.002059345902179449,0.9991862529834696,0,0,0
Bispecific monoclonal antibody 2B1,FCRIII,HER2,-,Discontinued/ Pending,0,0,0.0687058418989181,0.0687058418989181,0.0662170052528381,0.0662170052528381,0.3349080558811468,0.3349080558811468,1.002538754437549,1.002538754437549,0.067636601626873,0.067636601626873,0.0669665038585662,0.0669665038585662,0.0698165446519851,0.0698165446519851,0.0,0.004720492711039129,0.1374116837978362,0.0687058418989181,0.0687058418989181,0.3349080558811468,0.11216340589408935,1.002538754437549,1.0050839541491923,0.0014767354040635988,1.0000000000000002,0,0,0
Briakinumab,IL-12,IL-23,-,Discontinued/ Pending,0,0,0.0687058418989181,0.0687058418989181,0.0662170052528381,0.0662170052528381,0.3349080558811468,0.3349080558811468,1.002538754437549,1.002538754437549,0.067636601626873,0.067636601626873,0.0669665038585662,0.0669665038585662,0.0698165446519851,0.0698165446519851,0.0,0.004720492711039129,0.1374116837978362,0.0687058418989181,0.0687058418989181,0.3349080558811468,0.11216340589408935,1.002538754437549,1.0050839541491923,0.0014767354040635988,1.0000000000000002,0,0,0
BSI-507,PVRIG,PDCD1,-,Discontinued/ Pending,0,0,0.0028572061564773,0.0371215306222438,0.0033027096651494,0.0368414930999279,0.0507094080705659,0.2913144945871229,0.9916420101066008,1.003224697230778,0.0029967548325657,0.0363958217203617,0.0025091727729886,0.0375192314386367,0.0027147831860929,0.0369100831449031,0.0342643244657665,0.0001060638658317356,0.039978736778721095,0.0028572061564773,0.0371215306222438,0.0507094080705659,0.014772385582889075,0.9916420101066008,0.9948397553505146,8.111822405419095e-05,0.9961909780299243,0,0,0
BSI-508,CD47,PDCD1,-,Discontinued/ Pending,0,0,1.0568561553955078,0.0371215306222438,1.0716129541397097,0.0368414930999279,0.2853614815892538,0.2913144945871229,0.9868432343887108,1.003224697230778,1.0485692024230957,0.0363958217203617,1.054349660873413,0.0375192314386367,1.0603833198547363,0.0369100831449031,1.019734624773264,0.03923211813582119,1.0939776860177517,0.0371215306222438,1.0568561553955078,0.2853614815892538,0.08312993578380604,0.9868432343887108,0.990025505033856,0.01183687345017561,0.9994031814580979,0,0,0
CD19/CD3,CD19,CD3E,-,Discontinued/ Pending,0,0,0.064342513680458,0.736981987953186,0.0662170052528381,0.7350622415542603,0.3396251482844286,0.3243314437737325,0.9838707634196736,1.0024453429260909,0.0652454048395156,0.7345154881477356,0.0630370453000068,0.7241330146789551,0.0646611973643302,0.7432199120521545,0.6726394742727281,0.04741927364212901,0.801324501633644,0.064342513680458,0.736981987953186,0.3243314437737325,0.11015111468495671,0.9838707634196736,0.9862766648311896,0.015571900789453794,0.9999607610080415,1,0,0
CTM-041,TPBG,CD40,-,Discontinued/ Pending,0,0,0.0925601869821548,0.2458526194095611,0.0898941755294799,0.2523316740989685,0.3759595444104086,0.3797339301663551,1.019057344185949,0.978569712522789,0.0951042622327804,0.2438085228204727,0.0894780457019805,0.2444076240062713,0.0964982062578201,0.2505553066730499,0.1532924324274063,0.02275616442260152,0.3384128063917159,0.0925601869821548,0.2458526194095611,0.3759595444104086,0.14276459538251676,0.978569712522789,0.997218652344281,0.00853099651362894,0.9996473208660475,0,0,0
CTX-4419,TNFRSF17,NCR3,-,Discontinued/ Pending,0,0,0.040244523435831,0.0710757747292518,0.0402837544679641,0.066728688776493,0.3027197340691121,0.3582196982562581,0.9995654696421932,1.0372409387814028,0.0414421670138835,0.0657422766089439,0.0414013490080833,0.0679133608937263,0.0406943261623382,0.066882386803627,0.030831251293420806,0.002860410681811219,0.1113202981650828,0.040244523435831,0.0710757747292518,0.3027197340691121,0.10844017179445203,0.9995654696421932,1.0367902261051423,0.0010319195305922243,0.9930900735624881,0,0,0
DIG-KT,TEK,KDR,-,Discontinued/ Pending,0,0,0.0038760548923164,0.0352167263627052,0.0050238398835062,0.0358878932893276,0.0655580157836503,0.2848034510558337,0.979140223699039,0.9921855467526552,0.0040215519256889,0.0337561927735805,0.0051130312494933,0.0353888049721717,0.0044423723593354,0.0362793765962123,0.031340671470388805,0.00013650196450953143,0.0390927812550216,0.0038760548923164,0.0352167263627052,0.0655580157836503,0.01867114913955642,0.979140223699039,0.9714887781983481,6.059068333958231e-05,0.9339249472737093,0,0,1
"Duligotuzumab(Genentech, Inc.)",EGFR,ERBB3,-,Discontinued/ Pending,0,0,0.2500387728214264,0.2228399366140365,0.2226305454969406,0.2218862622976303,0.4410472192302643,0.4077920779026814,1.100532489030263,1.003507622298924,0.2356877774000167,0.2227225452661514,0.2406675368547439,0.2285714298486709,0.2502810657024383,0.2277127206325531,0.027198836207389887,0.05571862428657813,0.4728787094354629,0.2228399366140365,0.2500387728214264,0.4077920779026814,0.17985556198310895,1.003507622298924,1.104392741329476,0.007497107332048072,0.9994599349347754,0,0,0
EI-04,EGFR,IGF1R,-,Discontinued/ Pending,0,0,0.2500387728214264,0.0659593790769577,0.2226305454969406,0.0659378990530967,0.4410472192302643,0.3454050881901664,1.100532489030263,1.000185271805306,0.2356877774000167,0.067636601626873,0.2406675368547439,0.0673215761780738,0.2502810657024383,0.0669646561145782,0.1840793937444687,0.016492402200465772,0.3159981518983841,0.0659593790769577,0.2500387728214264,0.3454050881901664,0.1523399536542571,1.000185271805306,1.1007363866713036,0.0038481976472662664,0.9993732350596759,0,0,0
Emerfetamab,CD3E,CD33,-,Discontinued/ Pending,0,0,0.736981987953186,0.1207557171583175,0.7350622415542603,0.1188045144081115,0.3243314437737325,0.3838881241508067,1.0024453429260909,1.0115589488648902,0.7345154881477356,0.1197304502129554,0.7241330146789551,0.1207243427634239,0.7432199120521545,0.1185455322265625,0.6162262707948686,0.08899478848804948,0.8577377051115035,0.1207557171583175,0.736981987953186,0.3243314437737325,0.12450698955342102,1.0024453429260909,1.0140325573848208,0.026445637963114145,0.99938230917256,1,0,0
Ertumaxomab,CD3E,ERBB2,-,Discontinued/ Pending,0,0,0.736981987953186,0.1458282619714737,0.7350622415542603,0.1440167427062988,0.3243314437737325,0.3952691077726624,1.0024453429260909,1.0093369223702364,0.7345154881477356,0.1456919759511947,0.7241330146789551,0.1421233266592025,0.7432199120521545,0.1540296673774719,0.5911537259817123,0.10747280240749468,0.8828102499246597,0.1458282619714737,0.736981987953186,0.3243314437737325,0.12819820040306268,1.0024453429260909,1.0118050972733967,0.02648996026137635,0.9997368024735713,1,0,0
EX-102,CD19,CD3E,-,Discontinued/ Pending,0,0,0.064342513680458,0.736981987953186,0.0662170052528381,0.7350622415542603,0.3396251482844286,0.3243314437737325,0.9838707634196736,1.0024453429260909,0.0652454048395156,0.7345154881477356,0.0630370453000068,0.7241330146789551,0.0646611973643302,0.7432199120521545,0.6726394742727281,0.04741927364212901,0.801324501633644,0.064342513680458,0.736981987953186,0.3243314437737325,0.11015111468495671,0.9838707634196736,0.9862766648311896,0.015571900789453794,0.9999607610080415,1,0,0
EX-110,CD3E,DLL3,-,Discontinued/ Pending,0,0,0.736981987953186,0.0083279805257916,0.7350622415542603,0.0079311551526188,0.3243314437737325,0.1248928920695039,1.0024453429260909,1.006849947530432,0.7345154881477356,0.0088349925354123,0.7241330146789551,0.008379690349102,0.7432199120521545,0.008308881893754,0.7286540074273944,0.006137571643533313,0.7453099684789777,0.0083279805257916,0.736981987953186,0.1248928920695039,0.04050669200197914,1.0024453429260909,1.0093120409272605,0.002201340813689379,0.9970972677330034,1,0,0
F6-734,CEA,DTPA,-,Discontinued/ Pending,0,0,0.0687058418989181,0.0687058418989181,0.0662170052528381,0.0662170052528381,0.3349080558811468,0.3349080558811468,1.002538754437549,1.002538754437549,0.067636601626873,0.067636601626873,0.0669665038585662,0.0669665038585662,0.0698165446519851,0.0698165446519851,0.0,0.004720492711039129,0.1374116837978362,0.0687058418989181,0.0687058418989181,0.3349080558811468,0.11216340589408935,1.002538754437549,1.0050839541491923,0.0014767354040635988,1.0000000000000002,0,0,0
FAP-DR5,TNFRSF10B,FAP,-,Discontinued/ Pending,0,0,0.1318744570016861,0.0157035589218139,0.1314571499824524,0.0169089436531066,0.3817222277611071,0.188207968448754,1.0022997551723591,0.9819846994216184,0.1319193243980407,0.0173749662935733,0.130642682313919,0.0155284646898508,0.1341486871242523,0.0191131699830293,0.1161708980798722,0.002070898305808191,0.1475780159235,0.0157035589218139,0.1318744570016861,0.188207968448754,0.07184316499865054,0.9819846994216184,0.9842430238132908,0.0009461339940832284,0.9915794277528004,0,0,0
FBTA-05,MS4A1,CD3E,-,Discontinued/ Pending,0,0,0.3328534364700317,0.736981987953186,0.3374113142490387,0.7350622415542603,0.4109104902294773,0.3243314437737325,0.9882350421596696,1.0024453429260909,0.3303883373737335,0.7345154881477356,0.3282518684864044,0.7241330146789551,0.3216332495212555,0.7432199120521545,0.40412855148315435,0.24530698730673348,1.0698354244232178,0.3328534364700317,0.736981987953186,0.3243314437737325,0.13327119255789857,0.9882350421596696,0.9906516157293299,0.03673579820965552,0.9998183393155541,1,0,0
GBR-1302,CD3E,ERBB2,-,Discontinued/ Pending,0,0,0.736981987953186,0.1458282619714737,0.7350622415542603,0.1440167427062988,0.3243314437737325,0.3952691077726624,1.0024453429260909,1.0093369223702364,0.7345154881477356,0.1456919759511947,0.7241330146789551,0.1421233266592025,0.7432199120521545,0.1540296673774719,0.5911537259817123,0.10747280240749468,0.8828102499246597,0.1458282619714737,0.736981987953186,0.3243314437737325,0.12819820040306268,1.0024453429260909,1.0118050972733967,0.02648996026137635,0.9997368024735713,1,0,0
hMN14-734,CEA,DTPA,-,Discontinued/ Pending,0,0,0.0687058418989181,0.0687058418989181,0.0662170052528381,0.0662170052528381,0.3349080558811468,0.3349080558811468,1.002538754437549,1.002538754437549,0.067636601626873,0.067636601626873,0.0669665038585662,0.0669665038585662,0.0698165446519851,0.0698165446519851,0.0,0.004720492711039129,0.1374116837978362,0.0687058418989181,0.0687058418989181,0.3349080558811468,0.11216340589408935,1.002538754437549,1.0050839541491923,0.0014767354040635988,1.0000000000000002,0,0,0
IDM-1,FCGR1A,ERBB2,-,Discontinued/ Pending,0,0,0.321003794670105,0.1458282619714737,0.3169903457164764,0.1440167427062988,0.4158898345318513,0.3952691077726624,1.010936115896436,1.0093369223702364,0.3143642246723175,0.1456919759511947,0.3162741065025329,0.1421233266592025,0.3070447146892547,0.1540296673774719,0.1751755326986313,0.04681142546298922,0.4668320566415787,0.1458282619714737,0.321003794670105,0.3952691077726624,0.16438840382712505,1.0093369223702364,1.0203751479318295,0.008667554403493245,0.9988317976378813,0,0,0
Istiratumab,ERBB3,IGF1R,-,Discontinued/ Pending,0,0,0.2228399366140365,0.0659593790769577,0.2218862622976303,0.0659378990530967,0.4077920779026814,0.3454050881901664,1.003507622298924,1.000185271805306,0.2227225452661514,0.067636601626873,0.2285714298486709,0.0673215761780738,0.2277127206325531,0.0669646561145782,0.1568805575370788,0.01469838385261046,0.2887993156909942,0.0659593790769577,0.2228399366140365,0.3454050881901664,0.1408534586312269,1.000185271805306,1.0036935439677457,0.004550400055223616,0.9983880317104317,0,0,0
KN-027,PDGFR,VEGFR,-,Discontinued/ Pending,0,0,0.0687058418989181,0.0687058418989181,0.0662170052528381,0.0662170052528381,0.3349080558811468,0.3349080558811468,1.002538754437549,1.002538754437549,0.067636601626873,0.067636601626873,0.0669665038585662,0.0669665038585662,0.0698165446519851,0.0698165446519851,0.0,0.004720492711039129,0.1374116837978362,0.0687058418989181,0.0687058418989181,0.3349080558811468,0.11216340589408935,1.002538754437549,1.0050839541491923,0.0014767354040635988,1.0000000000000002,0,0,0
MDX-210,FCGR1A,ERBB2,-,Discontinued/ Pending,0,0,0.321003794670105,0.1458282619714737,0.3169903457164764,0.1440167427062988,0.4158898345318513,0.3952691077726624,1.010936115896436,1.0093369223702364,0.3143642246723175,0.1456919759511947,0.3162741065025329,0.1421233266592025,0.3070447146892547,0.1540296673774719,0.1751755326986313,0.04681142546298922,0.4668320566415787,0.1458282619714737,0.321003794670105,0.3952691077726624,0.16438840382712505,1.0093369223702364,1.0203751479318295,0.008667554403493245,0.9988317976378813,0,0,0
MDX-214,FCAR,EGFR,-,Discontinued/ Pending,0,0,0.0024585262872278,0.2500387728214264,0.0030701244249939,0.2226305454969406,0.0441523724416926,0.4410472192302643,0.9884756603759142,1.100532489030263,0.00284148263745,0.2356877774000167,0.0025801870506256,0.2406675368547439,0.0025776729453355,0.2502810657024383,0.24758024653419858,0.0006147268958076568,0.2524972991086542,0.0024585262872278,0.2500387728214264,0.0441523724416926,0.019473281087827476,0.9884756603759142,1.0878495788593376,0.00019046991104709174,0.9495457796456424,0,0,0
MDX-220,FCRN,TAG-72,-,Discontinued/ Pending,0,0,0.0687058418989181,0.0687058418989181,0.0662170052528381,0.0662170052528381,0.3349080558811468,0.3349080558811468,1.002538754437549,1.002538754437549,0.067636601626873,0.067636601626873,0.0669665038585662,0.0669665038585662,0.0698165446519851,0.0698165446519851,0.0,0.004720492711039129,0.1374116837978362,0.0687058418989181,0.0687058418989181,0.3349080558811468,0.11216340589408935,1.002538754437549,1.0050839541491923,0.0014767354040635988,1.0000000000000002,0,0,0
MDX-240,CD64,GP41,-,Discontinued/ Pending,0,0,0.0687058418989181,0.0687058418989181,0.0662170052528381,0.0662170052528381,0.3349080558811468,0.3349080558811468,1.002538754437549,1.002538754437549,0.067636601626873,0.067636601626873,0.0669665038585662,0.0669665038585662,0.0698165446519851,0.0698165446519851,0.0,0.004720492711039129,0.1374116837978362,0.0687058418989181,0.0687058418989181,0.3349080558811468,0.11216340589408935,1.002538754437549,1.0050839541491923,0.0014767354040635988,1.0000000000000002,0,0,0
MDX-H210,FCGR1A,ERBB2,-,Discontinued/ Pending,0,0,0.321003794670105,0.1458282619714737,0.3169903457164764,0.1440167427062988,0.4158898345318513,0.3952691077726624,1.010936115896436,1.0093369223702364,0.3143642246723175,0.1456919759511947,0.3162741065025329,0.1421233266592025,0.3070447146892547,0.1540296673774719,0.1751755326986313,0.04681142546298922,0.4668320566415787,0.1458282619714737,0.321003794670105,0.3952691077726624,0.16438840382712505,1.0093369223702364,1.0203751479318295,0.008667554403493245,0.9988317976378813,0,0,0
MEDI-565,CD3,CEA,-,Discontinued/ Pending,0,0,0.0687058418989181,0.0687058418989181,0.0662170052528381,0.0662170052528381,0.3349080558811468,0.3349080558811468,1.002538754437549,1.002538754437549,0.067636601626873,0.067636601626873,0.0669665038585662,0.0669665038585662,0.0698165446519851,0.0698165446519851,0.0,0.004720492711039129,0.1374116837978362,0.0687058418989181,0.0687058418989181,0.3349080558811468,0.11216340589408935,1.002538754437549,1.0050839541491923,0.0014767354040635988,1.0000000000000002,0,0,0
MM-111,ERBB2,ERBB3,-,Discontinued/ Pending,0,0,0.1458282619714737,0.2228399366140365,0.1440167427062988,0.2218862622976303,0.3952691077726624,0.4077920779026814,1.0093369223702364,1.003507622298924,0.1456919759511947,0.2227225452661514,0.1421233266592025,0.2285714298486709,0.1540296673774719,0.2277127206325531,0.07701167464256281,0.03249636065425831,0.3686681985855102,0.1458282619714737,0.2228399366140365,0.3952691077726624,0.16118761078935293,1.003507622298924,1.0128772950662697,0.007478338495889949,0.9992281321598954,0,0,0
Monoclonal antibody BIS-1,CD3E,EPCAM,-,Discontinued/ Pending,0,0,0.736981987953186,1.3818910121917725,0.7350622415542603,1.3133620023727417,0.3243314437737325,0.4207297249094102,1.0024453429260909,1.050264720374901,0.7345154881477356,1.3389904499053955,0.7241330146789551,1.3404426574707031,0.7432199120521545,1.4144569635391235,0.6449090242385864,1.018428785299733,2.1188730001449585,0.736981987953186,1.3818910121917725,0.3243314437737325,0.13645587911839432,1.0024453429260909,1.0528329777793926,0.054715877204689005,0.9998626091708209,1,0,0
MOR-209/ES414,CD3E,FOLH1,-,Discontinued/ Pending,0,0,0.736981987953186,0.0090145962312817,0.7350622415542603,0.0096290269866585,0.3243314437737325,0.1305335044641855,1.0024453429260909,0.9896957776031748,0.7345154881477356,0.0086952466517686,0.7241330146789551,0.009113504551351,0.7432199120521545,0.0089121675118803,0.7279673917219044,0.006643595051125286,0.7459965841844677,0.0090145962312817,0.736981987953186,0.1305335044641855,0.04233611996371424,0.9896957776031748,0.9921159231719188,0.0019427940738265155,0.9611883227561732,1,0,0
MP-ENDOS-1959,LGALS3BP,CD248,-,Discontinued/ Pending,0,0,1.3216460943222046,0.019247381016612,1.319223165512085,0.0208396334201097,0.354041546871842,0.2116555818642764,1.001769564575847,0.977523141684614,1.321071982383728,0.0219399724155664,1.292436957359314,0.0186530947685241,1.3323004245758057,0.0214440450072288,1.3023987133055925,0.025438225946536594,1.3408934753388166,0.019247381016612,1.3216460943222046,0.2116555818642764,0.07493486960728821,0.977523141684614,0.9792529320082098,0.0026319609734226303,0.9987339897836808,0,0,0
ND-003,CD3E,IL5RA,-,Discontinued/ Pending,0,0,0.736981987953186,0.0073312809690833,0.7350622415542603,0.0075590186752378,0.3243314437737325,0.1122990291774831,1.0024453429260909,0.9960434053360164,0.7345154881477356,0.0066145989112555,0.7241330146789551,0.0076222037896513,0.7432199120521545,0.0069377794861793,0.7296507069841027,0.0054030220228383705,0.7443132689222693,0.0073312809690833,0.736981987953186,0.1122990291774831,0.03642210626752161,0.9960434053360164,0.9984790730313343,0.0018467624275917609,0.9926326649100821,1,0,0
Ori--A362,TNFRSF9,CLDN18,-,Discontinued/ Pending,0,0,0.0411083288490772,0.0524928569793701,0.0405395962297916,0.0540760569274425,0.3043941037308105,0.3289381011593739,1.0062815899669149,0.9847880483291545,0.042078785598278,0.053786315023899,0.039554975926876,0.0516037419438362,0.0414621420204639,0.0546247288584709,0.011384528130292906,0.002157893626935523,0.0936011858284473,0.0411083288490772,0.0524928569793701,0.3043941037308105,0.10012681848532229,0.9847880483291545,0.9909740830530765,0.00044716326574552453,0.9948685777926004,1,0,0
Ori--A610,CD274,TIGIT,-,Discontinued/ Pending,0,0,0.0394914634525775,0.1678885519504547,0.039888359606266,0.1682288646697998,0.2958513039616033,0.3933687403676078,0.9955845656164276,0.9984405696292284,0.0397807545959949,0.1612036675214767,0.0414723642170429,0.1679251939058303,0.0420105867087841,0.1677955389022827,0.1283970884978772,0.006630164613457542,0.20738001540303222,0.0394914634525775,0.1678885519504547,0.2958513039616033,0.11637865477549016,0.9955845656164276,0.9940320208081339,0.0029268204245758924,0.9992437209586109,0,1,0
Ori-A364,CLDN18,CD274,-,Discontinued/ Pending,0,0,0.0524928569793701,0.0394914634525775,0.0540760569274425,0.039888359606266,0.3289381011593739,0.2958513039616033,0.9847880483291545,0.9955845656164276,0.053786315023899,0.0397807545959949,0.0516037419438362,0.0414723642170429,0.0546247288584709,0.0420105867087841,0.013001393526792603,0.0020730197429221723,0.0919843204319476,0.0394914634525775,0.0524928569793701,0.2958513039616033,0.09731676615065454,0.9847880483291545,0.9804397813200307,0.0005355831797910251,0.990465854305145,0,0,0
Ori-Ab-008,CD274,TIGIT,-,Discontinued/ Pending,0,0,0.0394914634525775,0.1678885519504547,0.039888359606266,0.1682288646697998,0.2958513039616033,0.3933687403676078,0.9955845656164276,0.9984405696292284,0.0397807545959949,0.1612036675214767,0.0414723642170429,0.1679251939058303,0.0420105867087841,0.1677955389022827,0.1283970884978772,0.006630164613457542,0.20738001540303222,0.0394914634525775,0.1678885519504547,0.2958513039616033,0.11637865477549016,0.9955845656164276,0.9940320208081339,0.0029268204245758924,0.9992437209586109,0,1,0
Pacanalotamab,TNFRSF17,CD3E,-,Discontinued/ Pending,0,0,0.040244523435831,0.736981987953186,0.0402837544679641,0.7350622415542603,0.3027197340691121,0.3243314437737325,0.9995654696421932,1.0024453429260909,0.0414421670138835,0.7345154881477356,0.0414013490080833,0.7241330146789551,0.0406943261623382,0.7432199120521545,0.6967374645173551,0.029659488885967315,0.777226511389017,0.040244523435831,0.736981987953186,0.3027197340691121,0.0981815284094355,0.9995654696421932,1.0020097499925473,0.006072154861921742,0.9987171668478415,1,0,0
Pavurutamab,TNFRSF17,CD3E,-,Discontinued/ Pending,0,0,0.040244523435831,0.736981987953186,0.0402837544679641,0.7350622415542603,0.3027197340691121,0.3243314437737325,0.9995654696421932,1.0024453429260909,0.0414421670138835,0.7345154881477356,0.0414013490080833,0.7241330146789551,0.0406943261623382,0.7432199120521545,0.6967374645173551,0.029659488885967315,0.777226511389017,0.040244523435831,0.736981987953186,0.3027197340691121,0.0981815284094355,0.9995654696421932,1.0020097499925473,0.006072154861921742,0.9987171668478415,1,0,0
PF-07260437,VTCN1,CD3E,-,Discontinued/ Pending,0,0,0.0198011025786399,0.736981987953186,0.0157460160553455,0.7350622415542603,0.2294777666621129,0.3243314437737325,1.061678056962126,1.0024453429260909,0.0169867854565382,0.7345154881477356,0.0166883654892444,0.7241330146789551,0.0184276197105646,0.7432199120521545,0.7171808853745462,0.014593055942070993,0.7567830905318259,0.0198011025786399,0.736981987953186,0.2294777666621129,0.07442685537549477,1.0024453429260909,1.0642742238885043,0.0034497522147414255,0.997450450054507,1,0,0
PF-5057459,ANGPT2,VEGFA,-,Discontinued/ Pending,0,0,0.0338656455278396,0.3522780239582062,0.0381439700722694,0.3303407430648803,0.2708901263507595,0.4175137819573727,0.9514620848037368,1.0576779671737235,0.0361939668655395,0.3407605290412903,0.0348443612456321,0.341223806142807,0.0354292914271354,0.3476842045783996,0.31841237843036657,0.011930122686616395,0.3861436694860458,0.0338656455278396,0.3522780239582062,0.2708901263507595,0.11310036114761614,0.9514620848037368,1.0063404836980894,0.0031398051879577755,0.9951864658197344,0,0,1
PF-6671008,CD3E,CDH3,-,Discontinued/ Pending,0,0,0.736981987953186,0.0644975528120994,0.7350622415542603,0.06412373483181,0.3243314437737325,0.3489163209288208,1.0024453429260909,1.0032755498305446,0.7345154881477356,0.0642516687512397,0.7241330146789551,0.0652384907007217,0.7432199120521545,0.0704472512006759,0.6724844351410866,0.04753353468957662,0.8014795407652855,0.0644975528120994,0.736981987953186,0.3243314437737325,0.11316453412306346,1.0024453429260909,1.0057289025992426,0.011412991802517132,0.9986008982596386,1,0,0
PM-1043,TNFRSF9,ERBB2,-,Discontinued/ Pending,0,0,0.0411083288490772,0.1458282619714737,0.0405395962297916,0.1440167427062988,0.3043941037308105,0.3952691077726624,1.0062815899669149,1.0093369223702364,0.042078785598278,0.1456919759511947,0.039554975926876,0.1421233266592025,0.0414621420204639,0.1540296673774719,0.1047199331223965,0.005994756148612719,0.1869365908205509,0.0411083288490772,0.1458282619714737,0.3043941037308105,0.12031758579293671,1.0062815899669149,1.015677163055034,0.0020195560087700884,0.9991052313240997,1,0,0
PMC-404,ANGPT2,VEGFC,-,Discontinued/ Pending,0,0,0.0338656455278396,0.0062902830541133,0.0381439700722694,0.0062798000872135,0.2708901263507595,0.1000314202844103,0.9514620848037368,1.0001862651765576,0.0361939668655395,0.0063506360165774,0.0348443612456321,0.0059652030467987,0.0354292914271354,0.0068829352967441,0.0275753624737263,0.00021302449618037727,0.040155928581952896,0.0062902830541133,0.0338656455278396,0.1000314202844103,0.027097524079889832,0.9514620848037368,0.9516393090569507,0.0001170016838838172,0.9969913461458064,0,0,1
Remtolumab,IL-17A,TNF-Α,-,Discontinued/ Pending,0,0,0.0687058418989181,0.0687058418989181,0.0662170052528381,0.0662170052528381,0.3349080558811468,0.3349080558811468,1.002538754437549,1.002538754437549,0.067636601626873,0.067636601626873,0.0669665038585662,0.0669665038585662,0.0698165446519851,0.0698165446519851,0.0,0.004720492711039129,0.1374116837978362,0.0687058418989181,0.0687058418989181,0.3349080558811468,0.11216340589408935,1.002538754437549,1.0050839541491923,0.0014767354040635988,1.0000000000000002,0,0,0
RG-6007,CD3E,WT1,-,Discontinued/ Pending,0,0,0.736981987953186,0.0024806750006973,0.7350622415542603,0.0020002326928079,0.3243314437737325,0.0454842081684382,1.0024453429260909,1.009239233807427,0.7345154881477356,0.0021738116629421,0.7241330146789551,0.002296129707247,0.7432199120521545,0.0025228287559002,0.7345013129524888,0.0018282127934796675,0.7394626629538833,0.0024806750006973,0.736981987953186,0.0454842081684382,0.014751958904174559,1.0024453429260909,1.0117071698285514,0.00043583593291163887,0.9827224527496867,1,0,0
RO-7444973,CD3E,MAGEA4,-,Discontinued/ Pending,0,0,0.736981987953186,0.0027021639980375,0.7350622415542603,0.0015350622124969,0.3243314437737325,0.0497876013414117,1.0024453429260909,1.0226467522388585,0.7345154881477356,0.001925376127474,0.7241330146789551,0.0015859864652156,0.7432199120521545,0.0018646996468305,0.7342798239551486,0.001991446195049206,0.7396841519512235,0.0027021639980375,0.736981987953186,0.0497876013414117,0.01614768462509108,1.0024453429260909,1.0251474742403357,0.0002807078889939476,0.9847205303536539,1,0,0
SCT-B03,CTLA4,TNFRSF4,-,Discontinued/ Pending,0,0,0.0449843853712081,0.1408004611730575,0.0441446676850318,0.1439702361822128,0.3134094143326692,0.3946843765455293,1.008919439696634,0.9836584464114504,0.044516559690237,0.145024299621582,0.043271392583847,0.1464078575372696,0.0453834980726242,0.1364795565605163,0.09581607580184939,0.006333822205852642,0.1857848465442656,0.0449843853712081,0.1408004611730575,0.3134094143326692,0.12369779929938902,0.9836584464114504,0.9924321286063019,0.0019885709213244476,0.9991018299649471,0,0,0
SCT-B07,PDL1,TGF-Β,-,Discontinued/ Pending,0,0,0.0687058418989181,0.0687058418989181,0.0662170052528381,0.0662170052528381,0.3349080558811468,0.3349080558811468,1.002538754437549,1.002538754437549,0.067636601626873,0.067636601626873,0.0669665038585662,0.0669665038585662,0.0698165446519851,0.0698165446519851,0.0,0.004720492711039129,0.1374116837978362,0.0687058418989181,0.0687058418989181,0.3349080558811468,0.11216340589408935,1.002538754437549,1.0050839541491923,0.0014767354040635988,1.0000000000000002,0,0,0
Solitumomab,CD3E,EPCAM,-,Discontinued/ Pending,0,0,0.736981987953186,1.3818910121917725,0.7350622415542603,1.3133620023727417,0.3243314437737325,0.4207297249094102,1.0024453429260909,1.050264720374901,0.7345154881477356,1.3389904499053955,0.7241330146789551,1.3404426574707031,0.7432199120521545,1.4144569635391235,0.6449090242385864,1.018428785299733,2.1188730001449585,0.736981987953186,1.3818910121917725,0.3243314437737325,0.13645587911839432,1.0024453429260909,1.0528329777793926,0.054715877204689005,0.9998626091708209,1,0,0
SRB-18,ERBB3,TNFSF10,-,Discontinued/ Pending,0,0,0.2228399366140365,0.4391016364097595,0.2218862622976303,0.4400511682033539,0.4077920779026814,0.3832102995330202,1.003507622298924,0.9980623823486116,0.2227225452661514,0.4418738186359405,0.2285714298486709,0.4295419454574585,0.2277127206325531,0.4418515264987945,0.21626169979572302,0.09784938082467051,0.6619415730237961,0.2228399366140365,0.4391016364097595,0.3832102995330202,0.15627012432027926,0.9980623823486116,1.0015632082166548,0.01781371094029336,0.9980919770980802,0,0,0
"Tidutamab(Xencor, Inc.)",CD3E,SSTR2,-,Discontinued/ Pending,0,0,0.736981987953186,0.008195087313652,0.7350622415542603,0.0078613795340061,0.3243314437737325,0.1232683363971403,1.0024453429260909,1.0057673664598643,0.7345154881477356,0.0082294307649135,0.7241330146789551,0.0080009466037154,0.7432199120521545,0.0068006692454218,0.728786900639534,0.006039631739865187,0.7451770752668381,0.008195087313652,0.736981987953186,0.1232683363971403,0.03997979751527066,1.0024453429260909,1.00822681257473,0.0021496314657167928,0.9822089895415256,1,0,0
TJ-L1C4,CD47,CD274,-,Discontinued/ Pending,0,0,1.0568561553955078,0.0394914634525775,1.0716129541397097,0.039888359606266,0.2853614815892538,0.2958513039616033,0.9868432343887108,0.9955845656164276,1.0485692024230957,0.0397807545959949,1.054349660873413,0.0414723642170429,1.0603833198547363,0.0420105867087841,1.0173646919429302,0.04173679623543326,1.0963476188480854,0.0394914634525775,1.0568561553955078,0.2853614815892538,0.08442456642859579,0.9868432343887108,0.9824858928403951,0.012500538397842924,0.9996069715827993,0,0,0
TJ-L1H3,CD276,CD274,-,Discontinued/ Pending,0,0,0.1288622170686721,0.0394914634525775,0.1321548968553543,0.039888359606266,0.3766942831236453,0.2958513039616033,0.9819237371955102,0.9955845656164276,0.1285343915224075,0.0397807545959949,0.1307610422372818,0.0414723642170429,0.1309951394796371,0.0420105867087841,0.08937075361609459,0.005088957535785573,0.1683536805212496,0.0394914634525775,0.1288622170686721,0.2958513039616033,0.11144549485701183,0.9819237371955102,0.9775881173642512,0.002671170518857002,0.9997221046322387,0,0,0
TJ-L1I7,IL7,CD274,-,Discontinued/ Pending,0,0,0.0261356849223375,0.0394914634525775,0.0256076287478208,0.039888359606266,0.2509697526268256,0.2958513039616033,1.0069841652656233,0.9955845656164276,0.0260546877980232,0.0397807545959949,0.0260859280824661,0.0414723642170429,0.025036334991455,0.0420105867087841,0.01335577853024,0.0010321364459185722,0.065627148374915,0.0261356849223375,0.0394914634525775,0.2509697526268256,0.07424972856956737,0.9955845656164276,1.0025378927585966,0.000708264910302992,0.998647085423396,0,0,0
UniTI-101,CCR2,CSF1,-,Discontinued/ Pending,0,0,0.0157700050622224,0.1252519488334655,0.0145133156329393,0.1185486689209938,0.1940582738543504,0.3977893101123244,1.019479535611428,1.0397705894409282,0.0149993011727929,0.1210036799311637,0.0151497218757867,0.1112557724118232,0.0156854148954153,0.1177502945065498,0.1094819437712431,0.001975223867156972,0.1410219538956879,0.0157700050622224,0.1252519488334655,0.1940582738543504,0.07719430687811056,1.019479535611428,1.060024837665658,0.000946627510619857,0.9989690910240426,0,0,0
XmAb13243,CD3E,CD38,-,Discontinued/ Pending,0,0,0.736981987953186,0.1074885353446006,0.7350622415542603,0.1087568327784538,0.3243314437737325,0.37467679369076,1.0024453429260909,0.9920110686787064,0.7345154881477356,0.1058180555701255,0.7241330146789551,0.1106639802455902,0.7432199120521545,0.109743058681488,0.6294934526085855,0.07921711446044005,0.8444705232977866,0.1074885353446006,0.736981987953186,0.3243314437737325,0.12151946544623711,0.9920110686787064,0.9944368759281037,0.023948815161010086,0.9996958627149904,1,0,0
XmAb13551,CD3E,CD38,-,Discontinued/ Pending,0,0,0.736981987953186,0.1074885353446006,0.7350622415542603,0.1087568327784538,0.3243314437737325,0.37467679369076,1.0024453429260909,0.9920110686787064,0.7345154881477356,0.1058180555701255,0.7241330146789551,0.1106639802455902,0.7432199120521545,0.109743058681488,0.6294934526085855,0.07921711446044005,0.8444705232977866,0.1074885353446006,0.736981987953186,0.3243314437737325,0.12151946544623711,0.9920110686787064,0.9944368759281037,0.023948815161010086,0.9996958627149904,1,0,0
Y-111,CD3E,CD274,-,Discontinued/ Pending,0,0,0.736981987953186,0.0394914634525775,0.7350622415542603,0.039888359606266,0.3243314437737325,0.2958513039616033,1.0024453429260909,0.9955845656164276,0.7345154881477356,0.0397807545959949,0.7241330146789551,0.0414723642170429,0.7432199120521545,0.0420105867087841,0.6974905245006086,0.02910449724246116,0.7764734514057635,0.0394914634525775,0.736981987953186,0.2958513039616033,0.0959538805562082,0.9955845656164276,0.998019111291283,0.010157193351754733,0.9995694660433668,1,0,0
Y151,TNFRSF17,CD3E,-,Discontinued/ Pending,0,0,0.040244523435831,0.736981987953186,0.0402837544679641,0.7350622415542603,0.3027197340691121,0.3243314437737325,0.9995654696421932,1.0024453429260909,0.0414421670138835,0.7345154881477356,0.0414013490080833,0.7241330146789551,0.0406943261623382,0.7432199120521545,0.6967374645173551,0.029659488885967315,0.777226511389017,0.040244523435831,0.736981987953186,0.3027197340691121,0.0981815284094355,0.9995654696421932,1.0020097499925473,0.006072154861921742,0.9987171668478415,1,0,0
Y160,CD3,CLDN18.2,-,Discontinued/ Pending,0,0,0.0687058418989181,0.0687058418989181,0.0662170052528381,0.0662170052528381,0.3349080558811468,0.3349080558811468,1.002538754437549,1.002538754437549,0.067636601626873,0.067636601626873,0.0669665038585662,0.0669665038585662,0.0698165446519851,0.0698165446519851,0.0,0.004720492711039129,0.1374116837978362,0.0687058418989181,0.0687058418989181,0.3349080558811468,0.11216340589408935,1.002538754437549,1.0050839541491923,0.0014767354040635988,1.0000000000000002,0,0,0
YBL-027,CD274,TIGIT,-,Discontinued/ Pending,0,0,0.0394914634525775,0.1678885519504547,0.039888359606266,0.1682288646697998,0.2958513039616033,0.3933687403676078,0.9955845656164276,0.9984405696292284,0.0397807545959949,0.1612036675214767,0.0414723642170429,0.1679251939058303,0.0420105867087841,0.1677955389022827,0.1283970884978772,0.006630164613457542,0.20738001540303222,0.0394914634525775,0.1678885519504547,0.2958513039616033,0.11637865477549016,0.9955845656164276,0.9940320208081339,0.0029268204245758924,0.9992437209586109,0,1,0
1BiMAB (Ganymed Pharmaceuticals AG),CD3E,CLDN18,-,Discontinued/ Pending,0,0,0.736981987953186,0.0524928569793701,0.7350622415542603,0.0540760569274425,0.3243314437737325,0.3289381011593739,1.0024453429260909,0.9847880483291545,0.7345154881477356,0.053786315023899,0.7241330146789551,0.0516037419438362,0.7432199120521545,0.0546247288584709,0.6844891309738159,0.03868629008999846,0.7894748449325562,0.0524928569793701,0.736981987953186,0.3243314437737325,0.10668496926120981,0.9847880483291545,0.987196192816835,0.005865317470031465,0.9923791526227788,1,0,0
3D-057,CD3E,CD274,-,Discontinued/ Pending,0,0,0.736981987953186,0.0394914634525775,0.7350622415542603,0.039888359606266,0.3243314437737325,0.2958513039616033,1.0024453429260909,0.9955845656164276,0.7345154881477356,0.0397807545959949,0.7241330146789551,0.0414723642170429,0.7432199120521545,0.0420105867087841,0.6974905245006086,0.02910449724246116,0.7764734514057635,0.0394914634525775,0.736981987953186,0.2958513039616033,0.0959538805562082,0.9955845656164276,0.998019111291283,0.010157193351754733,0.9995694660433668,1,0,0
5T4-5T4-CD3,TPBG,CD3E,-,Discontinued/ Pending,0,0,0.0925601869821548,0.736981987953186,0.0898941755294799,0.7350622415542603,0.3759595444104086,0.3243314437737325,1.019057344185949,1.0024453429260909,0.0951042622327804,0.7345154881477356,0.0894780457019805,0.7241330146789551,0.0964982062578201,0.7432199120521545,0.6444218009710312,0.06821519060742706,0.8295421749353409,0.0925601869821548,0.736981987953186,0.3243314437737325,0.12193550183914252,1.0024453429260909,1.0215492888538351,0.0186227523198354,0.9996478339312663,1,0,0
6PHU3 (BioNTech SE),CD3E,CLDN6,-,Discontinued/ Pending,0,0,0.736981987953186,0.0349730886518955,0.7350622415542603,0.031980462372303,0.3243314437737325,0.2967179597916497,1.0024453429260909,1.036504140047441,0.7345154881477356,0.0315979085862636,0.7241330146789551,0.0374008752405643,0.7432199120521545,0.0322209112346172,0.7020088993012905,0.02577453639953696,0.7719550766050816,0.0349730886518955,0.736981987953186,0.2967179597916497,0.09623496429282206,1.0024453429260909,1.03903874811417,0.002807078889939476,0.9635116468382461,1,0,0
ABBV-428,CD40,MSLN,-,Discontinued/ Pending,0,0,0.2458526194095611,0.1357283592224121,0.2523316740989685,0.1306430995464325,0.3797339301663551,0.4129907097687201,0.978569712522789,1.0281508659270568,0.2438085228204727,0.1386736631393432,0.2444076240062713,0.1350929141044616,0.2505553066730499,0.135190725326538,0.11012426018714899,0.03336917264299188,0.3815809786319732,0.1357283592224121,0.2458526194095611,0.3797339301663551,0.15682658534266858,0.978569712522789,1.0061172973002965,0.005336525784209773,0.9977326181240502,0,0,0
AFM-15,CD3E,ALB,-,Discontinued/ Pending,0,0,0.736981987953186,0.0072426851838827,0.7350622415542603,0.0080474475398659,0.3243314437737325,0.1106753489979695,1.0024453429260909,0.9861361284588688,0.7345154881477356,0.0088660465553402,0.7241330146789551,0.0076932180672883,0.7432199120521545,0.0068280911073088,0.7297393027693033,0.005337728524936959,0.7442246731370687,0.0072426851838827,0.736981987953186,0.1106753489979695,0.03589549573067317,0.9861361284588688,0.9885475694647583,0.0006722215236433843,0.8906980522262037,1,0,0
AMG-966,TNF-Α,VEGI,-,Discontinued/ Pending,0,0,0.0687058418989181,0.0687058418989181,0.0662170052528381,0.0662170052528381,0.3349080558811468,0.3349080558811468,1.002538754437549,1.002538754437549,0.067636601626873,0.067636601626873,0.0669665038585662,0.0669665038585662,0.0698165446519851,0.0698165446519851,0.0,0.004720492711039129,0.1374116837978362,0.0687058418989181,0.0687058418989181,0.3349080558811468,0.11216340589408935,1.002538754437549,1.0050839541491923,0.0014767354040635988,1.0000000000000002,0,0,0
AMG-CDH19X,CD3E,CDH19,-,Discontinued/ Pending,0,0,0.736981987953186,0.0022591862361878,0.7350622415542603,0.0020467496942728,0.3243314437737325,0.0415585184792733,1.0024453429260909,1.0040816485786876,0.7345154881477356,0.0012887598713859,0.7241330146789551,0.0020830866415053,0.7432199120521545,0.0016727452166378,0.7347228017169982,0.001664979563502161,0.7392411741893739,0.0022591862361878,0.736981987953186,0.0415585184792733,0.013478734299480051,1.0024453429260909,1.0065369725352573,0.00043583593291163887,0.8622751089109721,1,0,0
Anti-CD28/anti-HMV-MAA bispecific antibody(Eberhard Karls Universitat Tubingen),CD28,HMV-MAA,-,Discontinued/ Pending,0,0,0.0621497705578804,0.0687058418989181,0.0568903349339962,0.0662170052528381,0.3493032438368902,0.3349080558811468,1.0492040335277446,1.002538754437549,0.0596556067466735,0.067636601626873,0.0595100000500679,0.0669665038585662,0.0592042133212089,0.0698165446519851,0.006556071341037695,0.004270052310003766,0.1308556124567985,0.0621497705578804,0.0687058418989181,0.3349080558811468,0.11698447030639107,1.002538754437549,1.0518677049237575,0.0020452998132362136,0.9983631173626001,1,0,0
Anti-CD3-anti-CD19 bispecific monoclonal antibody(University of Cologne),CD19,CD3E,-,Discontinued/ Pending,0,0,0.064342513680458,0.736981987953186,0.0662170052528381,0.7350622415542603,0.3396251482844286,0.3243314437737325,0.9838707634196736,1.0024453429260909,0.0652454048395156,0.7345154881477356,0.0630370453000068,0.7241330146789551,0.0646611973643302,0.7432199120521545,0.6726394742727281,0.04741927364212901,0.801324501633644,0.064342513680458,0.736981987953186,0.3243314437737325,0.11015111468495671,0.9838707634196736,0.9862766648311896,0.015571900789453794,0.9999607610080415,1,0,0
Anti-CD3/ (Micromet/anti-CAIX bispecific T-cell engagerAmgen),CA9,CD3E,-,Discontinued/ Pending,0,0,0.0398901402950286,0.736981987953186,0.0401442013680934,0.7350622415542603,0.3008656108362232,0.3243314437737325,0.9971816149102328,1.0024453429260909,0.0409297719597816,0.7345154881477356,0.039365604519844,0.7241330146789551,0.0418734736740589,0.7432199120521545,0.6970918476581575,0.02939831489436167,0.7768721282482146,0.0398901402950286,0.736981987953186,0.3008656108362232,0.09758017794437822,0.9971816149102328,0.9996200659182815,0.00661140949077852,0.9996756451571481,1,0,0
Anti-CD3/Anti-SLAMF7 Bispecific Antibody,CD3E,SLAMF7,-,Discontinued/ Pending,0,0,0.736981987953186,0.0839664191007614,0.7350622415542603,0.0790557041764259,0.3243314437737325,0.3721924928231978,1.0024453429260909,1.038051126493582,0.7345154881477356,0.0827756449580192,0.7241330146789551,0.0798200964927673,0.7432199120521545,0.0870101749897003,0.6530155688524246,0.06188173847018951,0.8209484070539474,0.0839664191007614,0.736981987953186,0.3243314437737325,0.1207137285590923,1.0024453429260909,1.0405895174726738,0.01938361844000322,0.9997241767399669,1,0,0
"Anti-CD40/B7-H4 Bispecific antibody(Lyvgen Biopharma Co., Ltd)",VTCN1,CD40,-,Discontinued/ Pending,0,0,0.0198011025786399,0.2458526194095611,0.0157460160553455,0.2523316740989685,0.2294777666621129,0.3797339301663551,1.061678056962126,0.978569712522789,0.0169867854565382,0.2438085228204727,0.0166883654892444,0.2444076240062713,0.0184276197105646,0.2505553066730499,0.2260515168309212,0.004868152936156034,0.26565372198820103,0.0198011025786399,0.2458526194095611,0.2294777666621129,0.0871404942204019,0.978569712522789,1.038925990993181,0.0015803154985579992,0.9971277422621928,0,0,0
"Anti-CD40/CD276 Bispecific antibody(Lyvgen Biopharma Co., Ltd)",CD276,CD40,-,Discontinued/ Pending,0,0,0.1288622170686721,0.2458526194095611,0.1321548968553543,0.2523316740989685,0.3766942831236453,0.3797339301663551,0.9819237371955102,0.978569712522789,0.1285343915224075,0.2438085228204727,0.1307610422372818,0.2444076240062713,0.1309951394796371,0.2505553066730499,0.116990402340889,0.03168111360925649,0.3747148364782332,0.1288622170686721,0.2458526194095611,0.3766942831236453,0.1430436006017395,0.978569712522789,0.960880829226713,0.013400533992054995,0.9999372545594405,0,0,0
"Anti-CD40/CEA Bispecific antibody(Lyvgen Biopharma Co., Ltd)",CD40,CEACAM5,-,Discontinued/ Pending,0,0,0.2458526194095611,0.2892422974109649,0.2523316740989685,0.280055820941925,0.3797339301663551,0.4454749295791184,0.978569712522789,1.0278330993915612,0.2438085228204727,0.2842103540897369,0.2444076240062713,0.2666824460029602,0.2505553066730499,0.286066859960556,0.04338967800140381,0.07111097646252504,0.535094916820526,0.2458526194095611,0.2892422974109649,0.3797339301663551,0.1691619457996589,0.978569712522789,1.0058063405930073,0.006788250300015728,0.9957416914875051,0,0,0
"Anti-CD40/HER2 Bispecific antibody(Lyvgen Biopharma Co., Ltd)",CD40,ERBB2,-,Discontinued/ Pending,0,0,0.2458526194095611,0.1458282619714737,0.2523316740989685,0.1440167427062988,0.3797339301663551,0.3952691077726624,0.978569712522789,1.0093369223702364,0.2438085228204727,0.1456919759511947,0.2444076240062713,0.1421233266592025,0.2505553066730499,0.1540296673774719,0.10002435743808741,0.035852260189630496,0.3916808813810348,0.1458282619714737,0.2458526194095611,0.3797339301663551,0.15009709176786165,0.978569712522789,0.9877065419624789,0.01213492800391646,0.9997238485399245,0,0,0
Anti-EGFR/HER3 bispecific antibody(Biocad),EGFR,ERBB3,-,Discontinued/ Pending,0,0,0.2500387728214264,0.2228399366140365,0.2226305454969406,0.2218862622976303,0.4410472192302643,0.4077920779026814,1.100532489030263,1.003507622298924,0.2356877774000167,0.2227225452661514,0.2406675368547439,0.2285714298486709,0.2502810657024383,0.2277127206325531,0.027198836207389887,0.05571862428657813,0.4728787094354629,0.2228399366140365,0.2500387728214264,0.4077920779026814,0.17985556198310895,1.003507622298924,1.104392741329476,0.007497107332048072,0.9994599349347754,0,0,0
Anti-HER2/CD3(Genentech),CD3E,ERBB2,-,Discontinued/ Pending,0,0,0.736981987953186,0.1458282619714737,0.7350622415542603,0.1440167427062988,0.3243314437737325,0.3952691077726624,1.0024453429260909,1.0093369223702364,0.7345154881477356,0.1456919759511947,0.7241330146789551,0.1421233266592025,0.7432199120521545,0.1540296673774719,0.5911537259817123,0.10747280240749468,0.8828102499246597,0.1458282619714737,0.736981987953186,0.3243314437737325,0.12819820040306268,1.0024453429260909,1.0118050972733967,0.02648996026137635,0.9997368024735713,1,0,0
Anti-IGF monoclonal antibodies (Shin Nippon),IGF1,IGF2,-,Discontinued/ Pending,0,0,0.0801125168800354,0.1870694756507873,0.0804977342486381,0.1957902014255523,0.3700493393468034,0.4215968282741453,0.997048091518058,0.96451963616049,0.0737387984991073,0.1827088743448257,0.0763877406716346,0.1821517348289489,0.0808950588107109,0.1817259490489959,0.1069569587707519,0.014986606525813068,0.2671819925308227,0.0801125168800354,0.1870694756507873,0.3700493393468034,0.15601162777355518,0.96451963616049,0.9616724624655082,0.0006853472974547052,0.9994331479563865,0,0,0
Anti-IL 17/TNF-alpha Bispecific Antibody (Biocad),IL-17F,TNF-Α,-,Discontinued/ Pending,0,0,0.0687058418989181,0.0687058418989181,0.0662170052528381,0.0662170052528381,0.3349080558811468,0.3349080558811468,1.002538754437549,1.002538754437549,0.067636601626873,0.067636601626873,0.0669665038585662,0.0669665038585662,0.0698165446519851,0.0698165446519851,0.0,0.004720492711039129,0.1374116837978362,0.0687058418989181,0.0687058418989181,0.3349080558811468,0.11216340589408935,1.002538754437549,1.0050839541491923,0.0014767354040635988,1.0000000000000002,0,0,0
"Anti-PD-L1/TGF-β antibody(GigaGen, Inc.)",PDL1,TGF-Β,-,Discontinued/ Pending,0,0,0.0687058418989181,0.0687058418989181,0.0662170052528381,0.0662170052528381,0.3349080558811468,0.3349080558811468,1.002538754437549,1.002538754437549,0.067636601626873,0.067636601626873,0.0669665038585662,0.0669665038585662,0.0698165446519851,0.0698165446519851,0.0,0.004720492711039129,0.1374116837978362,0.0687058418989181,0.0687058418989181,0.3349080558811468,0.11216340589408935,1.002538754437549,1.0050839541491923,0.0014767354040635988,1.0000000000000002,0,0,0
Antibody-100,EPCAM,TCR,-,Discontinued/ Pending,0,0,1.3818910121917725,0.0687058418989181,1.3133620023727417,0.0662170052528381,0.4207297249094102,0.3349080558811468,1.050264720374901,1.002538754437549,1.3389904499053955,0.067636601626873,1.3404426574707031,0.0669665038585662,1.4144569635391235,0.0698165446519851,1.3131851702928543,0.09494398540518381,1.4505968540906906,0.0687058418989181,1.3818910121917725,0.3349080558811468,0.14090577422082026,1.002538754437549,1.0529310845943538,0.006304426016080172,0.9999225805326903,0,0,0
AP-163,TNFRSF17,CD3E,-,Discontinued/ Pending,0,0,0.040244523435831,0.736981987953186,0.0402837544679641,0.7350622415542603,0.3027197340691121,0.3243314437737325,0.9995654696421932,1.0024453429260909,0.0414421670138835,0.7345154881477356,0.0414013490080833,0.7241330146789551,0.0406943261623382,0.7432199120521545,0.6967374645173551,0.029659488885967315,0.777226511389017,0.040244523435831,0.736981987953186,0.3027197340691121,0.0981815284094355,0.9995654696421932,1.0020097499925473,0.006072154861921742,0.9987171668478415,1,0,0
APVO-603,TNFRSF9,TNFRSF4,-,Discontinued/ Pending,0,0,0.0411083288490772,0.1408004611730575,0.0405395962297916,0.1439702361822128,0.3043941037308105,0.3946843765455293,1.0062815899669149,0.9836584464114504,0.042078785598278,0.145024299621582,0.039554975926876,0.1464078575372696,0.0414621420204639,0.1364795565605163,0.0996921323239803,0.0057880716600037735,0.1819087900221347,0.0411083288490772,0.1408004611730575,0.3043941037308105,0.12013959705513011,0.9836584464114504,0.9898373854392997,0.0016225155775980555,0.9990656112850382,1,0,0
ATOR-1015,CTLA4,TNFRSF4,-,Discontinued/ Pending,0,0,0.0449843853712081,0.1408004611730575,0.0441446676850318,0.1439702361822128,0.3134094143326692,0.3946843765455293,1.008919439696634,0.9836584464114504,0.044516559690237,0.145024299621582,0.043271392583847,0.1464078575372696,0.0453834980726242,0.1364795565605163,0.09581607580184939,0.006333822205852642,0.1857848465442656,0.0449843853712081,0.1408004611730575,0.3134094143326692,0.12369779929938902,0.9836584464114504,0.9924321286063019,0.0019885709213244476,0.9991018299649471,0,0,0
ATOR-1144,CTLA4,TNFRSF18,-,Discontinued/ Pending,0,0,0.0449843853712081,0.1733814775943756,0.0441446676850318,0.1674613356590271,0.3134094143326692,0.4075798401282583,1.008919439696634,1.0272238828912148,0.044516559690237,0.1703026294708252,0.043271392583847,0.1652266532182693,0.0453834980726242,0.1713878363370895,0.1283970922231675,0.007799459204334875,0.21836586296558372,0.0449843853712081,0.1733814775943756,0.3134094143326692,0.1277393589884004,1.008919439696634,1.0363861443696052,0.0026159957625198405,0.9996286940559818,0,0,0
B05/CD3,CD3E,PITRM1,-,Discontinued/ Pending,0,0,0.736981987953186,0.059868436306715,0.7350622415542603,0.0596580989658832,0.3243314437737325,0.3349080558811468,1.0024453429260909,1.001918119526194,0.7345154881477356,0.0582115724682807,0.7241330146789551,0.0594153143465518,0.7432199120521545,0.0600542947649955,0.677113551646471,0.04412195920497152,0.796850424259901,0.059868436306715,0.736981987953186,0.3243314437737325,0.10862121329538624,1.001918119526194,1.0043681529122996,0.01725614812341751,0.9990712395662953,1,0,0
BCD-121,IL-17,TNF-Α,-,Discontinued/ Pending,0,0,0.0687058418989181,0.0687058418989181,0.0662170052528381,0.0662170052528381,0.3349080558811468,0.3349080558811468,1.002538754437549,1.002538754437549,0.067636601626873,0.067636601626873,0.0669665038585662,0.0669665038585662,0.0698165446519851,0.0698165446519851,0.0,0.004720492711039129,0.1374116837978362,0.0687058418989181,0.0687058418989181,0.3349080558811468,0.11216340589408935,1.002538754437549,1.0050839541491923,0.0014767354040635988,1.0000000000000002,0,0,0
BY-24.3,PDCD1,VEGFA,-,Discontinued/ Pending,0,0,0.0371215306222438,0.3522780239582062,0.0368414930999279,0.3303407430648803,0.2913144945871229,0.4175137819573727,1.003224697230778,1.0576779671737235,0.0363958217203617,0.3407605290412903,0.0375192314386367,0.341223806142807,0.0369100831449031,0.3476842045783996,0.3151564933359624,0.013077099453908085,0.38939955458044995,0.0371215306222438,0.3522780239582062,0.2913144945871229,0.12162781637407026,1.003224697230778,1.0610886583855235,0.0038566286365292646,0.9997188061186437,0,0,1
C3B3-DB,HLA CLASS I ANTIGEN,P-GP,-,Discontinued/ Pending,0,0,0.0687058418989181,0.0687058418989181,0.0662170052528381,0.0662170052528381,0.3349080558811468,0.3349080558811468,1.002538754437549,1.002538754437549,0.067636601626873,0.067636601626873,0.0669665038585662,0.0669665038585662,0.0698165446519851,0.0698165446519851,0.0,0.004720492711039129,0.1374116837978362,0.0687058418989181,0.0687058418989181,0.3349080558811468,0.11216340589408935,1.002538754437549,1.0050839541491923,0.0014767354040635988,1.0000000000000002,0,0,0
CAN-105,F10,FACTOR IXA,-,Discontinued/ Pending,0,0,0.0115174204111099,0.0687058418989181,0.0102104898542165,0.0662170052528381,0.1595626203571792,0.3349080558811468,1.0217060276383356,1.002538754437549,0.0102945519611239,0.067636601626873,0.0100366910919547,0.0669665038585662,0.0105574904009699,0.0698165446519851,0.0571884214878082,0.0007913140658490891,0.08022326231002799,0.0115174204111099,0.0687058418989181,0.1595626203571792,0.05343880697512438,1.002538754437549,1.024299888349873,0.00026555702943391416,0.9980630127395853,0,0,0
CD40/EpCAM bispecific antibody(Alligator Bioscience AB),CD40,EPCAM,-,Discontinued/ Pending,0,0,0.2458526194095611,1.3818910121917725,0.2523316740989685,1.3133620023727417,0.3797339301663551,0.4207297249094102,0.978569712522789,1.050264720374901,0.2438085228204727,1.3389904499053955,0.2444076240062713,1.3404426574707031,0.2505553066730499,1.4144569635391235,1.1360383927822113,0.339741525085877,1.6277436316013336,0.2458526194095611,1.3818910121917725,0.3797339301663551,0.15976535197765976,0.978569712522789,1.0277572454900943,0.025065089716957412,0.9998258933595611,0,0,0
CLL1-TDB,CD3E,CLEC12A,-,Discontinued/ Pending,0,0,0.736981987953186,0.135684072971344,0.7350622415542603,0.1352715492248535,0.3243314437737325,0.3897719057153861,1.0024453429260909,1.0022265898256717,0.7345154881477356,0.1334254592657089,0.7241330146789551,0.1356846988201141,0.7432199120521545,0.1307757645845413,0.601297914981842,0.09999671783200625,0.87266606092453,0.135684072971344,0.736981987953186,0.3243314437737325,0.12641528492311033,1.0022265898256717,1.004677377527442,0.025780803489181117,0.9996197691538539,1,0,0
CYT-103(Cytovia Therapeutics),GPC3,NCR1,-,Discontinued/ Pending,0,0,0.0687058418989181,0.0108751021325588,0.0643098056316375,0.0109082451090216,0.3672544640721659,0.1499591243178454,1.0384572105865246,0.999455854024303,0.0701675415039062,0.0098287351429462,0.0641969442367553,0.0113386195152997,0.0698165446519851,0.0106123341247439,0.057830739766359295,0.0007471830477541719,0.07958094403147689,0.0108751021325588,0.0687058418989181,0.1499591243178454,0.05507315783408161,0.999455854024303,1.0378921382744504,0.0002288999358286715,0.9855246351262392,0,0,0
CYT-106,CD38,NCR1,-,Discontinued/ Pending,0,0,0.1074885353446006,0.0108751021325588,0.1087568327784538,0.0109082451090216,0.37467679369076,0.1499591243178454,0.9920110686787064,0.999455854024303,0.1058180555701255,0.0098287351429462,0.1106639802455902,0.0113386195152997,0.109743058681488,0.0106123341247439,0.0966134332120418,0.001168948799951688,0.11836363747715939,0.0108751021325588,0.1074885353446006,0.1499591243178454,0.056186203884084386,0.9920110686787064,0.991471269847838,0.0007268301586254216,0.9984543169871709,0,0,0
CYT-303,GPC3,NCR1,-,Discontinued/ Pending,0,0,0.0687058418989181,0.0108751021325588,0.0643098056316375,0.0109082451090216,0.3672544640721659,0.1499591243178454,1.0384572105865246,0.999455854024303,0.0701675415039062,0.0098287351429462,0.0641969442367553,0.0113386195152997,0.0698165446519851,0.0106123341247439,0.057830739766359295,0.0007471830477541719,0.07958094403147689,0.0108751021325588,0.0687058418989181,0.1499591243178454,0.05507315783408161,0.999455854024303,1.0378921382744504,0.0002288999358286715,0.9855246351262392,0,0,0
CYT-338,CD38,NCR1,-,Discontinued/ Pending,0,0,0.1074885353446006,0.0108751021325588,0.1087568327784538,0.0109082451090216,0.37467679369076,0.1499591243178454,0.9920110686787064,0.999455854024303,0.1058180555701255,0.0098287351429462,0.1106639802455902,0.0113386195152997,0.109743058681488,0.0106123341247439,0.0966134332120418,0.001168948799951688,0.11836363747715939,0.0108751021325588,0.1074885353446006,0.1499591243178454,0.056186203884084386,0.9920110686787064,0.991471269847838,0.0007268301586254216,0.9984543169871709,0,0,0
"DAAP (Aprogen, Inc.)",ANGPT1,VEGFA,-,Discontinued/ Pending,0,0,0.0075527695007622,0.3522780239582062,0.0088149784132838,0.3303407430648803,0.113134795847933,0.4175137819573727,0.9785393288142988,1.0576779671737235,0.0088194645941257,0.3407605290412903,0.006746360566467,0.341223806142807,0.0076781748794019,0.3476842045783996,0.34472525445744395,0.002660674715140315,0.3598307934589684,0.0075527695007622,0.3522780239582062,0.113134795847933,0.04723533648544577,0.9785393288142988,1.0349794880998475,0.0007227476093034848,0.9756544111136034,0,0,1
DIA-10-D,BACE,Α-SECRETASE,-,Discontinued/ Pending,0,0,0.0687058418989181,0.0687058418989181,0.0662170052528381,0.0662170052528381,0.3349080558811468,0.3349080558811468,1.002538754437549,1.002538754437549,0.067636601626873,0.067636601626873,0.0669665038585662,0.0669665038585662,0.0698165446519851,0.0698165446519851,0.0,0.004720492711039129,0.1374116837978362,0.0687058418989181,0.0687058418989181,0.3349080558811468,0.11216340589408935,1.002538754437549,1.0050839541491923,0.0014767354040635988,1.0000000000000002,0,0,0
DMS-3008,EGFR,VEGFR,-,Discontinued/ Pending,0,0,0.2500387728214264,0.0687058418989181,0.2226305454969406,0.0662170052528381,0.4410472192302643,0.3349080558811468,1.100532489030263,1.002538754437549,0.2356877774000167,0.067636601626873,0.2406675368547439,0.0669665038585662,0.2502810657024383,0.0698165446519851,0.1813329309225083,0.01717912439406842,0.3187446147203445,0.0687058418989181,0.2500387728214264,0.3349080558811468,0.14771026674419377,1.002538754437549,1.1033264707704555,0.003059863848765791,0.9999331307067229,0,0,0
Duta-101,PDGFR,VEGFR,-,Discontinued/ Pending,0,0,0.0687058418989181,0.0687058418989181,0.0662170052528381,0.0662170052528381,0.3349080558811468,0.3349080558811468,1.002538754437549,1.002538754437549,0.067636601626873,0.067636601626873,0.0669665038585662,0.0669665038585662,0.0698165446519851,0.0698165446519851,0.0,0.004720492711039129,0.1374116837978362,0.0687058418989181,0.0687058418989181,0.3349080558811468,0.11216340589408935,1.002538754437549,1.0050839541491923,0.0014767354040635988,1.0000000000000002,0,0,0
E1-3s,CD3E,TACSTD2,-,Discontinued/ Pending,0,0,0.736981987953186,1.0140867233276367,0.7350622415542603,1.0329108238220217,0.3243314437737325,0.4076124214721044,1.0024453429260909,0.9826171277631642,0.7345154881477356,1.0026551485061646,0.7241330146789551,1.0441235303878784,0.7432199120521545,1.013436794281006,0.2771047353744507,0.7473636493149343,1.7510687112808228,0.736981987953186,1.0140867233276367,0.3243314437737325,0.1322015251561548,0.9826171277631642,0.9850199636055956,0.05201221701069466,0.9989573715435935,1,0,0
Etevritamab,CD3,EGFRVIII,-,Discontinued/ Pending,0,0,0.0687058418989181,0.0687058418989181,0.0662170052528381,0.0662170052528381,0.3349080558811468,0.3349080558811468,1.002538754437549,1.002538754437549,0.067636601626873,0.067636601626873,0.0669665038585662,0.0669665038585662,0.0698165446519851,0.0698165446519851,0.0,0.004720492711039129,0.1374116837978362,0.0687058418989181,0.0687058418989181,0.3349080558811468,0.11216340589408935,1.002538754437549,1.0050839541491923,0.0014767354040635988,1.0000000000000002,0,0,0
EX-104,PDCD1,TIGIT,-,Discontinued/ Pending,0,0,0.0371215306222438,0.1678885519504547,0.0368414930999279,0.1682288646697998,0.2913144945871229,0.3933687403676078,1.003224697230778,0.9984405696292284,0.0363958217203617,0.1612036675214767,0.0375192314386367,0.1679251939058303,0.0369100831449031,0.1677955389022827,0.13076702132821091,0.006232280022352973,0.2050100825726985,0.0371215306222438,0.1678885519504547,0.2913144945871229,0.11459401578656284,0.9984405696292284,1.0016602381692081,0.0027714328674893138,0.9973643354321027,0,1,0
EX-107,CD3E,MSLN,-,Discontinued/ Pending,0,0,0.736981987953186,0.1357283592224121,0.7350622415542603,0.1306430995464325,0.3243314437737325,0.4129907097687201,1.0024453429260909,1.0281508659270568,0.7345154881477356,0.1386736631393432,0.7241330146789551,0.1350929141044616,0.7432199120521545,0.135190725326538,0.6012536287307739,0.10002935600135743,0.8727103471755981,0.1357283592224121,0.736981987953186,0.3243314437737325,0.13394587316442752,1.0024453429260909,1.0306650473740058,0.011649377393248877,0.9978895229764743,1,0,0
FOLR-1-BiTE,CD3E,FOLR1,-,Discontinued/ Pending,0,0,0.736981987953186,0.3427318334579468,0.7350622415542603,0.3417839407920837,0.3243314437737325,0.4228079695956087,1.0024453429260909,1.0024194270544795,0.7345154881477356,0.3401549756526947,0.7241330146789551,0.3402532935142517,0.7432199120521545,0.3510022759437561,0.39425015449523926,0.2525871879566779,1.0797138214111328,0.3427318334579468,0.736981987953186,0.3243314437737325,0.13712991921798418,1.0024194270544795,1.0048706863094032,0.030161323967428818,0.998756706117676,1,0,0
Fsn-1006,AREG,HBEGF,-,Discontinued/ Pending,0,0,1.4755144119262695,0.4036634266376495,1.3839516639709473,0.4026282131671905,0.4006539197840515,0.4053490839779395,1.0638534409882154,1.0022871165348162,1.4266881942749023,0.4020775556564331,1.526358127593994,0.3976565301418304,1.380371332168579,0.4049688875675201,1.07185098528862,0.5956112035713942,1.879177838563919,0.4036634266376495,1.4755144119262695,0.4006539197840515,0.16240469937663612,1.0022871165348162,1.0662865977837206,0.029326467650321413,0.9937841571332771,0,0,0
GBR-1372(Glenmark Pharmaceuticals Ltd.),CD3E,EGFR,-,Discontinued/ Pending,0,0,0.736981987953186,0.2500387728214264,0.7350622415542603,0.2226305454969406,0.3243314437737325,0.4410472192302643,1.0024453429260909,1.100532489030263,0.7345154881477356,0.2356877774000167,0.7241330146789551,0.2406675368547439,0.7432199120521545,0.2502810657024383,0.48694321513175964,0.18427407185930988,0.9870207607746124,0.2500387728214264,0.736981987953186,0.3243314437737325,0.14304548138534154,1.0024453429260909,1.1032236683672463,0.02655644370876967,0.9998130944753393,1,0,0
GNR-047,CD19,CD3E,-,Discontinued/ Pending,0,0,0.064342513680458,0.736981987953186,0.0662170052528381,0.7350622415542603,0.3396251482844286,0.3243314437737325,0.9838707634196736,1.0024453429260909,0.0652454048395156,0.7345154881477356,0.0630370453000068,0.7241330146789551,0.0646611973643302,0.7432199120521545,0.6726394742727281,0.04741927364212901,0.801324501633644,0.064342513680458,0.736981987953186,0.3243314437737325,0.11015111468495671,0.9838707634196736,0.9862766648311896,0.015571900789453794,0.9999607610080415,1,0,0
GSK-2434735,IL13,IL4,-,Discontinued/ Pending,0,0,0.0022591862361878,0.0011295931180939,0.0022560763172805,0.0010001163464039,0.0413844849378975,0.0216482299734621,1.0000595130581256,1.002538754437549,0.0021893389057368,0.0010713787050917,0.002272458281368,0.0014202863676473,0.0017001673113554,0.0012614143779501,0.0011295931180939,2.5519612248901993e-06,0.0033887793542817,0.0011295931180939,0.0022591862361878,0.0216482299734621,0.0008959008472688836,1.0000595130581256,1.002598418584715,1.5070405571953393e-06,0.9351805879715902,0,0,0
H-447,FCGR1A,EGFR,-,Discontinued/ Pending,0,0,0.321003794670105,0.2500387728214264,0.3169903457164764,0.2226305454969406,0.4158898345318513,0.4410472192302643,1.010936115896436,1.100532489030263,0.3143642246723175,0.2356877774000167,0.3162741065025329,0.2406675368547439,0.3070447146892547,0.2502810657024383,0.07096502184867859,0.08026339489033418,0.5710425674915314,0.2500387728214264,0.321003794670105,0.4158898345318513,0.18342705502640777,1.010936115896436,1.1125680398780913,0.008689307886379876,0.9992053013095636,0,0,0
h8F4-BiTE,CD3,HLA CLASS II ANTIGEN,-,Discontinued/ Pending,0,0,0.0687058418989181,0.0687058418989181,0.0662170052528381,0.0662170052528381,0.3349080558811468,0.3349080558811468,1.002538754437549,1.002538754437549,0.067636601626873,0.067636601626873,0.0669665038585662,0.0669665038585662,0.0698165446519851,0.0698165446519851,0.0,0.004720492711039129,0.1374116837978362,0.0687058418989181,0.0687058418989181,0.3349080558811468,0.11216340589408935,1.002538754437549,1.0050839541491923,0.0014767354040635988,1.0000000000000002,0,0,0
HBM-7015,CD274,TGFB1,-,Discontinued/ Pending,0,0,0.0394914634525775,0.4228222072124481,0.039888359606266,0.4123270213603973,0.2958513039616033,0.3478726445118356,0.9955845656164276,1.0227007840060238,0.0397807545959949,0.4128379225730896,0.0414723642170429,0.4171617925167084,0.0420105867087841,0.4119340777397156,0.38333074375987064,0.016697867743068546,0.4623136706650256,0.0394914634525775,0.4228222072124481,0.2958513039616033,0.10291857549139784,0.9955845656164276,1.018185115800217,0.00843442327469393,0.9994110875811716,0,0,0
HBM-7020,TNFRSF17,CD3E,-,Discontinued/ Pending,0,0,0.040244523435831,0.736981987953186,0.0402837544679641,0.7350622415542603,0.3027197340691121,0.3243314437737325,0.9995654696421932,1.0024453429260909,0.0414421670138835,0.7345154881477356,0.0414013490080833,0.7241330146789551,0.0406943261623382,0.7432199120521545,0.6967374645173551,0.029659488885967315,0.777226511389017,0.040244523435831,0.736981987953186,0.3027197340691121,0.0981815284094355,0.9995654696421932,1.0020097499925473,0.006072154861921742,0.9987171668478415,1,0,0
HLX-31,CD3E,ERBB2,-,Discontinued/ Pending,0,0,0.736981987953186,0.1458282619714737,0.7350622415542603,0.1440167427062988,0.3243314437737325,0.3952691077726624,1.0024453429260909,1.0093369223702364,0.7345154881477356,0.1456919759511947,0.7241330146789551,0.1421233266592025,0.7432199120521545,0.1540296673774719,0.5911537259817123,0.10747280240749468,0.8828102499246597,0.1458282619714737,0.736981987953186,0.3243314437737325,0.12819820040306268,1.0024453429260909,1.0118050972733967,0.02648996026137635,0.9997368024735713,1,0,0
HMBD-004B,CD33,CD47,-,Discontinued/ Pending,0,0,0.1207557171583175,1.0568561553955078,0.1188045144081115,1.0716129541397097,0.3838881241508067,0.2853614815892538,1.0115589488648902,0.9868432343887108,0.1197304502129554,1.0485692024230957,0.1207243427634239,1.054349660873413,0.1185455322265625,1.0603833198547363,0.9361004382371904,0.12762142297796678,1.1776118725538254,0.1207557171583175,1.0568561553955078,0.2853614815892538,0.10954688387219359,0.9868432343887108,0.9982501048726727,0.032546856337656485,0.9996791710020636,0,0,0
HRS-3/A9,FCGR3A,TNFRSF8,-,Discontinued/ Pending,0,0,1.1602472066879272,0.0062902830541133,1.13978374004364,0.0060006976127624,0.3864865631973361,0.1004913669723465,1.0171993161072588,1.0051711041771905,1.136282444000244,0.0070027792826294,1.1368446350097656,0.0056338026188313,1.1213973760604858,0.006279650144279,1.1539569236338139,0.00729828334281136,1.1665374897420406,0.0062902830541133,1.1602472066879272,0.1004913669723465,0.03883856305214449,1.0051711041771905,1.0224593597398164,0.001096360231605263,0.9918609928279872,0,0,0
IMM2521,CD274,SIRPA,-,Discontinued/ Pending,0,0,0.0394914634525775,0.1832598745822906,0.039888359606266,0.1815792471170425,0.2958513039616033,0.3951860349793112,0.9955845656164276,1.0072572455700173,0.0397807545959949,0.1780662387609481,0.0414723642170429,0.177441120147705,0.0420105867087841,0.1837551742792129,0.1437684111297131,0.007237200639390465,0.2227513380348681,0.0394914634525775,0.1832598745822906,0.2958513039616033,0.116916303756045,0.9955845656164276,1.002809767294825,0.0031905647864125305,0.9998862751517266,0,0,0
IMM3202,CD47,KDR,-,Discontinued/ Pending,0,0,1.0568561553955078,0.0352167263627052,1.0716129541397097,0.0358878932893276,0.2853614815892538,0.2848034510558337,0.9868432343887108,0.9921855467526552,1.0485692024230957,0.0337561927735805,1.054349660873413,0.0353888049721717,1.0603833198547363,0.0362793765962123,1.0216394290328026,0.03721901402930425,1.092072881758213,0.0352167263627052,1.0568561553955078,0.2848034510558337,0.08127193475502523,0.9868432343887108,0.9791315940711217,0.008136714084414102,0.9992273592885039,0,0,1
JNJ-0819,CD3,HEME OXYGENASE,-,Discontinued/ Pending,0,0,0.0687058418989181,0.0687058418989181,0.0662170052528381,0.0662170052528381,0.3349080558811468,0.3349080558811468,1.002538754437549,1.002538754437549,0.067636601626873,0.067636601626873,0.0669665038585662,0.0669665038585662,0.0698165446519851,0.0698165446519851,0.0,0.004720492711039129,0.1374116837978362,0.0687058418989181,0.0687058418989181,0.3349080558811468,0.11216340589408935,1.002538754437549,1.0050839541491923,0.0014767354040635988,1.0000000000000002,0,0,0
JNJ-63898081,CD3E,FOLH1,-,Discontinued/ Pending,0,0,0.736981987953186,0.0090145962312817,0.7350622415542603,0.0096290269866585,0.3243314437737325,0.1305335044641855,1.0024453429260909,0.9896957776031748,0.7345154881477356,0.0086952466517686,0.7241330146789551,0.009113504551351,0.7432199120521545,0.0089121675118803,0.7279673917219044,0.006643595051125286,0.7459965841844677,0.0090145962312817,0.736981987953186,0.1305335044641855,0.04233611996371424,0.9896957776031748,0.9921159231719188,0.0019427940738265155,0.9611883227561732,1,0,0
JS-206,IL2,PDCD1,-,Discontinued/ Pending,0,0,0.0080621941015124,0.0371215306222438,0.0065356437116861,0.0368414930999279,0.1242398973189801,0.2913144945871229,1.0270015567101565,1.003224697230778,0.008198375813663,0.0363958217203617,0.0080956323072314,0.0375192314386367,0.0074313762597739,0.0369100831449031,0.0290593365207314,0.00029928098522176585,0.045183724723756195,0.0080621941015124,0.0371215306222438,0.1242398973189801,0.03619288289503473,1.003224697230778,1.0303133257860844,0.0001801207809707264,0.9863848998758448,0,0,0
JS-209,PVRIG,TIGIT,-,Discontinued/ Pending,0,0,0.0028572061564773,0.1678885519504547,0.0033027096651494,0.1682288646697998,0.0507094080705659,0.3933687403676078,0.9916420101066008,0.9984405696292284,0.0029967548325657,0.1612036675214767,0.0025091727729886,0.1679251939058303,0.0027147831860929,0.1677955389022827,0.1650313457939774,0.00047969220423489824,0.17074575810693202,0.0028572061564773,0.1678885519504547,0.0507094080705659,0.019947495977505513,0.9916420101066008,0.9900956134391076,0.0002703317773971854,0.9974135871511285,0,0,0
KM-3907,CLDN1,CLDN3,-,Discontinued/ Pending,0,0,0.0935125946998596,0.7140579223632812,0.0914524942636489,0.7426677346229553,0.3808974805509936,0.4158910942839933,1.0145639032166578,0.9639069297133902,0.0912224575877189,0.733863353729248,0.0920582339167594,0.7320629954338074,0.09512709826231,0.7166479229927063,0.6205453276634216,0.06677340908618133,0.8075705170631409,0.0935125946998596,0.7140579223632812,0.3808974805509936,0.15841186999636878,0.9639069297133902,0.9779451769476017,0.005374481424805549,0.9992949969600873,0,0,0
KY-1049,F10,F8,-,Discontinued/ Pending,0,0,0.0115174204111099,0.0304990150034427,0.0102104898542165,0.0300034880638122,0.1595626203571792,0.2685499876544119,1.0217060276383356,1.006193816690033,0.0102945519611239,0.0287874788045883,0.0100366910919547,0.0299443714320659,0.0105574904009699,0.0307675432413816,0.0189815945923328,0.000351269977919398,0.0420164354145526,0.0115174204111099,0.0304990150034427,0.1595626203571792,0.042850539727026085,1.006193816690033,1.0280342874846293,0.0001919357434640509,0.9974253714611692,0,0,0
LQ-026,IL-17A,TNF-Α,-,Discontinued/ Pending,0,0,0.0687058418989181,0.0687058418989181,0.0662170052528381,0.0662170052528381,0.3349080558811468,0.3349080558811468,1.002538754437549,1.002538754437549,0.067636601626873,0.067636601626873,0.0669665038585662,0.0669665038585662,0.0698165446519851,0.0698165446519851,0.0,0.004720492711039129,0.1374116837978362,0.0687058418989181,0.0687058418989181,0.3349080558811468,0.11216340589408935,1.002538754437549,1.0050839541491923,0.0014767354040635988,1.0000000000000002,0,0,0
LY-3164530,EGFR,MET,-,Discontinued/ Pending,0,0,0.2500387728214264,0.2726970613002777,0.2226305454969406,0.2730317413806915,0.4410472192302643,0.4203732279753822,1.100532489030263,0.998963940574436,0.2356877774000167,0.2747542858123779,0.2406675368547439,0.2727423310279846,0.2502810657024383,0.2936901748180389,0.02265828847885132,0.06818483855953072,0.5227358341217041,0.2500387728214264,0.2726970613002777,0.4203732279753822,0.18540444323739225,0.998963940574436,1.0993922719718638,0.00641954144640202,0.9994485690962657,0,0,0
LY-3232094,IL-23P19,TNF-Α,-,Discontinued/ Pending,0,0,0.0687058418989181,0.0687058418989181,0.0662170052528381,0.0662170052528381,0.3349080558811468,0.3349080558811468,1.002538754437549,1.002538754437549,0.067636601626873,0.067636601626873,0.0669665038585662,0.0669665038585662,0.0698165446519851,0.0698165446519851,0.0,0.004720492711039129,0.1374116837978362,0.0687058418989181,0.0687058418989181,0.3349080558811468,0.11216340589408935,1.002538754437549,1.0050839541491923,0.0014767354040635988,1.0000000000000002,0,0,0
M-1231,EGFR,MUC1,-,Discontinued/ Pending,0,0,0.2500387728214264,1.539303183555603,0.2226305454969406,1.5285964012145996,0.4410472192302643,0.4046044839415069,1.100532489030263,1.0067824697514611,0.2356877774000167,1.5239663124084473,0.2406675368547439,1.52564799785614,0.2502810657024383,1.568705916404724,1.2892644107341766,0.38488547901635783,1.7893419563770294,0.2500387728214264,1.539303183555603,0.4046044839415069,0.17844968253049773,1.0067824697514611,1.107996817347611,0.014197062814158314,0.9995723126860359,0,0,0
MDX-260,CD64,GD2,-,Discontinued/ Pending,0,0,0.0687058418989181,0.0687058418989181,0.0662170052528381,0.0662170052528381,0.3349080558811468,0.3349080558811468,1.002538754437549,1.002538754437549,0.067636601626873,0.067636601626873,0.0669665038585662,0.0669665038585662,0.0698165446519851,0.0698165446519851,0.0,0.004720492711039129,0.1374116837978362,0.0687058418989181,0.0687058418989181,0.3349080558811468,0.11216340589408935,1.002538754437549,1.0050839541491923,0.0014767354040635988,1.0000000000000002,0,0,0
PMC-002,KDR,MET,-,Discontinued/ Pending,0,0,0.0352167263627052,0.2726970613002777,0.0358878932893276,0.2730317413806915,0.2848034510558337,0.4203732279753822,0.9921855467526552,0.998963940574436,0.0337561927735805,0.2747542858123779,0.0353888049721717,0.2727423310279846,0.0362793765962123,0.2936901748180389,0.2374803349375725,0.009603497787725727,0.30791378766298294,0.0352167263627052,0.2726970613002777,0.2848034510558337,0.11972374605886958,0.9921855467526552,0.9911575835650338,0.0015981890388121808,0.9987111917181484,0,0,1
PMC-002R,TEK,KDR,-,Discontinued/ Pending,0,0,0.0038760548923164,0.0352167263627052,0.0050238398835062,0.0358878932893276,0.0655580157836503,0.2848034510558337,0.979140223699039,0.9921855467526552,0.0040215519256889,0.0337561927735805,0.0051130312494933,0.0353888049721717,0.0044423723593354,0.0362793765962123,0.031340671470388805,0.00013650196450953143,0.0390927812550216,0.0038760548923164,0.0352167263627052,0.0655580157836503,0.01867114913955642,0.979140223699039,0.9714887781983481,6.059068333958231e-05,0.9339249472737093,0,0,1
PMC-122,CD47,CD274,-,Discontinued/ Pending,0,0,1.0568561553955078,0.0394914634525775,1.0716129541397097,0.039888359606266,0.2853614815892538,0.2958513039616033,0.9868432343887108,0.9955845656164276,1.0485692024230957,0.0397807545959949,1.054349660873413,0.0414723642170429,1.0603833198547363,0.0420105867087841,1.0173646919429302,0.04173679623543326,1.0963476188480854,0.0394914634525775,1.0568561553955078,0.2853614815892538,0.08442456642859579,0.9868432343887108,0.9824858928403951,0.012500538397842924,0.9996069715827993,0,0,0
PRS-332,LAG3,CD274,-,Discontinued/ Pending,0,0,0.0885069444775581,0.0394914634525775,0.0936155393719673,0.039888359606266,0.3563741201757921,0.2958513039616033,0.9644286759166234,0.9955845656164276,0.09308572858572,0.0397807545959949,0.089312344789505,0.0414723642170429,0.0903282389044761,0.0420105867087841,0.049015481024980594,0.0034952687631347916,0.1279984079301356,0.0394914634525775,0.0885069444775581,0.2958513039616033,0.10543374815217722,0.9644286759166234,0.9601703043804779,0.0019136643338377053,0.9975851139421342,0,1,0
Recombinant humanized bispecific antibody,FCGR3A,CD274,-,Discontinued/ Pending,0,0,1.1602472066879272,0.0394914634525775,1.13978374004364,0.039888359606266,0.3864865631973361,0.2958513039616033,1.0171993161072588,0.9955845656164276,1.136282444000244,0.0397807545959949,1.1368446350097656,0.0414723642170429,1.1213973760604858,0.0420105867087841,1.1207557432353497,0.04581986015887141,1.1997386701405048,0.0394914634525775,1.1602472066879272,0.2958513039616033,0.11434255368557049,0.9955845656164276,1.0127079392719724,0.006611821572180894,0.9997300363007812,0,0,0
RO-7040547,IL13,IL17A,-,Discontinued/ Pending,0,0,0.0022591862361878,0.0016611663158982,0.0022560763172805,0.0013489940902218,0.0413844849378975,0.0313236340045822,1.0000595130581256,1.0060794224153249,0.0021893389057368,0.0022359206341207,0.002272458281368,0.0009705290431156,0.0017001673113554,0.0020292319823056,0.0005980199202896001,3.7528840768960083e-06,0.003920352552086,0.0016611663158982,0.0022591862361878,0.0313236340045822,0.001296312459662846,1.0000595130581256,1.00613929727847,5.023468523984465e-07,0.500238817694424,0,0,0
Romilkimab,IL13,IL4,-,Discontinued/ Pending,0,0,0.0022591862361878,0.0011295931180939,0.0022560763172805,0.0010001163464039,0.0413844849378975,0.0216482299734621,1.0000595130581256,1.002538754437549,0.0021893389057368,0.0010713787050917,0.002272458281368,0.0014202863676473,0.0017001673113554,0.0012614143779501,0.0011295931180939,2.5519612248901993e-06,0.0033887793542817,0.0011295931180939,0.0022591862361878,0.0216482299734621,0.0008959008472688836,1.0000595130581256,1.002598418584715,1.5070405571953393e-06,0.9351805879715902,0,0,0
SL-188,PGF,MET,-,Discontinued/ Pending,0,0,0.0390484854578971,0.2726970613002777,0.047470636665821,0.2730317413806915,0.2820977222589978,0.4203732279753822,0.9135929394121092,0.998963940574436,0.0430880561470985,0.2747542858123779,0.0419694632291793,0.2727423310279846,0.0430251993238925,0.2936901748180389,0.2336485758423806,0.01064840723259517,0.3117455467581748,0.0390484854578971,0.2726970613002777,0.2820977222589978,0.11858633011051774,0.9135929394121092,0.9126464028361025,0.001098196937284349,0.9866868671493743,0,0,0
SSGJ-706,PDCD1,CD274,-,Discontinued/ Pending,0,0,0.0371215306222438,0.0394914634525775,0.0368414930999279,0.039888359606266,0.2913144945871229,0.2958513039616033,1.003224697230778,0.9955845656164276,0.0363958217203617,0.0397807545959949,0.0375192314386367,0.0414723642170429,0.0369100831449031,0.0420105867087841,0.0023699328303337028,0.0014659835698720774,0.0766129940748213,0.0371215306222438,0.0394914634525775,0.2913144945871229,0.08618577308651573,0.9955845656164276,0.9987950244081761,0.0008782484887757093,0.9986444433383105,0,1,0
Tepoditamab,CD3E,CLEC12A,-,Discontinued/ Pending,0,0,0.736981987953186,0.135684072971344,0.7350622415542603,0.1352715492248535,0.3243314437737325,0.3897719057153861,1.0024453429260909,1.0022265898256717,0.7345154881477356,0.1334254592657089,0.7241330146789551,0.1356846988201141,0.7432199120521545,0.1307757645845413,0.601297914981842,0.09999671783200625,0.87266606092453,0.135684072971344,0.736981987953186,0.3243314437737325,0.12641528492311033,1.0022265898256717,1.004677377527442,0.025780803489181117,0.9996197691538539,1,0,0
Tibulizumab,BAFF,IL-17,-,Discontinued/ Pending,0,0,0.0687058418989181,0.0687058418989181,0.0662170052528381,0.0662170052528381,0.3349080558811468,0.3349080558811468,1.002538754437549,1.002538754437549,0.067636601626873,0.067636601626873,0.0669665038585662,0.0669665038585662,0.0698165446519851,0.0698165446519851,0.0,0.004720492711039129,0.1374116837978362,0.0687058418989181,0.0687058418989181,0.3349080558811468,0.11216340589408935,1.002538754437549,1.0050839541491923,0.0014767354040635988,1.0000000000000002,0,0,0
TJ-L1T6,CD274,TIGIT,-,Discontinued/ Pending,0,0,0.0394914634525775,0.1678885519504547,0.039888359606266,0.1682288646697998,0.2958513039616033,0.3933687403676078,0.9955845656164276,0.9984405696292284,0.0397807545959949,0.1612036675214767,0.0414723642170429,0.1679251939058303,0.0420105867087841,0.1677955389022827,0.1283970884978772,0.006630164613457542,0.20738001540303222,0.0394914634525775,0.1678885519504547,0.2958513039616033,0.11637865477549016,0.9955845656164276,0.9940320208081339,0.0029268204245758924,0.9992437209586109,0,1,0
UCB-0159,IL-17A,TNF,-,Discontinued/ Pending,0,0,0.0687058418989181,0.0687058418989181,0.0662170052528381,0.0662170052528381,0.3349080558811468,0.3349080558811468,1.002538754437549,1.002538754437549,0.067636601626873,0.067636601626873,0.0669665038585662,0.0669665038585662,0.0698165446519851,0.0698165446519851,0.0,0.004720492711039129,0.1374116837978362,0.0687058418989181,0.0687058418989181,0.3349080558811468,0.11216340589408935,1.002538754437549,1.0050839541491923,0.0014767354040635988,1.0000000000000002,0,0,0
VHH1D12,CD1D,TCR,-,Discontinued/ Pending,0,0,0.0353717692196369,0.0687058418989181,0.0340272113680839,0.0662170052528381,0.2886416100806888,0.3349080558811468,1.0160014575000362,1.002538754437549,0.0354176051914691,0.067636601626873,0.0364303477108478,0.0669665038585662,0.0345517881214618,0.0698165446519851,0.03333407267928119,0.0024302471836893905,0.104077611118555,0.0353717692196369,0.0687058418989181,0.2886416100806888,0.09666840047852751,1.002538754437549,1.0185808357088206,0.0010188197571551186,0.9995007337908025,0,0,0
Vixtimotamab,CD3E,CD33,-,Discontinued/ Pending,0,0,0.736981987953186,0.1207557171583175,0.7350622415542603,0.1188045144081115,0.3243314437737325,0.3838881241508067,1.0024453429260909,1.0115589488648902,0.7345154881477356,0.1197304502129554,0.7241330146789551,0.1207243427634239,0.7432199120521545,0.1185455322265625,0.6162262707948686,0.08899478848804948,0.8577377051115035,0.1207557171583175,0.736981987953186,0.3243314437737325,0.12450698955342102,1.0024453429260909,1.0140325573848208,0.026445637963114145,0.99938230917256,1,0,0
YBL-004,PDCD1,CD274,-,Discontinued/ Pending,0,0,0.0371215306222438,0.0394914634525775,0.0368414930999279,0.039888359606266,0.2913144945871229,0.2958513039616033,1.003224697230778,0.9955845656164276,0.0363958217203617,0.0397807545959949,0.0375192314386367,0.0414723642170429,0.0369100831449031,0.0420105867087841,0.0023699328303337028,0.0014659835698720774,0.0766129940748213,0.0371215306222438,0.0394914634525775,0.2913144945871229,0.08618577308651573,0.9955845656164276,0.9987950244081761,0.0008782484887757093,0.9986444433383105,0,1,0
YH-006,CTLA4,TNFRSF4,-,Discontinued/ Pending,0,0,0.0449843853712081,0.1408004611730575,0.0441446676850318,0.1439702361822128,0.3134094143326692,0.3946843765455293,1.008919439696634,0.9836584464114504,0.044516559690237,0.145024299621582,0.043271392583847,0.1464078575372696,0.0453834980726242,0.1364795565605163,0.09581607580184939,0.006333822205852642,0.1857848465442656,0.0449843853712081,0.1408004611730575,0.3134094143326692,0.12369779929938902,0.9836584464114504,0.9924321286063019,0.0019885709213244476,0.9991018299649471,0,0,0
BVX130-mcMMAF,CD33,CD7,-,Discontinued/ Pending,0,0,0.1207557171583175,0.7220979332923889,0.1188045144081115,0.7145947217941284,0.3838881241508067,0.3423733102645238,1.0115589488648902,1.009813318460601,0.1197304502129554,0.7290964722633362,0.1207243427634239,0.702307939529419,0.1185455322265625,0.7172786593437195,0.6013422161340715,0.08719745379326133,0.8428536504507064,0.1207557171583175,0.7220979332923889,0.3423733102645238,0.13143304783675017,1.009813318460601,1.0214856989717722,0.02376735413433549,0.9985209314681034,0,0,0
Pasotuxizumab,CD3E,FOLH1,-,Discontinued/ Pending,0,0,0.736981987953186,0.0090145962312817,0.7350622415542603,0.0096290269866585,0.3243314437737325,0.1305335044641855,1.0024453429260909,0.9896957776031748,0.7345154881477356,0.0086952466517686,0.7241330146789551,0.009113504551351,0.7432199120521545,0.0089121675118803,0.7279673917219044,0.006643595051125286,0.7459965841844677,0.0090145962312817,0.736981987953186,0.1305335044641855,0.04233611996371424,0.9896957776031748,0.9921159231719188,0.0019427940738265155,0.9611883227561732,1,0,0
Inviable_Ctrl_1,TNFRSF17,CD37,Control Inviable Screen,Non-Viable Control,0,0,0.040244523435831,2.002502918243408,0.0402837544679641,1.998744010925293,0.3027197340691121,0.1982000460301713,0.9995654696421932,1.001834737428429,0.0414421670138835,2.003431558609009,0.0414013490080833,1.9776304960250852,0.0406943261623382,1.9664080142974851,1.9622583948075771,0.08058977562356681,2.0427474416792393,0.040244523435831,2.002502918243408,0.1982000460301713,0.059999065226739236,0.9995654696421932,1.001399409821511,0.010916813416253515,0.998312864139435,0,0,0
Inviable_Ctrl_2,AREG,ROR1,Control Inviable Screen,Non-Viable Control,0,0,1.4755144119262695,0.0114731220528483,1.3839516639709473,0.0120246540755033,0.4006539197840515,0.1544750715903064,1.0638534409882154,0.9911078581432534,1.4266881942749023,0.0121267642825841,1.526358127593994,0.0114569775760173,1.380371332168579,0.012367345392704,1.4640412898734212,0.016928756938766772,1.4869875339791179,0.0114731220528483,1.4755144119262695,0.1544750715903064,0.06189104294157824,0.9911078581432534,1.0543935052761602,0.0020636801155006746,0.9846216391172933,0,0,0
Inviable_Ctrl_3,FOLH1,ENPP3,Control Inviable Screen,Non-Viable Control,0,0,0.0090145962312817,0.0112073356285691,0.0096290269866585,0.0125130824744701,0.1305335044641855,0.1504619959047341,0.9896957776031748,0.9791124226447436,0.0086952466517686,0.0112572396174073,0.009113504551351,0.0122854774817824,0.0089121675118803,0.0112704634666442,0.0021927393972874,0.00010102960552000813,0.0202219318598508,0.0090145962312817,0.0112073356285691,0.1305335044641855,0.01964033161412087,0.9791124226447436,0.9690234304903179,5.7156181080166405e-05,0.9575216850513236,0,0,0
Inviable_Ctrl_4,EPCAM,CDH17,Control Inviable Screen,Non-Viable Control,0,0,1.3818910121917725,0.0132450331002473,1.3133620023727417,0.0152808465063571,0.4207297249094102,0.1679373217468908,1.050264720374901,0.9688145372638274,1.3389904499053955,0.0138813406229019,1.3404426574707031,0.013516392558813,1.4144569635391235,0.0136013384908437,1.368645979091525,0.018303192197414272,1.3951360452920198,0.0132450331002473,1.3818910121917725,0.1679373217468908,0.07065622318059248,0.9688145372638274,1.0175117290745328,0.000773972761628275,0.9621373166033,0,0,0
Inviable_Ctrl_5,CD4,NCR3LG1,Control Inviable Screen,Non-Viable Control,0,0,0.273560881614685,0.0121597377583384,0.267682284116745,0.0118385860696434,0.389176285183098,0.162486147336355,1.018504643764711,1.0051933866717662,0.2700805962085724,0.0115522565320134,0.2668481469154358,0.0122618060559034,0.2640469372272491,0.0107768671587109,0.2614011438563466,0.0033264285813744262,0.2857206193730234,0.0121597377583384,0.273560881614685,0.162486147336355,0.06323575521407616,1.0051933866717662,1.0237941322067705,0.0017858136258906124,0.9969621198843616,0,0,0
Inviable_Ctrl_6,PGF,CCR8,Control Inviable Screen,Non-Viable Control,0,0,0.0390484854578971,0.000531573256012,0.047470636665821,0.0005814629839733,0.2820977222589978,0.0103943911797954,0.9135929394121092,0.999013675662622,0.0430880561470985,0.0006366163142956,0.0419694632291793,0.0003787430468946,0.0430251993238925,0.0007129733567126,0.038516912201885106,2.07571305571916e-05,0.0395800587139091,0.000531573256012,0.0390484854578971,0.0103943911797954,0.0029322340760892995,0.9135929394121092,0.9126918404615103,7.240858927149509e-06,0.9070022384555324,0,0,0
Inviable_Ctrl_7,STAT3,IL17F,Control Inviable Screen,Non-Viable Control,0,0,0.6194157004356384,0.0003986799274571,0.602302610874176,0.0003953948034904,0.3110132995145169,0.007847667678513,1.026234893554279,1.000065186987411,0.6069592833518982,0.0001397450396325,0.6087584495544434,0.0005207716603763,0.6130200028419495,0.00041133078048,0.6190170205081813,0.0002469486065154691,0.6198143803630956,0.0003986799274571,0.6194157004356384,0.007847667678513,0.0024407290181877573,1.000065186987411,1.026301790715366,4.918485881002788e-05,0.8181062336203146,0,0,0
Inviable_Ctrl_8,BIRC5,ALB,Control Inviable Screen,Non-Viable Control,0,0,0.117566280066967,0.0072426851838827,0.1190603524446487,0.0080474475398659,0.3956046357699982,0.1106753489979695,0.9911624910508164,0.9861361284588688,0.116562895476818,0.0088660465553402,0.1143803969025611,0.0076932180672883,0.1125126853585243,0.0068280911073088,0.1103235948830843,0.0008514955547652259,0.1248089652508497,0.0072426851838827,0.117566280066967,0.1106753489979695,0.043783681129059164,0.9861361284588688,0.9774211415985002,7.142744307540273e-05,0.8682420523504079,0,0,0
Inviable_Ctrl_9,CD37,DLL4,Control Inviable Screen,Non-Viable Control,0,0,2.002502918243408,0.0069326008670032,1.998744010925293,0.0074427258223295,0.1982000460301713,0.107006552796355,1.001834737428429,0.9911194159395544,2.003431558609009,0.0075928140431642,1.9776304960250852,0.00714877480641,1.9664080142974851,0.0075410646386444,1.995570317376405,0.01388255346719069,2.0094355191104114,0.0069326008670032,2.002502918243408,0.107006552796355,0.021208703689767516,0.9911194159395544,0.9929378598280215,0.003559253035956115,0.9994271280415153,0,0,0
Inviable_Ctrl_10,ERBB3,IL5RA,Control Inviable Screen,Non-Viable Control,0,0,0.2228399366140365,0.0073312809690833,0.2218862622976303,0.0075590186752378,0.4077920779026814,0.1122990291774831,1.003507622298924,0.9960434053360164,0.2227225452661514,0.0066145989112555,0.2285714298486709,0.0076222037896513,0.2277127206325531,0.0069377794861793,0.2155086556449532,0.0016337021864502145,0.2301712175831198,0.0073312809690833,0.2228399366140365,0.1122990291774831,0.04579465445473968,0.9960434053360164,0.9995371493952694,0.0005213565599477072,0.9967354764308711,0,0,0
Inviable_Ctrl_11,TEK,ALB,Control Inviable Screen,Non-Viable Control,0,0,0.0038760548923164,0.0072426851838827,0.0050238398835062,0.0080474475398659,0.0655580157836503,0.1106753489979695,0.979140223699039,0.9861361284588688,0.0040215519256889,0.0088660465553402,0.0051130312494933,0.0076932180672883,0.0044423723593354,0.0068280911073088,0.0033666302915663004,2.8073045340496044e-05,0.011118740076199101,0.0038760548923164,0.0072426851838827,0.0655580157836503,0.00725565627646989,0.979140223699039,0.965565549416921,6.160616965253452e-06,0.7299073467789757,0,0,1
Inviable_Ctrl_12,PVRIG,DLL3,Control Inviable Screen,Non-Viable Control,0,0,0.0028572061564773,0.0083279805257916,0.0033027096651494,0.0079311551526188,0.0507094080705659,0.1248928920695039,0.9916420101066008,1.006849947530432,0.0029967548325657,0.0088349925354123,0.0025091727729886,0.008379690349102,0.0027147831860929,0.008308881893754,0.0054707743693143,2.379475722931482e-05,0.0111851866822689,0.0028572061564773,0.0083279805257916,0.0507094080705659,0.0063332446290656165,0.9916420101066008,0.9984347058448031,1.8566229468624286e-05,0.9958469933396402,0,0,0
Inviable_Ctrl_13,TNFRSF8,NTRK2,Control Inviable Screen,Non-Viable Control,0,0,0.0062902830541133,0.0101884873583912,0.0060006976127624,0.0101639721542596,0.1004913669723465,0.1438572902765215,1.0051711041771905,1.00040747316465,0.0070027792826294,0.009440554305911,0.0056338026188313,0.0099420053884387,0.006279650144279,0.010502646677196,0.0038982043042779004,6.408846937753574e-05,0.0164787704125045,0.0062902830541133,0.0101884873583912,0.1004913669723465,0.014456415748825295,1.00040747316465,1.0055806844280242,3.6239615898806676e-05,0.9841523912995128,0,0,0
Inviable_Ctrl_14,PGF,IL17A,Control Inviable Screen,Non-Viable Control,0,0,0.0390484854578971,0.0016611663158982,0.047470636665821,0.0013489940902218,0.2820977222589978,0.0313236340045822,0.9135929394121092,1.0060794224153249,0.0430880561470985,0.0022359206341207,0.0419694632291793,0.0009705290431156,0.0430251993238925,0.0020292319823056,0.0373873191419989,6.486602872949937e-05,0.040709651773795305,0.0016611663158982,0.0390484854578971,0.0313236340045822,0.00883632580556713,0.9135929394121092,0.9191470568064537,4.827239284766339e-06,0.6309667952916874,0,0,0
Inviable_Ctrl_15,ENTPD1,IL2,Control Inviable Screen,Non-Viable Control,0,0,0.1274003833532333,0.0080621941015124,0.1273171305656433,0.0065356437116861,0.3819095345732655,0.1242398973189801,1.0004695135056858,1.0270015567101565,0.121500551700592,0.008198375813663,0.1275417208671569,0.0080956323072314,0.1256752610206604,0.0074313762597739,0.1193381892517209,0.0010271266192008561,0.13546257745474571,0.0080621941015124,0.1274003833532333,0.1242398973189801,0.04744840136052198,1.0004695135056858,1.0274837478113923,0.0005416074174350192,0.9902210321653803,0,0,0
Inviable_Ctrl_16,SSTR2,FAP,Control Inviable Screen,Non-Viable Control,0,0,0.008195087313652,0.0157035589218139,0.0078613795340061,0.0169089436531066,0.1232683363971403,0.188207968448754,1.0057673664598643,0.9819846994216184,0.0082294307649135,0.0173749662935733,0.0080009466037154,0.0155284646898508,0.0068006692454218,0.0191131699830293,0.0075084716081618985,0.00012869203649934377,0.0238986462354659,0.008195087313652,0.0157035589218139,0.1232683363971403,0.023200083167363376,0.9819846994216184,0.9876481650411626,6.352676333138345e-05,0.9912733778595663,0,0,0
Inviable_Ctrl_17,ACVRL1,SIGLEC15,Control Inviable Screen,Non-Viable Control,0,0,0.0710757747292518,0.0089481491595506,0.0739853456616401,0.0062100244686007,0.3463169995395732,0.1366972210322077,0.9765329449471504,1.0487123910162937,0.0702917575836181,0.0073909601196646,0.0703751891851425,0.008498047478497,0.0736282095313072,0.0073765320703387,0.06212762556970121,0.0006359966339079623,0.0800239238888024,0.0089481491595506,0.0710757747292518,0.1366972210322077,0.047340571433272007,0.9765329449471504,1.0241021996017088,0.00022653880750777655,0.9949539144961232,0,0,0
Inviable_Ctrl_18,CLDN1,NTRK2,Control Inviable Screen,Non-Viable Control,0,0,0.0935125946998596,0.0101884873583912,0.0914524942636489,0.0101639721542596,0.3808974805509936,0.1438572902765215,1.0145639032166578,1.00040747316465,0.0912224575877189,0.009440554305911,0.0920582339167594,0.0099420053884387,0.09512709826231,0.010502646677196,0.0833241073414684,0.0009527518889498795,0.1037010820582508,0.0101884873583912,0.0935125946998596,0.1438572902765215,0.05479487942521999,1.00040747316465,1.0149773107810411,0.00031296405133662613,0.9768972072740845,0,0,0
Inviable_Ctrl_19,KLK2,GIPR,Control Inviable Screen,Non-Viable Control,0,0,0.0004651265917345,0.0093025313690304,0.0006512385443784,0.0089312708005309,0.0090936532811131,0.1352011678957059,0.9963256189188586,1.0062998907618368,0.0005589801585301,0.0088660465553402,0.0007338146679103,0.009184518828988,0.0005210189847275,0.0087202126160264,0.0088374047772959,4.326854710180382e-06,0.009767657960764899,0.0004651265917345,0.0093025313690304,0.0090936532811131,0.0012294725440451092,0.9963256189188586,1.002602361481267,3.863263147106802e-06,0.9713456395085719,0,0,0
Inviable_Ctrl_20,FOLR1,CDH19,Control Inviable Screen,Non-Viable Control,0,0,0.3427318334579468,0.0022591862361878,0.3417839407920837,0.0020467496942728,0.4228079695956087,0.0415585184792733,1.0024194270544795,1.0040816485786876,0.3401549756526947,0.0012887598713859,0.3402532935142517,0.0020830866415053,0.3510022759437561,0.0016727452166378,0.34047264722175896,0.0007742950408516027,0.3449910196941346,0.0022591862361878,0.3427318334579468,0.0415585184792733,0.017571272817623124,1.0024194270544795,1.0065109508841652,0.00011817758759982878,0.8854008129708562,0,0,0
Inviable_Ctrl_21,ENPP3,WT1,Control Inviable Screen,Non-Viable Control,0,0,0.0112073356285691,0.0024806750006973,0.0125130824744701,0.0020002326928079,0.1504619959047341,0.0454842081684382,0.9791124226447436,1.009239233807427,0.0112572396174073,0.0021738116629421,0.0122854774817824,0.002296129707247,0.0112704634666442,0.0025228287559002,0.0087266606278718,2.780175731821553e-05,0.0136880106292664,0.0024806750006973,0.0112073356285691,0.0454842081684382,0.006843644743169622,0.9791124226447436,0.9881586712413146,1.2822109063611095e-05,0.9777090870146475,0,0,0
Inviable_Ctrl_22,IGF2,CD248,Control Inviable Screen,Non-Viable Control,0,0,0.1870694756507873,0.019247381016612,0.1957902014255523,0.0208396334201097,0.4215968282741453,0.2116555818642764,0.96451963616049,0.977523141684614,0.1827088743448257,0.0219399724155664,0.1821517348289489,0.0186530947685241,0.1817259490489959,0.0214440450072288,0.1678220946341753,0.0036005974744285243,0.2063168566673993,0.019247381016612,0.1870694756507873,0.2116555818642764,0.08923332200049765,0.96451963616049,0.942840264956103,0.00023297463598103725,0.9980782185896626,0,0,0
Inviable_Ctrl_23,CD37,GUCY2C,Control Inviable Screen,Non-Viable Control,0,0,2.002502918243408,0.0042082881554961,1.998744010925293,0.0047679962590336,0.1982000460301713,0.0710386114433816,1.001834737428429,0.9897803801166956,2.003431558609009,0.0044873687438666,1.9776304960250852,0.004473902285099,1.9664080142974851,0.0046891709789633,1.998294630087912,0.00842710931219011,2.0067112063989043,0.0042082881554961,2.002502918243408,0.0710386114433816,0.014079856057997686,0.9897803801166956,0.9915963672260204,0.002363981494030554,0.9991203546433366,0,0,0
Inviable_Ctrl_24,CD38,GLP1R,Control Inviable Screen,Non-Viable Control,0,0,0.1074885353446006,4.429776890901849e-05,0.1087568327784538,4.651703784475103e-05,0.37467679369076,0.000884308000957,0.9920110686787064,0.9999556558764308,0.1058180555701255,6.210890569491312e-05,0.1106639802455902,2.367144043091685e-05,0.109743058681488,2.742205288086552e-05,0.10744423757569158,4.761502299063983e-06,0.10753283311350961,4.429776890901849e-05,0.1074885353446006,0.000884308000957,0.0003313296864336543,0.9920110686787064,0.9919670788172948,3.1808759677261377e-06,0.8099653529568593,0,0,0
Inviable_Ctrl_25,IL13,LY6G6D,Control Inviable Screen,Non-Viable Control,0,0,0.0022591862361878,4.429776890901849e-05,0.0022560763172805,0.0,0.0413844849378975,0.000885171156034,1.0000595130581256,1.0008859553781804,0.0021893389057368,1.552722642372828e-05,0.002272458281368,0.0,0.0017001673113554,2.742205288086552e-05,0.0022148884672787816,1.0007690981308243e-07,0.0023034840050968185,4.429776890901849e-05,0.0022591862361878,0.000885171156034,3.663235237435039e-05,1.0000595130581256,1.0009455211622198,6.27933565498062e-08,0.5364369851195364,0,0,0
Inviable_Ctrl_26,FCGRT,TEK,Control Inviable Screen,Non-Viable Control,0,0,1.6746107339859009,0.0038760548923164,1.662007212638855,0.0050238398835062,0.3213105791088368,0.0655580157836503,1.0073618389303507,0.979140223699039,1.6727015972137451,0.0040215519256889,1.6685998439788818,0.0051130312494933,1.6905969381332395,0.0044423723593354,1.6707346790935844,0.006490883128191609,1.6784867888782173,0.0038760548923164,1.6746107339859009,0.0655580157836503,0.02106448401667094,0.979140223699039,0.9863484963161389,0.0010705256711159982,0.9506857413307087,0,0,1
Inviable_Ctrl_27,CCR2,PVRIG,Control Inviable Screen,Non-Viable Control,0,0,0.0157700050622224,0.0028572061564773,0.0145133156329393,0.0033027096651494,0.1940582738543504,0.0507094080705659,1.019479535611428,0.9916420101066008,0.0149993011727929,0.0029967548325657,0.0151497218757867,0.0025091727729886,0.0156854148954153,0.0027147831860929,0.0129127989057451,4.505815555146003e-05,0.018627211218699702,0.0028572061564773,0.0157700050622224,0.0507094080705659,0.009840580198349883,0.9916420101066008,1.0109587359562602,3.812930347247672e-05,0.9972726028607299,0,0,0
Inviable_Ctrl_28,LILRB4,KLK2,Control Inviable Screen,Non-Viable Control,0,0,0.31451416015625,0.0004651265917345,0.2935690283775329,0.0006512385443784,0.4318717868322566,0.0090936532811131,1.060963387409011,0.9963256189188586,0.3094576299190521,0.0005589801585301,0.3013374507427215,0.0007338146679103,0.2976938188076019,0.0005210189847275,0.3140490335645155,0.00014628889936571524,0.3149792867479845,0.0004651265917345,0.31451416015625,0.0090936532811131,0.003927292291347327,0.9963256189188586,1.0570650036105316,4.593677432786459e-05,0.9878963648967732,0,0,0
Inviable_Ctrl_29,CD7,VEGFC,Control Inviable Screen,Non-Viable Control,0,0,0.7220979332923889,0.0062902830541133,0.7145947217941284,0.0062798000872135,0.3423733102645238,0.1000314202844103,1.009813318460601,1.0001862651765576,0.7290964722633362,0.0063506360165774,0.702307939529419,0.0059652030467987,0.7172786593437195,0.0068829352967441,0.7158076502382756,0.0045422003931993495,0.7283882163465022,0.0062902830541133,0.7220979332923889,0.1000314202844103,0.034248088493235386,1.0001862651765576,1.0100014115166545,0.0014937582905657557,0.9952341314348072,0,0,0
Inviable_Ctrl_30,IL2RB,CCR8,Control Inviable Screen,Non-Viable Control,0,0,0.1296374201774597,0.000531573256012,0.1308059096336364,0.0005814629839733,0.3787478317425629,0.0103943911797954,0.9935373270788304,0.999013675662622,0.1284101605415344,0.0006366163142956,0.1265711933374405,0.0003787430468946,0.1269092559814453,0.0007129733567126,0.1291058469214477,6.8911785544728e-05,0.13016899343347169,0.000531573256012,0.1296374201774597,0.0103943911797954,0.0039368531216315275,0.9935373270788304,0.992557377033039,4.994426596580206e-05,0.9673423177111299,0,0,0
Inviable_Ctrl_31,PSCA,FCAR,Control Inviable Screen,Non-Viable Control,0,0,0.0952623561024665,0.0024585262872278,0.104012094438076,0.0030701244249939,0.3744611340804747,0.0441523724416926,0.9431879790510383,0.9884756603759142,0.0856016054749488,0.00284148263745,0.0884838476777076,0.0025801870506256,0.0898072198033332,0.0025776729453355,0.0928038298152387,0.00023420500666116953,0.0977208823896943,0.0024585262872278,0.0952623561024665,0.0441523724416926,0.01653334745685971,0.9431879790510383,0.9323183604510991,4.990894470274277e-05,0.90888272463824,0,0,0
Inviable_Ctrl_32,TMEFF2,MAGEA4,Control Inviable Screen,Non-Viable Control,0,0,0.0032115883659571,0.0027021639980375,0.0038376555312424,0.0015350622124969,0.0561706335135108,0.0497876013414117,0.98837120303424,1.0226467522388585,0.0028104281518608,0.001925376127474,0.0038111018948256,0.0015859864652156,0.0033454904332756,0.0018646996468305,0.0005094243679196002,8.678238459005358e-06,0.0059137523639946,0.0027021639980375,0.0032115883659571,0.0497876013414117,0.0027966011084652152,0.98837120303424,1.0107546007893788,1.6964017730408053e-06,0.9707219800374085,0,0,0
Inviable_Ctrl_33,IL18,LGR5,Control Inviable Screen,Non-Viable Control,0,0,0.2543577849864959,0.0043190326541662,0.248424232006073,0.0034190022852271,0.3971373401919772,0.0746473580480634,1.0198829463027728,1.0168485057832677,0.2455630898475647,0.0030743910465389,0.2574979364871979,0.0026512013282626,0.2562590837478637,0.0032906462438404,0.2500387523323297,0.001098579579198061,0.25867681764066214,0.0043190326541662,0.2543577849864959,0.0746473580480634,0.02964525322756608,1.0168485057832677,1.0370664500218112,0.0003230806497645177,0.9692947157925093,0,0,0
Inviable_Ctrl_34,CXCR4,PDCD1LG2,Control Inviable Screen,Non-Viable Control,0,0,2.8377373218536377,0.0225032661110162,2.7688567638397217,0.0231887437403202,0.2273407793972287,0.230530768326318,1.0244356360697413,0.9906341112817012,2.8197133541107178,0.0224057883024215,2.782909154891968,0.0228192694485187,2.804206609725952,0.0245427377521991,2.8152340557426214,0.06385835810683484,2.860240587964654,0.0225032661110162,2.8377373218536377,0.2273407793972287,0.052409044546347094,0.9906341112817012,1.0148408859032525,0.01076756930607376,0.998060528331718,0,0,0
Inviable_Ctrl_35,CD248,ANGPT1,Control Inviable Screen,Non-Viable Control,0,0,0.019247381016612,0.0075527695007622,0.0208396334201097,0.0088149784132838,0.2116555818642764,0.113134795847933,0.977523141684614,0.9785393288142988,0.0219399724155664,0.0088194645941257,0.0186530947685241,0.006746360566467,0.0214440450072288,0.0076781748794019,0.011694611515849801,0.00014537103231181646,0.0268001505173742,0.0075527695007622,0.019247381016612,0.113134795847933,0.023945611044290382,0.977523141684614,0.9565448389645069,5.135122961099615e-05,0.9682321432651493,0,0,1
Inviable_Ctrl_36,TNFSF11,EDNRA,Control Inviable Screen,Non-Viable Control,0,0,0.003100843867287,0.0167224071919918,0.0032794510480016,0.0172578208148479,0.0548477724334817,0.1966731832239243,0.99664772858576,0.9920393849165874,0.0032296632416546,0.0171110033988952,0.0030062729492783,0.017516866326332,0.0032358022872358,0.0186195746064186,0.0136215633247048,5.185357378756379e-05,0.019823251059278797,0.003100843867287,0.0167224071919918,0.0548477724334817,0.01078708599723425,0.9920393849165874,0.9887137996447313,3.120829820525349e-05,0.9908340793652961,0,0,0
Inviable_Ctrl_37,GPA33,CCR8,Control Inviable Screen,Non-Viable Control,0,0,0.0392256751656532,0.000531573256012,0.0420746617019176,0.0005814629839733,0.2898954128109565,0.0103943911797954,0.969057865827542,0.999013675662622,0.0412247888743877,0.0006366163142956,0.0384424179792404,0.0003787430468946,0.0385554060339927,0.0007129733567126,0.038694101909641204,2.0851319867075322e-05,0.0397572484216652,0.000531573256012,0.0392256751656532,0.0103943911797954,0.0030132863219853524,0.969057865827542,0.9681020604701488,1.504685806324727e-05,0.96368078671102,0,0,0
Inviable_Ctrl_38,ERBB3,TNFSF11,Control Inviable Screen,Non-Viable Control,0,0,0.2228399366140365,0.003100843867287,0.2218862622976303,0.0032794510480016,0.4077920779026814,0.0548477724334817,1.003507622298924,0.99664772858576,0.2227225452661514,0.0032296632416546,0.2285714298486709,0.0030062729492783,0.2277127206325531,0.0032358022872358,0.2197390927467495,0.0006909918508362588,0.22594078048132352,0.003100843867287,0.2228399366140365,0.0548477724334817,0.02236648708898291,0.99664772858576,1.0001435923827195,0.0002335677388565728,0.9992519043959593,0,0,0
Inviable_Ctrl_39,FOLR1,IL31,Control Inviable Screen,Non-Viable Control,0,0,0.3427318334579468,6.644665700150654e-05,0.3417839407920837,6.977555312914774e-05,0.4228079695956087,0.0013252298980694,1.0024194270544795,0.999933514858198,0.3401549756526947,4.658168109017424e-05,0.3402532935142517,2.367144043091685e-05,0.3510022759437561,2.742205288086552e-05,0.34266538680094527,2.2773384581277652e-05,0.3427982801149483,6.644665700150654e-05,0.3427318334579468,0.0013252298980694,0.0005603177624501184,0.999933514858198,1.0023527810567268,6.009029877957662e-06,0.6337660646418076,0,0,0
Inviable_Ctrl_40,TNFRSF13B,TMEFF2,Control Inviable Screen,Non-Viable Control,0,0,0.0646525919437408,0.0032115883659571,0.056936852633953,0.0038376555312424,0.3628613371481914,0.0561706335135108,1.0721522947397646,0.98837120303424,0.0620933808386325,0.0028104281518608,0.0570245012640953,0.0038111018948256,0.0596978105604648,0.0033454904332756,0.061441003577783704,0.0002076375121154897,0.0678641803096979,0.0032115883659571,0.0646525919437408,0.0561706335135108,0.02038215118517354,0.98837120303424,1.0596844533878622,8.124871649827056e-05,0.9875099104752761,0,0,0
Inviable_Ctrl_41,IL2,CXCR4,Control Inviable Screen,Non-Viable Control,0,0,0.0080621941015124,2.8377373218536377,0.0065356437116861,2.7688567638397217,0.1242398973189801,0.2273407793972287,1.0270015567101565,1.0244356360697413,0.008198375813663,2.8197133541107178,0.0080956323072314,2.782909154891968,0.0074313762597739,2.804206609725952,2.8296751277521253,0.02287838909788999,2.84579951595515,0.0080621941015124,2.8377373218536377,0.1242398973189801,0.028244795088728597,1.0244356360697413,1.0520969929929835,0.003450516527628164,0.9755185366289296,0,0,0
Inviable_Ctrl_42,IL23A,GLP1R,Control Inviable Screen,Non-Viable Control,0,0,0.0366342552006244,4.429776890901849e-05,0.035352949053049,4.651703784475103e-05,0.2915603002620152,0.000884308000957,1.015011855615897,0.9999556558764308,0.0357436761260032,6.210890569491312e-05,0.0351284183561801,2.367144043091685e-05,0.0358132012188434,2.742205288086552e-05,0.03658995743171538,1.622815771031268e-06,0.036678552969533415,4.429776890901849e-05,0.0366342552006244,0.000884308000957,0.0002578291062831253,0.9999556558764308,1.0149668458047472,1.3441702886442933e-06,0.8535687270180388,0,0,0
Inviable_Ctrl_43,EDNRA,NCR1,Control Inviable Screen,Non-Viable Control,0,0,0.0167224071919918,0.0108751021325588,0.0172578208148479,0.0109082451090216,0.1966731832239243,0.1499591243178454,0.9920393849165874,0.999455854024303,0.0171110033988952,0.0098287351429462,0.017516866326332,0.0113386195152997,0.0186195746064186,0.0106123341247439,0.005847305059432999,0.00018185788611514662,0.0275975093245506,0.0108751021325588,0.0167224071919918,0.1499591243178454,0.029492938333062848,0.9920393849165874,0.9914995706775521,0.00012734100249822247,0.9791853845061983,0,0,0
Inviable_Ctrl_44,FCRL5,NTRK2,Control Inviable Screen,Non-Viable Control,0,0,0.0355046615004539,0.0101884873583912,0.0299569722265005,0.0101639721542596,0.3018230942293281,0.1438572902765215,1.0693834336077417,1.00040747316465,0.033150628209114,0.009440554305911,0.0318617597222328,0.0099420053884387,0.033180683851242,0.010502646677196,0.0253161741420627,0.0003617387948613333,0.0456931488588451,0.0101884873583912,0.0355046615004539,0.1438572902765215,0.04341945247870636,1.00040747316465,1.069819178659658,0.0001459121376978276,0.9890185369028963,0,0,0
Inviable_Ctrl_45,TRDV2,MUC17,Control Inviable Screen,Non-Viable Control,0,0,0.0,0.000221488851821,9.303407568950206e-05,0.0002558437117841,0.0,0.0043867647921779,0.998142774191938,0.9993164006924232,6.210890569491312e-05,0.0003260717785451,7.101432129275054e-05,0.0002603858301881,0.0001645323209231,0.0002742205397225,0.000221488851821,0.0,0.000221488851821,0.0,0.000221488851821,0.0,0.0,0.998142774191938,0.9974604444826376,0.0,0.9101010038361069,0,0,0
Inviable_Ctrl_46,CD27,LY6G6D,Control Inviable Screen,Non-Viable Control,0,0,0.3675386011600494,4.429776890901849e-05,0.3589021861553192,0.0,0.3843166406304593,0.000885171156034,1.0211209802665366,1.0008859553781804,0.3574988842010498,1.552722642372828e-05,0.3622913956642151,0.0,0.3672909736633301,2.742205288086552e-05,0.36749430339114036,1.628114001933178e-05,0.3675828989289584,4.429776890901849e-05,0.3675386011600494,0.000885171156034,0.000340186005069967,1.0008859553781804,1.0220256478907765,8.614463601676587e-06,0.6319546871286434,1,0,0
Inviable_Ctrl_47,TNFRSF13B,CXCR4,Control Inviable Screen,Non-Viable Control,0,0,0.0646525919437408,2.8377373218536377,0.056936852633953,2.7688567638397217,0.3628613371481914,0.2273407793972287,1.0721522947397646,1.0244356360697413,0.0620933808386325,2.8197133541107178,0.0570245012640953,2.782909154891968,0.0596978105604648,2.804206609725952,2.773084729909897,0.1834670731133271,2.9023899137973785,0.0646525919437408,2.8377373218536377,0.2273407793972287,0.08249317920039041,1.0244356360697413,1.0983510180253635,0.022269291064834364,0.9987049687924161,0,0,0
Inviable_Ctrl_48,NTRK2,PVRIG,Control Inviable Screen,Non-Viable Control,0,0,0.0101884873583912,0.0028572061564773,0.0101639721542596,0.0033027096651494,0.1438572902765215,0.0507094080705659,1.00040747316465,0.9916420101066008,0.009440554305911,0.0029967548325657,0.0099420053884387,0.0025091727729886,0.010502646677196,0.0027147831860929,0.0073312812019139,2.911060880558648e-05,0.013045693514868499,0.0028572061564773,0.0101884873583912,0.0507094080705659,0.007294918036557981,0.9916420101066008,0.9920460776146588,2.018610183837003e-05,0.9725572117721545,0,0,0
Inviable_Ctrl_49,FAP,CXCR4,Control Inviable Screen,Non-Viable Control,0,0,0.0157035589218139,2.8377373218536377,0.0169089436531066,2.7688567638397217,0.188207968448754,0.2273407793972287,0.9819846994216184,1.0244356360697413,0.0173749662935733,2.8197133541107178,0.0155284646898508,2.782909154891968,0.0191131699830293,2.804206609725952,2.8220337629318237,0.04456257523835897,2.8534408807754517,0.0157035589218139,2.8377373218536377,0.188207968448754,0.04278734623590876,0.9819846994216184,1.0059801201627394,0.005444964024094117,0.9829778482432358,0,0,0
Inviable_Ctrl_50,LRP5,GUCY2C,Control Inviable Screen,Non-Viable Control,0,0,0.0797802805900573,0.0042082881554961,0.078381210565567,0.0047679962590336,0.3636682982689544,0.0710386114433816,1.010897778719541,0.9897803801166956,0.0814403071999549,0.0044873687438666,0.0770742073655128,0.004473902285099,0.0812241211533546,0.0046891709789633,0.0755719924345612,0.00033573840984929353,0.08398856874555341,0.0042082881554961,0.0797802805900573,0.0710386114433816,0.02583449093500406,0.9897803801166956,1.0005667876801505,0.0002072151331757719,0.9984873113069153,0,0,0
Inviable_Ctrl_51,FLT3,VEGFC,Control Inviable Screen,Non-Viable Control,0,0,0.008770958520472,0.0062902830541133,0.0083498079329729,0.0062798000872135,0.1298354461491612,0.1000314202844103,1.0072176859259403,1.0001862651765576,0.0090989554300904,0.0063506360165774,0.008734761737287,0.0059652030467987,0.0079523948952555,0.0068829352967441,0.0024806754663587,5.517181174965568e-05,0.015061241574585299,0.0062902830541133,0.008770958520472,0.1000314202844103,0.012987624081560664,1.0001862651765576,1.0074052955060413,3.3334442012181735e-05,0.9725443873710099,0,0,0
Inviable_Ctrl_52,TNFRSF17,NTRK2,Control Inviable Screen,Non-Viable Control,0,0,0.040244523435831,0.0101884873583912,0.0402837544679641,0.0101639721542596,0.3027197340691121,0.1438572902765215,0.9995654696421932,1.00040747316465,0.0414421670138835,0.009440554305911,0.0414013490080833,0.0099420053884387,0.0406943261623382,0.010502646677196,0.0300560360774398,0.00041003081827044254,0.0504330107942222,0.0101884873583912,0.040244523435831,0.1438572902765215,0.043548440656411655,0.9995654696421932,0.9999727657473831,0.00013065335205622477,0.9845285819947052,0,0,0
Inviable_Ctrl_53,PTK7,EDNRA,Control Inviable Screen,Non-Viable Control,0,0,0.0806883871555328,0.0167224071919918,0.0815211087465286,0.0172578208148479,0.3608181959242394,0.1966731832239243,0.9936685327630514,0.9920393849165874,0.0824806317687034,0.0171110033988952,0.0831814408302307,0.017516866326332,0.0777415186166763,0.0186195746064186,0.063965979963541,0.0013493040656799003,0.09741079434752459,0.0167224071919918,0.0806883871555328,0.1966731832239243,0.07096326315753375,0.9920393849165874,0.9857583200532254,0.0006431138594439774,0.9891266641749906,0,0,0
Inviable_Ctrl_54,TSLP,FOLH1,Control Inviable Screen,Non-Viable Control,0,0,0.0077521097846329,0.0090145962312817,0.0073264334350824,0.0096290269866585,0.1183740140335872,0.1305335044641855,1.0074254811270011,0.9896957776031748,0.0076393955387175,0.0086952466517686,0.0079772751778364,0.009113504551351,0.0084734139963984,0.0089121675118803,0.0012624864466487997,6.988213964903373e-05,0.016766706015914602,0.0077521097846329,0.0090145962312817,0.1183740140335872,0.015451774889296811,0.9896957776031748,0.99704474492124,3.677090656398919e-05,0.9392169960198867,0,0,0
Inviable_Ctrl_55,CD1D,EDNRA,Control Inviable Screen,Non-Viable Control,0,0,0.0353717692196369,0.0167224071919918,0.0340272113680839,0.0172578208148479,0.2886416100806888,0.1966731832239243,1.0160014575000362,0.9920393849165874,0.0354176051914691,0.0171110033988952,0.0364303477108478,0.017516866326332,0.0345517881214618,0.0186195746064186,0.018649362027645104,0.0005915011279919303,0.0520941764116287,0.0167224071919918,0.0353717692196369,0.1966731832239243,0.056768064265447817,0.9920393849165874,1.0079134609726923,0.00033353868706864853,0.9853204961486399,0,0,0
Inviable_Ctrl_56,BIRC5,TEK,Control Inviable Screen,Non-Viable Control,0,0,0.117566280066967,0.0038760548923164,0.1190603524446487,0.0050238398835062,0.3956046357699982,0.0655580157836503,0.9911624910508164,0.979140223699039,0.116562895476818,0.0040215519256889,0.1143803969025611,0.0051130312494933,0.1125126853585243,0.0044423723593354,0.11369022517465059,0.00045569335502500746,0.1214423349592834,0.0038760548923164,0.117566280066967,0.0655580157836503,0.02593505495589477,0.979140223699039,0.9704870632095931,0.00010831854004841564,0.97061574781443,0,0,1
Inviable_Ctrl_57,HLA-G,IL13,Control Inviable Screen,Non-Viable Control,0,0,0.0723604038357734,0.0022591862361878,0.0693569034337997,0.0022560763172805,0.3667844648371205,0.0413844849378975,1.0251640275138303,1.0000595130581256,0.070431500673294,0.0021893389057368,0.0706829205155372,0.002272458281368,0.0734362602233886,0.0017001673113554,0.0701012175995856,0.00016347562839077017,0.0746195900719612,0.0022591862361878,0.0723604038357734,0.0413844849378975,0.01517918616050661,1.0000595130581256,1.025225038160188,4.003076480050142e-05,0.91827252937834,0,0,0
Inviable_Ctrl_58,FCRL5,CCR2,Control Inviable Screen,Non-Viable Control,0,0,0.0355046615004539,0.0157700050622224,0.0299569722265005,0.0145133156329393,0.3018230942293281,0.1940582738543504,1.0693834336077417,1.019479535611428,0.033150628209114,0.0149993011727929,0.0318617597222328,0.0151497218757867,0.033180683851242,0.0156854148954153,0.0197346564382315,0.0005599086915946508,0.051274666562676305,0.0157700050622224,0.0355046615004539,0.1940582738543504,0.05857126867552236,1.019479535611428,1.0902145262849747,0.00027561181565145213,0.9927089326660791,0,0,0
Inviable_Ctrl_59,EGFR,TYRP1,Control Inviable Screen,Non-Viable Control,0,0,0.2500387728214264,0.0058473055250942,0.2226305454969406,0.0054657519795,0.4410472192302643,0.0950308761853986,1.100532489030263,1.0068790836142496,0.2356877774000167,0.0062574725598096,0.2406675368547439,0.0059888744726777,0.2502810657024383,0.0065538706257939,0.2441914672963322,0.0014620530978065,0.2558860783465206,0.0058473055250942,0.2500387728214264,0.0950308761853986,0.0419131036825856,1.0068790836142496,1.1081031440425004,0.0003051045797328374,0.9847841744794745,0,0,0
Inviable_Ctrl_60,SDC1,TRDV2,Control Inviable Screen,Non-Viable Control,0,0,0.4800770878791809,0.0,0.4830794334411621,9.303407568950206e-05,0.4114316894661823,0.0,0.994367920850744,0.998142774191938,0.4914988577365875,6.210890569491312e-05,0.4748017489910126,7.101432129275054e-05,0.4962020516395569,0.0001645323209231,0.4800770878791809,0.0,0.4800770878791809,0.0,0.4800770878791809,0.0,0.0,0.994367920850744,0.992521155085431,0.0,0.8275661811318161,0,0,0
Inviable_Ctrl_61,HLA-G,DLL4,Control Inviable Screen,Non-Viable Control,0,0,0.0723604038357734,0.0069326008670032,0.0693569034337997,0.0074427258223295,0.3667844648371205,0.107006552796355,1.0251640275138303,0.9911194159395544,0.070431500673294,0.0075928140431642,0.0706829205155372,0.00714877480641,0.0734362602233886,0.0075410646386444,0.0654278029687702,0.0005016457983685843,0.0792930047027766,0.0069326008670032,0.0723604038357734,0.107006552796355,0.03924834120147615,0.9911194159395544,1.0160599721917487,0.0001676288276020997,0.9982924538095552,0,0,0
Inviable_Ctrl_62,TNFRSF9,IL5,Control Inviable Screen,Non-Viable Control,0,0,0.0411083288490772,0.0004208288155496,0.0405395962297916,0.0005814629839733,0.3043941037308105,0.0082477202361288,1.0062815899669149,0.9968242482730362,0.042078785598278,0.0004037079052068,0.039554975926876,0.000591785996221,0.0414621420204639,0.0003290646418463,0.0406875000335276,1.729956933878061e-05,0.041529157664626795,0.0004208288155496,0.0411083288490772,0.0082477202361288,0.002510557409098895,0.9968242482730362,1.0030858894697656,9.01084666489717e-06,0.9731176408038749,1,0,0
Inviable_Ctrl_63,IL4R,TRDV2,Control Inviable Screen,Non-Viable Control,0,0,0.1710779815912246,0.0,0.1712524741888046,9.303407568950206e-05,0.3763497999976829,0.0,0.9992113417116816,0.998142774191938,0.1708771288394928,6.210890569491312e-05,0.1706000715494156,7.101432129275054e-05,0.1701812595129013,0.0001645323209231,0.1710779815912246,0.0,0.1710779815912246,0.0,0.1710779815912246,0.0,0.0,0.998142774191938,0.9973555806201464,0.0,0.8263806044140224,0,0,0
Inviable_Ctrl_64,TNFRSF18,IL31,Control Inviable Screen,Non-Viable Control,0,0,0.1733814775943756,6.644665700150654e-05,0.1674613356590271,6.977555312914774e-05,0.4075798401282583,0.0013252298980694,1.0272238828912148,0.999933514858198,0.1703026294708252,4.658168109017424e-05,0.1652266532182693,2.367144043091685e-05,0.1713878363370895,2.742205288086552e-05,0.1733150309373741,1.1520619572127867e-05,0.17344792425137712,6.644665700150654e-05,0.1733814775943756,0.0013252298980694,0.0005401369899883141,0.999933514858198,1.0271555877656984,5.577816124775787e-06,0.6053448561170537,0,0,0
Inviable_Ctrl_65,CDH19,F10,Control Inviable Screen,Non-Viable Control,0,0,0.0022591862361878,0.0115174204111099,0.0020467496942728,0.0102104898542165,0.0415585184792733,0.1595626203571792,1.0040816485786876,1.0217060276383356,0.0012887598713859,0.0102945519611239,0.0020830866415053,0.0100366910919547,0.0016727452166378,0.0105574904009699,0.0092582341749221,2.601999766916792e-05,0.0137766066472977,0.0022591862361878,0.0115174204111099,0.0415585184792733,0.006631186106715101,1.0040816485786876,1.0258762725938821,9.030469588818604e-06,0.8744941145723036,0,0,0
Inviable_Ctrl_66,CDH17,ENPP3,Control Inviable Screen,Non-Viable Control,0,0,0.0132450331002473,0.0112073356285691,0.0152808465063571,0.0125130824744701,0.1679373217468908,0.1504619959047341,0.9688145372638274,0.9791124226447436,0.0138813406229019,0.0112572396174073,0.013516392558813,0.0122854774817824,0.0136013384908437,0.0112704634666442,0.0020376974716781997,0.0001484415313659786,0.024452368728816398,0.0112073356285691,0.0132450331002473,0.1504619959047341,0.0252681846169327,0.9688145372638274,0.9485783486738323,4.628998695846167e-05,0.9584146086212306,0,0,0
Inviable_Ctrl_67,PVRIG,KLK2,Control Inviable Screen,Non-Viable Control,0,0,0.0028572061564773,0.0004651265917345,0.0033027096651494,0.0006512385443784,0.0507094080705659,0.0090936532811131,0.9916420101066008,0.9963256189188586,0.0029967548325657,0.0005589801585301,0.0025091727729886,0.0007338146679103,0.0027147831860929,0.0005210189847275,0.0023920795647428,1.328962561445117e-06,0.0033223327482118,0.0004651265917345,0.0028572061564773,0.0090936532811131,0.0004611337750842047,0.9916420101066008,0.9879983394654,1.3083584524868058e-06,0.9808187344450662,0,0,0
Inviable_Ctrl_68,FCGRT,ROR1,Control Inviable Screen,Non-Viable Control,0,0,1.6746107339859009,0.0114731220528483,1.662007212638855,0.0120246540755033,0.3213105791088368,0.1544750715903064,1.0073618389303507,0.9911078581432534,1.6727015972137451,0.0121267642825841,1.6685998439788818,0.0114569775760173,1.6905969381332395,0.012367345392704,1.6631376119330525,0.019213013342030117,1.6860838560387492,0.0114731220528483,1.6746107339859009,0.1544750715903064,0.04963447471056038,0.9911078581432534,0.9984042345575089,0.003459814850128516,0.9944087349985239,0,0,0
Inviable_Ctrl_69,SLAMF7,IL17F,Control Inviable Screen,Non-Viable Control,0,0,0.0839664191007614,0.0003986799274571,0.0790557041764259,0.0003953948034904,0.3721924928231978,0.007847667678513,1.038051126493582,1.000065186987411,0.0827756449580192,0.0001397450396325,0.0798200964927673,0.0005207716603763,0.0870101749897003,0.00041133078048,0.0835677391733043,3.347572587592401e-05,0.0843650990282185,0.0003986799274571,0.0839664191007614,0.007847667678513,0.0029208429961137907,1.000065186987411,1.0381187939192968,7.723582855626155e-06,0.8126469642032704,0,0,0
Inviable_Ctrl_70,SLAMF7,IL13,Control Inviable Screen,Non-Viable Control,0,0,0.0839664191007614,0.0022591862361878,0.0790557041764259,0.0022560763172805,0.3721924928231978,0.0413844849378975,1.038051126493582,1.0000595130581256,0.0827756449580192,0.0021893389057368,0.0798200964927673,0.002272458281368,0.0870101749897003,0.0017001673113554,0.0817072328645736,0.00018969577833441654,0.0862256053369492,0.0022591862361878,0.0839664191007614,0.0413844849378975,0.015402994613240153,1.0000595130581256,1.0381129040906105,8.238488379334565e-05,0.9129755969548823,0,0,0
Inviable_Ctrl_71,IL18,EDNRA,Control Inviable Screen,Non-Viable Control,0,0,0.2543577849864959,0.0167224071919918,0.248424232006073,0.0172578208148479,0.3971373401919772,0.1966731832239243,1.0198829463027728,0.9920393849165874,0.2455630898475647,0.0171110033988952,0.2574979364871979,0.017516866326332,0.2562590837478637,0.0186195746064186,0.2376353777945041,0.004253474452997283,0.2710801921784877,0.0167224071919918,0.2543577849864959,0.1966731832239243,0.07810626487263869,0.9920393849165874,1.0117640507371195,0.00173122461383251,0.9931513475588014,0,0,0
Inviable_Ctrl_72,CDH17,IL5RA,Control Inviable Screen,Non-Viable Control,0,0,0.0132450331002473,0.0073312809690833,0.0152808465063571,0.0075590186752378,0.1679373217468908,0.1122990291774831,0.9688145372638274,0.9960434053360164,0.0138813406229019,0.0066145989112555,0.013516392558813,0.0076222037896513,0.0136013384908437,0.0069377794861793,0.005913752131164,9.710305910272141e-05,0.0205763140693306,0.0073312809690833,0.0132450331002473,0.1122990291774831,0.01885919819484246,0.9688145372638274,0.9649813308352996,2.612301747091503e-05,0.9843662087341909,0,0,0
Inviable_Ctrl_73,MOSPD2,CCR8,Control Inviable Screen,Non-Viable Control,0,0,0.084232211112976,0.000531573256012,0.0830794274806976,0.0005814629839733,0.3612135949089104,0.0103943911797954,1.0086623729460036,0.999013675662622,0.0825272127985954,0.0006366163142956,0.081500768661499,0.0003787430468946,0.084651879966259,0.0007129733567126,0.08370063785696401,4.477559072241483e-05,0.084763784368988,0.000531573256012,0.084232211112976,0.0103943911797954,0.003754595404943367,0.999013675662622,1.0076675046993695,3.685185112516749e-05,0.9643609223471081,0,0,0
Inviable_Ctrl_74,CCR8,TNFSF11,Control Inviable Screen,Non-Viable Control,0,0,0.000531573256012,0.003100843867287,0.0005814629839733,0.0032794510480016,0.0103943911797954,0.0548477724334817,0.999013675662622,0.99664772858576,0.0006366163142956,0.0032296632416546,0.0003787430468946,0.0030062729492783,0.0007129733567126,0.0032358022872358,0.0025692706112749996,1.6483256709185927e-06,0.003632417123299,0.000531573256012,0.003100843867287,0.0103943911797954,0.0005701092020140075,0.99664772858576,0.9956647106752634,1.3186604875459222e-06,0.9595258551117437,0,0,0
Inviable_Ctrl_75,CD40LG,CDH19,Control Inviable Screen,Non-Viable Control,0,0,0.071939580142498,0.0022591862361878,0.0685661137104034,0.0020467496942728,0.3576957186798642,0.0415585184792733,1.028452197061415,1.0040816485786876,0.0740493461489677,0.0012887598713859,0.0669665038585662,0.0020830866415053,0.0722022652626037,0.0016727452166378,0.0696803939063102,0.00016252490929506065,0.0741987663786858,0.0022591862361878,0.071939580142498,0.0415585184792733,0.01486530413471408,1.0040816485786876,1.032649977509799,7.099917276080813e-05,0.8817208816029811,0,0,0
Inviable_Ctrl_76,TMEFF2,CXCR4,Control Inviable Screen,Non-Viable Control,0,0,0.0032115883659571,2.8377373218536377,0.0038376555312424,2.7688567638397217,0.0561706335135108,0.2273407793972287,0.98837120303424,1.0244356360697413,0.0028104281518608,2.8197133541107178,0.0038111018948256,2.782909154891968,0.0033454904332756,2.804206609725952,2.8345257334876806,0.009113644168507401,2.840948910219595,0.0032115883659571,2.8377373218536377,0.0561706335135108,0.012769875602197639,0.98837120303424,1.012522682053397,0.0011134645532416849,0.9855298900259759,0,0,0
Inviable_Ctrl_77,TRDV2,IL17F,Control Inviable Screen,Non-Viable Control,0,0,0.0,0.0003986799274571,9.303407568950206e-05,0.0003953948034904,0.0,0.007847667678513,0.998142774191938,1.000065186987411,6.210890569491312e-05,0.0001397450396325,7.101432129275054e-05,0.0005207716603763,0.0001645323209231,0.00041133078048,0.0003986799274571,0.0,0.0003986799274571,0.0,0.0003986799274571,0.0,0.0,0.998142774191938,0.9982078401123937,0.0,0.8797966348540239,0,0,0
Inviable_Ctrl_78,STEAP1,CCR2,Control Inviable Screen,Non-Viable Control,0,0,0.11949323117733,0.0157700050622224,0.1148040443658828,0.0145133156329393,0.398070893058546,0.1940582738543504,1.028453105198296,1.019479535611428,0.1178361251950264,0.0149993011727929,0.1229494586586952,0.0151497218757867,0.1267172992229461,0.0156854148954153,0.1037232261151076,0.0018844088605678058,0.13526323623955241,0.0157700050622224,0.11949323117733,0.1940582738543504,0.07724895037860115,1.019479535611428,1.0484868940856897,0.0007226553815610513,0.9978291563720472,0,0,0
Inviable_Ctrl_79,IL31,GUCY2C,Control Inviable Screen,Non-Viable Control,0,0,6.644665700150654e-05,0.0042082881554961,6.977555312914774e-05,0.0047679962590336,0.0013252298980694,0.0710386114433816,0.999933514858198,0.9897803801166956,4.658168109017424e-05,0.0044873687438666,2.367144043091685e-05,0.004473902285099,2.742205288086552e-05,0.0046891709789633,0.004141841498494593,2.7962667963175195e-07,0.004274734812497606,6.644665700150654e-05,0.0042082881554961,0.0013252298980694,9.41424918021043e-05,0.9897803801166956,0.9897145744277707,2.6196603435622275e-07,0.6042451064895833,0,0,0
Inviable_Ctrl_80,STEAP1,IL31,Control Inviable Screen,Non-Viable Control,0,0,0.11949323117733,6.644665700150654e-05,0.1148040443658828,6.977555312914774e-05,0.398070893058546,0.0013252298980694,1.028453105198296,0.999933514858198,0.1178361251950264,4.658168109017424e-05,0.1229494586586952,2.367144043091685e-05,0.1267172992229461,2.742205288086552e-05,0.1194267845203285,7.939925746041773e-06,0.11955967783433151,6.644665700150654e-05,0.11949323117733,0.0013252298980694,0.0005275354490323719,0.999933514858198,1.02838472834776,3.5424283409855674e-06,0.5870581462852461,0,0,0
Inviable_Ctrl_81,NT5E,F10,Control Inviable Screen,Non-Viable Control,0,0,0.083722785115242,0.0115174204111099,0.0849866271018982,0.0102104898542165,0.362210083073571,0.1595626203571792,0.9906372800492144,1.0217060276383356,0.0837228074669838,0.0102945519611239,0.0867558270692825,0.0100366910919547,0.0819919407367706,0.0105574904009699,0.07220536470413211,0.0009642705141612564,0.0952402055263519,0.0115174204111099,0.083722785115242,0.1595626203571792,0.05779518997501055,0.9906372800492144,1.0121400802295282,0.0003728512528536116,0.99859538477853,0,0,0
Inviable_Ctrl_82,PSCA,TNFSF11,Control Inviable Screen,Non-Viable Control,0,0,0.0952623561024665,0.003100843867287,0.104012094438076,0.0032794510480016,0.3744611340804747,0.0548477724334817,0.9431879790510383,0.99664772858576,0.0856016054749488,0.0032296632416546,0.0884838476777076,0.0030062729492783,0.0898072198033332,0.0032358022872358,0.0921615122351795,0.00029539369270364355,0.0983631999697535,0.003100843867287,0.0952623561024665,0.0548477724334817,0.020538359067229353,0.9431879790510383,0.9400261569506108,5.175742413617769e-05,0.9955436860579779,0,0,0
Inviable_Ctrl_83,ADAM17,NCR3LG1,Control Inviable Screen,Non-Viable Control,0,0,0.2919223010540008,0.0121597377583384,0.3014769256114959,0.0118385860696434,0.3720082294035162,0.162486147336355,0.9728157843054076,1.0051933866717662,0.2953433990478515,0.0115522565320134,0.296058714389801,0.0122618060559034,0.2934433817863464,0.0107768671587109,0.2797625632956624,0.003549698626627363,0.3040820388123392,0.0121597377583384,0.2919223010540008,0.162486147336355,0.06044618397319628,0.9728157843054076,0.9778679928337031,0.0019872772800649027,0.9971491993013202,0,0,0
Inviable_Ctrl_84,CD47,NCR3LG1,Control Inviable Screen,Non-Viable Control,0,0,1.0568561553955078,0.0121597377583384,1.0716129541397097,0.0118385860696434,0.2853614815892538,0.162486147336355,0.9868432343887108,1.0051933866717662,1.0485692024230957,0.0115522565320134,1.054349660873413,0.0122618060559034,1.0603833198547363,0.0107768671587109,1.0446964176371694,0.01285109369789511,1.0690158931538463,0.0121597377583384,1.0568561553955078,0.162486147336355,0.04636728774163205,0.9868432343887108,0.9919682928893078,0.004609289431059171,0.9956895980894149,0,0,0
Inviable_Ctrl_85,FCRL5,SIGLEC6,Control Inviable Screen,Non-Viable Control,0,0,0.0355046615004539,0.0016611663158982,0.0299569722265005,0.0015118037117645,0.3018230942293281,0.0311993866017774,1.0693834336077417,1.0028995801616567,0.033150628209114,0.001925376127474,0.0318617597222328,0.0014913007616996,0.033180683851242,0.0013711026404052,0.0338434951845557,5.897914774192166e-05,0.0371658278163521,0.0016611663158982,0.0355046615004539,0.0311993866017774,0.009416695402205497,1.0028995801616567,1.072484196597035,3.242491948840614e-05,0.9854967012457435,0,0,0
Inviable_Ctrl_86,TNFRSF18,GIPR,Control Inviable Screen,Non-Viable Control,0,0,0.1733814775943756,0.0093025313690304,0.1674613356590271,0.0089312708005309,0.4075798401282583,0.1352011678957059,1.0272238828912148,1.0062998907618368,0.1703026294708252,0.0088660465553402,0.1652266532182693,0.009184518828988,0.1713878363370895,0.0087202126160264,0.16407894622534522,0.0016128866341305205,0.182684008963406,0.0093025313690304,0.1733814775943756,0.1352011678957059,0.05510527039608563,1.0062998907618368,1.0336952811413793,0.0006972270155969734,0.99229900859372,0,0,0
Inviable_Ctrl_87,CD40LG,FCAR,Control Inviable Screen,Non-Viable Control,0,0,0.071939580142498,0.0024585262872278,0.0685661137104034,0.0030701244249939,0.3576957186798642,0.0441523724416926,1.028452197061415,0.9884756603759142,0.0740493461489677,0.00284148263745,0.0669665038585662,0.0025801870506256,0.0722022652626037,0.0025776729453355,0.0694810538552702,0.0001768653488724624,0.0743981064297258,0.0024585262872278,0.071939580142498,0.0441523724416926,0.015793114591952265,0.9884756603759142,1.016599964655342,0.000129964587426569,0.9665530145172095,0,0,0
Inviable_Ctrl_88,KRAS,CXCR4,Control Inviable Screen,Non-Viable Control,0,0,0.3473388254642486,2.8377373218536377,0.3375508785247803,2.7688567638397217,0.3695930891118325,0.2273407793972287,1.0252559018230751,1.0244356360697413,0.3453876376152038,2.8197133541107178,0.3452716171741485,2.782909154891968,0.3475745320320129,2.804206609725952,2.490398496389389,0.985656348348705,3.1850761473178864,0.3473388254642486,2.8377373218536377,0.2273407793972287,0.08402358093851339,1.0244356360697413,1.0503086819183782,0.12251780847922347,0.999396355091764,0,0,0
Inviable_Ctrl_89,LILRB2,ABCB1,Control Inviable Screen,Non-Viable Control,0,0,0.0752619132399559,0.0141088394448161,0.0728689357638359,0.0141179207712411,0.3611648395889898,0.1781223596888414,1.0194758541794444,0.9998583652383634,0.0695309191942215,0.0150458831340074,0.0753225237131118,0.013445378281176,0.0733265727758407,0.0138755589723587,0.0611530737951398,0.001061858250212217,0.089370752684772,0.0141088394448161,0.0752619132399559,0.1781223596888414,0.06433153346423276,0.9998583652383634,1.0193314609598434,0.0006639985373739639,0.9967299892957099,0,0,0
Inviable_Ctrl_90,FCGRT,IL5RA,Control Inviable Screen,Non-Viable Control,0,0,1.6746107339859009,0.0073312809690833,1.662007212638855,0.0075590186752378,0.3213105791088368,0.1122990291774831,1.0073618389303507,0.9960434053360164,1.6727015972137451,0.0066145989112555,1.6685998439788818,0.0076222037896513,1.6905969381332395,0.0069377794861793,1.6672794530168176,0.012277041804693451,1.6819420149549842,0.0073312809690833,1.6746107339859009,0.1122990291774831,0.036082866098377256,0.9960434053360164,1.0033761164537383,0.001939358099847823,0.994765421637644,0,0,0
Inviable_Ctrl_91,CSF1,IL5RA,Control Inviable Screen,Non-Viable Control,0,0,0.1252519488334655,0.0073312809690833,0.1185486689209938,0.0075590186752378,0.3977893101123244,0.1122990291774831,1.0397705894409282,0.9960434053360164,0.1210036799311637,0.0066145989112555,0.1112557724118232,0.0076222037896513,0.1177502945065498,0.0069377794861793,0.1179206678643822,0.0009182572288233807,0.1325832298025488,0.0073312809690833,0.1252519488334655,0.1122990291774831,0.04467135334279479,0.9960434053360164,1.035656638674979,0.0003866942445342553,0.9885420389063138,0,0,0
Inviable_Ctrl_92,CD40,TNFSF11,Control Inviable Screen,Non-Viable Control,0,0,0.2458526194095611,0.003100843867287,0.2523316740989685,0.0032794510480016,0.3797339301663551,0.0548477724334817,0.978569712522789,0.99664772858576,0.2438085228204727,0.0032296632416546,0.2444076240062713,0.0030062729492783,0.2505553066730499,0.0032358022872358,0.2427517755422741,0.0007623505871525824,0.2489534632768481,0.003100843867287,0.2458526194095611,0.0548477724334817,0.020827560187035875,0.978569712522789,0.9752892812486578,0.00037900500179549265,0.9990234076412492,0,0,0
Inviable_Ctrl_93,TMEFF2,FLT3,Control Inviable Screen,Non-Viable Control,0,0,0.0032115883659571,0.008770958520472,0.0038376555312424,0.0083498079329729,0.0561706335135108,0.1298354461491612,0.98837120303424,1.0072176859259403,0.0028104281518608,0.0090989554300904,0.0038111018948256,0.008734761737287,0.0033454904332756,0.0079523948952555,0.005559370154514899,2.8168708342640174e-05,0.0119825468864291,0.0032115883659571,0.008770958520472,0.0561706335135108,0.007292939262707701,0.98837120303424,0.9955049559559849,1.3481929880482192e-05,0.986705562795884,0,0,0
Inviable_Ctrl_94,TNFRSF17,IL5RA,Control Inviable Screen,Non-Viable Control,0,0,0.040244523435831,0.0073312809690833,0.0402837544679641,0.0075590186752378,0.3027197340691121,0.1122990291774831,0.9995654696421932,0.9960434053360164,0.0414421670138835,0.0066145989112555,0.0414013490080833,0.0076222037896513,0.0406943261623382,0.0069377794861793,0.0329132424667477,0.0002950439087749347,0.0475758044049143,0.0073312809690833,0.040244523435831,0.1122990291774831,0.03399513224882715,0.9960434053360164,0.9956105942387047,0.0001008127716483216,0.9967671116011128,0,0,0
Inviable_Ctrl_95,TFRC,DLL3,Control Inviable Screen,Non-Viable Control,0,0,0.4273627400398254,0.0083279805257916,0.4215141236782074,0.0079311551526188,0.3980565803445897,0.1248928920695039,1.0124039049265243,1.006849947530432,0.4386596977710724,0.0088349925354123,0.4119540750980377,0.008379690349102,0.4370800852775574,0.008308881893754,0.4190347595140338,0.0035590685765006036,0.435690720565617,0.0083279805257916,0.4273627400398254,0.1248928920695039,0.049714437526532644,1.006849947530432,1.0193388185548755,0.0010765489276137992,0.9946318443917175,0,0,0
Inviable_Ctrl_96,CHI3L1,GPRC5D,Control Inviable Screen,Non-Viable Control,0,0,0.3686017394065857,0.0003322332631796,0.312757283449173,0.0005814629839733,0.4800940654994692,0.0065222330204565,1.1539444099548652,0.9950727063613674,0.3750446438789367,0.0003881806624121,0.3628831803798675,0.0005207716603763,0.3615871965885162,0.0003290646418463,0.3682695061434061,0.00012246175869672652,0.3689339726697653,0.0003322332631796,0.3686017394065857,0.0065222330204565,0.0031312853669258436,0.9950727063613674,1.148258587004359,1.589456837666727e-05,0.8166793927837411,0,0,0
Inviable_Ctrl_97,CLDN18,KLK2,Control Inviable Screen,Non-Viable Control,0,0,0.0524928569793701,0.0004651265917345,0.0540760569274425,0.0006512385443784,0.3289381011593739,0.0090936532811131,0.9847880483291545,0.9963256189188586,0.053786315023899,0.0005589801585301,0.0516037419438362,0.0007338146679103,0.0546247288584709,0.0005210189847275,0.052027730387635605,2.4415823657220975e-05,0.0529579835711046,0.0004651265917345,0.0524928569793701,0.0090936532811131,0.002991249042891053,0.9847880483291545,0.9811695617554397,8.179815836807464e-06,0.9679174744161746,0,0,0
Inviable_Ctrl_98,NT5E,TYRP1,Control Inviable Screen,Non-Viable Control,0,0,0.083722785115242,0.0058473055250942,0.0849866271018982,0.0054657519795,0.362210083073571,0.0950308761853986,0.9906372800492144,1.0068790836142496,0.0837228074669838,0.0062574725598096,0.0867558270692825,0.0059888744726777,0.0819919407367706,0.0065538706257939,0.0778754795901478,0.000489552703980629,0.0895700906403362,0.0058473055250942,0.083722785115242,0.0950308761853986,0.03442114155766746,0.9906372800492144,0.9974519567300657,0.00020674123956305755,0.9923299828118614,0,0,0
Inviable_Ctrl_99,ABCB1,LY6G6D,Control Inviable Screen,Non-Viable Control,0,0,0.0141088394448161,4.429776890901849e-05,0.0141179207712411,0.0,0.1781223596888414,0.000885171156034,0.9998583652383634,1.0008859553781804,0.0150458831340074,1.552722642372828e-05,0.013445378281176,0.0,0.0138755589723587,2.742205288086552e-05,0.014064541675907082,6.249901093009083e-07,0.014153137213725119,4.429776890901849e-05,0.0141088394448161,0.000885171156034,0.0001576687750412757,0.9998583652383634,1.0007441951344649,5.847631328700702e-07,0.6224306392317254,0,0,0
Inviable_Ctrl_100,ICOS,IL5,Control Inviable Screen,Non-Viable Control,0,0,0.1233692914247512,0.0004208288155496,0.1213164329528808,0.0005814629839733,0.3849468564175067,0.0082477202361288,1.0119828462248863,0.9968242482730362,0.1214539706707,0.0004037079052068,0.1181915029883384,0.000591785996221,0.1263608187437057,0.0003290646418463,0.1229484626092016,5.1917352785471474e-05,0.1237901202403008,0.0004208288155496,0.1233692914247512,0.0082477202361288,0.0031749339775088378,0.9968242482730362,1.0087690399533298,2.8916340691185755e-05,0.9751582056720812,0,0,0
Inviable_Ctrl_101,ANGPT1,CD37,Control Inviable Screen,Non-Viable Control,0,0,0.0075527695007622,2.002502918243408,0.0088149784132838,1.998744010925293,0.113134795847933,0.1982000460301713,0.9785393288142988,1.001834737428429,0.0088194645941257,2.003431558609009,0.006746360566467,1.9776304960250852,0.0076781748794019,1.9664080142974851,1.994950148742646,0.015124442966096115,2.0100556877441704,0.0075527695007622,2.002502918243408,0.113134795847933,0.022423321744674353,0.9785393288142988,0.9803346915460643,0.0032405139581092985,0.9662651471499494,0,0,1
Inviable_Ctrl_102,IL18,TRDV2,Control Inviable Screen,Non-Viable Control,0,0,0.2543577849864959,0.0,0.248424232006073,9.303407568950206e-05,0.3971373401919772,0.0,1.0198829463027728,0.998142774191938,0.2455630898475647,6.210890569491312e-05,0.2574979364871979,7.101432129275054e-05,0.2562590837478637,0.0001645323209231,0.2543577849864959,0.0,0.2543577849864959,0.0,0.2543577849864959,0.0,0.0,0.998142774191938,1.0179887933736969,0.0,0.8535443431139516,0,0,0
Inviable_Ctrl_103,HAVCR2,ENPP3,Control Inviable Screen,Non-Viable Control,0,0,0.221754640340805,0.0112073356285691,0.2168159037828445,0.0125130824744701,0.39601285186522,0.1504619959047341,1.018509903225184,0.9791124226447436,0.2182196527719497,0.0112572396174073,0.2147709727287292,0.0122854774817824,0.2184989154338836,0.0112704634666442,0.2105473047122359,0.0024852786814920304,0.2329619759693741,0.0112073356285691,0.221754640340805,0.1504619959047341,0.05958488409556681,0.9791124226447436,0.9972356988344734,0.0012719966838867635,0.9991472686825568,0,0,0
Inviable_Ctrl_104,CD1D,ENPP3,Control Inviable Screen,Non-Viable Control,0,0,0.0353717692196369,0.0112073356285691,0.0340272113680839,0.0125130824744701,0.2886416100806888,0.1504619959047341,1.0160014575000362,0.9791124226447436,0.0354176051914691,0.0112572396174073,0.0364303477108478,0.0122854774817824,0.0345517881214618,0.0112704634666442,0.024164433591067805,0.0003964232894207605,0.046579104848206,0.0112073356285691,0.0353717692196369,0.1504619959047341,0.043429592753896455,0.9791124226447436,0.994779648463451,0.0002601366872736128,0.9993973802271108,0,0,0
Inviable_Ctrl_105,SDC1,VTCN1,Control Inviable Screen,Non-Viable Control,0,0,0.4800770878791809,0.0198011025786399,0.4830794334411621,0.0157460160553455,0.4114316894661823,0.2294777666621129,0.994367920850744,1.061678056962126,0.4914988577365875,0.0169867854565382,0.4748017489910126,0.0166883654892444,0.4962020516395569,0.0184276197105646,0.46027598530054104,0.009506055662750383,0.4998781904578208,0.0198011025786399,0.4800770878791809,0.2294777666621129,0.09441442523271948,0.994367920850744,1.055698602114287,0.0013422830539361144,0.9981242522415439,0,0,0
Inviable_Ctrl_106,CD276,CCR8,Control Inviable Screen,Non-Viable Control,0,0,0.1288622170686721,0.000531573256012,0.1321548968553543,0.0005814629839733,0.3766942831236453,0.0103943911797954,0.9819237371955102,0.999013675662622,0.1285343915224075,0.0006366163142956,0.1307610422372818,0.0003787430468946,0.1309951394796371,0.0007129733567126,0.1283306438126601,6.849970830411916e-05,0.1293937903246841,0.000531573256012,0.1288622170686721,0.0103943911797954,0.00391550773397977,0.9819237371955102,0.9809552419160651,4.662406723823108e-05,0.9636314327358776,0,0,0
Inviable_Ctrl_107,MET,TGFB2,Control Inviable Screen,Non-Viable Control,0,0,0.2726970613002777,0.0213293768465518,0.2730317413806915,0.0216536801308393,0.4203732279753822,0.2258633156894344,0.998963940574436,0.9954740177518407,0.2747542858123779,0.0227629151195287,0.2727423310279846,0.0198366679251194,0.2936901748180389,0.0196616109460592,0.2513676844537259,0.005816458385420861,0.2940264381468295,0.0213293768465518,0.2726970613002777,0.2258633156894344,0.09494689109759033,0.9954740177518407,0.994442647512845,0.0012196235905125366,0.9954998787809748,0,0,0
Inviable_Ctrl_108,CD248,SIGLEC15,Control Inviable Screen,Non-Viable Control,0,0,0.019247381016612,0.0089481491595506,0.0208396334201097,0.0062100244686007,0.2116555818642764,0.1366972210322077,0.977523141684614,1.0487123910162937,0.0219399724155664,0.0073909601196646,0.0186530947685241,0.008498047478497,0.0214440450072288,0.0073765320703387,0.010299231857061402,0.00017222843626734684,0.028195530176162602,0.0089481491595506,0.019247381016612,0.1366972210322077,0.028932729856801523,0.977523141684614,1.0251406311898308,4.482709798009043e-05,0.9897872449835976,0,0,0
Inviable_Ctrl_109,NTRK2,SIGLEC6,Control Inviable Screen,Non-Viable Control,0,0,0.0101884873583912,0.0016611663158982,0.0101639721542596,0.0015118037117645,0.1438572902765215,0.0311993866017774,1.00040747316465,1.0028995801616567,0.009440554305911,0.001925376127474,0.0099420053884387,0.0014913007616996,0.010502646677196,0.0013711026404052,0.008527321042493,1.6924772009714093e-05,0.0118496536742894,0.0016611663158982,0.0101884873583912,0.0311993866017774,0.004488259214821307,1.00040747316465,1.0033082348274114,1.1444089231202108e-05,0.9540697637682212,0,0,0
Inviable_Ctrl_110,CD79B,CDH17,Control Inviable Screen,Non-Viable Control,0,0,0.3330749273300171,0.0132450331002473,0.3475520312786102,0.0152808465063571,0.3877618972762607,0.1679373217468908,0.9635843793778848,0.9688145372638274,0.3334627151489258,0.0138813406229019,0.3305716514587402,0.013516392558813,0.3242657780647278,0.0136013384908437,0.3198298942297698,0.00441158843734854,0.34631996043026436,0.0132450331002473,0.3330749273300171,0.1679373217468908,0.06511969450406821,0.9635843793778848,0.9335345546216377,0.0006995744078711085,0.9648676662310772,0,0,0
Inviable_Ctrl_111,TNFSF10,IL4,Control Inviable Screen,Non-Viable Control,0,0,0.4391016364097595,0.0011295931180939,0.4400511682033539,0.0010001163464039,0.3832102995330202,0.0216482299734621,0.9980623823486116,1.002538754437549,0.4418738186359405,0.0010713787050917,0.4295419454574585,0.0014202863676473,0.4418515264987945,0.0012614143779501,0.4379720432916656,0.0004960061866322342,0.44023122952785343,0.0011295931180939,0.4391016364097595,0.0216482299734621,0.008295824692490118,0.9980623823486116,1.00059621765075,0.00020114281936816662,0.872250612200007,0,0,0
Inviable_Ctrl_112,PITRM1,CXCR4,Control Inviable Screen,Non-Viable Control,0,0,0.059868436306715,2.8377373218536377,0.0596580989658832,2.7688567638397217,0.3349080558811468,0.2273407793972287,1.001918119526194,1.0244356360697413,0.0582115724682807,2.8197133541107178,0.0594153143465518,2.782909154891968,0.0600542947649955,2.804206609725952,2.7778688855469227,0.16989089610858252,2.8976057581603527,0.059868436306715,2.8377373218536377,0.2273407793972287,0.07613825845043053,1.001918119526194,1.0264006260666156,0.02858300215794127,0.9984872896560412,0,0,0
Inviable_Ctrl_113,FCGRT,KIT,Control Inviable Screen,Non-Viable Control,0,0,1.6746107339859009,0.0257591530680656,1.662007212638855,0.0271194316446781,0.3213105791088368,0.2461153443348412,1.0073618389303507,0.9823614029875136,1.6727015972137451,0.0271105375140905,1.6685998439788818,0.0263699851930141,1.6905969381332395,0.0255847759544849,1.6488515809178352,0.04313655422616851,1.7003698870539665,0.0257591530680656,1.6746107339859009,0.2461153443348412,0.0790794638157986,0.9823614029875136,0.989593389407701,0.005686197948753835,0.9957618738585057,0,0,0
Inviable_Ctrl_114,TFRC,IL17F,Control Inviable Screen,Non-Viable Control,0,0,0.4273627400398254,0.0003986799274571,0.4215141236782074,0.0003953948034904,0.3980565803445897,0.007847667678513,1.0124039049265243,1.000065186987411,0.4386596977710724,0.0001397450396325,0.4119540750980377,0.0005207716603763,0.4370800852775574,0.00041133078048,0.42696406011236826,0.00017038094619694507,0.4277614199672825,0.0003986799274571,0.4273627400398254,0.007847667678513,0.0031238157597896494,1.000065186987411,1.0124699004871298,2.1675481764036225e-05,0.7927559218209856,0,0,0
Inviable_Ctrl_115,EGFR,VEGFC,Control Inviable Screen,Non-Viable Control,0,0,0.2500387728214264,0.0062902830541133,0.2226305454969406,0.0062798000872135,0.4410472192302643,0.1000314202844103,1.100532489030263,1.0001862651765576,0.2356877774000167,0.0063506360165774,0.2406675368547439,0.0059652030467987,0.2502810657024383,0.0068829352967441,0.2437484897673131,0.0015728146555499035,0.25632905587553967,0.0062902830541133,0.2500387728214264,0.1000314202844103,0.04411857975209302,1.0001862651765576,1.1007374799086396,0.0003968123146814372,0.997231641214172,0,0,0
Inviable_Ctrl_116,PDCD1LG2,SIGLEC15,Control Inviable Screen,Non-Viable Control,0,0,0.0225032661110162,0.0089481491595506,0.0231887437403202,0.0062100244686007,0.230530768326318,0.1366972210322077,0.9906341112817012,1.0487123910162937,0.0224057883024215,0.0073909601196646,0.0228192694485187,0.008498047478497,0.0245427377521991,0.0073765320703387,0.013555116951465601,0.0002013625817384331,0.0314514152705668,0.0089481491595506,0.0225032661110162,0.1366972210322077,0.03151291539262736,0.9906341112817012,1.038890267464534,9.195302149762138e-05,0.9881386323365249,0,0,0
Inviable_Ctrl_117,TSPAN8,DLL3,Control Inviable Screen,Non-Viable Control,0,0,0.1848324388265609,0.0083279805257916,0.1721828132867813,0.0079311551526188,0.4311758952785225,0.1248928920695039,1.0569334115121327,1.006849947530432,0.1834076046943664,0.0088349925354123,0.1776304841041565,0.008379690349102,0.1951079070568084,0.008308881893754,0.1765044583007693,0.0015392809510821662,0.19316041935235248,0.0083279805257916,0.1848324388265609,0.1248928920695039,0.053850804551992225,1.006849947530432,1.0641733499241512,0.00031723399958201307,0.9908290195857679,0,0,0
Inviable_Ctrl_118,ZG16B,FLT3,Control Inviable Screen,Non-Viable Control,0,0,0.1827283054590225,0.008770958520472,0.2033724784851074,0.0083498079329729,0.4016286609485858,0.1298354461491612,0.9185224332590712,1.0072176859259403,0.188065767288208,0.0090989554300904,0.1804000437259674,0.008734761737287,0.2008939534425735,0.0079523948952555,0.1739573469385505,0.0016027023876972234,0.1914992639794945,0.008770958520472,0.1827283054590225,0.1298354461491612,0.05214563638054984,0.9185224332590712,0.9251520396982656,0.00026549031149258027,0.9912160175111706,0,0,0
Inviable_Ctrl_119,IL5,NCR1,Control Inviable Screen,Non-Viable Control,0,0,0.0004208288155496,0.0108751021325588,0.0005814629839733,0.0109082451090216,0.0082477202361288,0.1499591243178454,0.9968242482730362,0.999455854024303,0.0004037079052068,0.0098287351429462,0.000591785996221,0.0113386195152997,0.0003290646418463,0.0106123341247439,0.0104542733170092,4.576556349425649e-06,0.0112959309481084,0.0004208288155496,0.0108751021325588,0.0082477202361288,0.001236820904228448,0.9968242482730362,0.9962818303698613,3.5870704929076746e-06,0.9798760507169482,0,0,0
Inviable_Ctrl_120,TNFRSF8,GPRC5D,Control Inviable Screen,Non-Viable Control,0,0,0.0062902830541133,0.0003322332631796,0.0060006976127624,0.0005814629839733,0.1004913669723465,0.0065222330204565,1.0051711041771905,0.9950727063613674,0.0070027792826294,0.0003881806624121,0.0056338026188313,0.0005207716603763,0.006279650144279,0.0003290646418463,0.0059580497909337,2.089841265391402e-06,0.0066225163172929,0.0003322332631796,0.0062902830541133,0.0065222330204565,0.00065542811193785,0.9950727063613674,1.000218330989841,1.6777599953148715e-06,0.9032464276813977,0,0,0
Inviable_Ctrl_121,LAG3,TSLP,Control Inviable Screen,Non-Viable Control,0,0,0.0885069444775581,0.0077521097846329,0.0936155393719673,0.0073264334350824,0.3563741201757921,0.1183740140335872,0.9644286759166234,1.0074254811270011,0.09308572858572,0.0076393955387175,0.089312344789505,0.0079772751778364,0.0903282389044761,0.0084734139963984,0.08075483469292519,0.000686115550292439,0.096259054262191,0.0077521097846329,0.0885069444775581,0.1183740140335872,0.04218543510289651,0.9644286759166234,0.971590022847981,0.00039665042555908295,0.9987372457073054,0,0,0
Inviable_Ctrl_122,NCR1,IL2,Control Inviable Screen,Non-Viable Control,0,0,0.0108751021325588,0.0080621941015124,0.0109082451090216,0.0065356437116861,0.1499591243178454,0.1242398973189801,0.999455854024303,1.0270015567101565,0.0098287351429462,0.008198375813663,0.0113386195152997,0.0080956323072314,0.0106123341247439,0.0074313762597739,0.002812908031046401,8.767718426646047e-05,0.0189372962340712,0.0080621941015124,0.0108751021325588,0.1242398973189801,0.018630906207293282,0.999455854024303,1.026442717946038,6.322211743749777e-05,0.9689975306473793,0,0,0
Inviable_Ctrl_123,CD55,ENPP3,Control Inviable Screen,Non-Viable Control,0,0,0.9329774975776672,0.0112073356285691,0.8835446238517761,0.0125130824744701,0.3329259088298421,0.1504619959047341,1.0529518059050382,0.9791124226447436,0.913559913635254,0.0112572396174073,0.9121316075325012,0.0122854774817824,0.9364356994628906,0.0112704634666442,0.9217701619490981,0.010456191949255431,0.9441848332062364,0.0112073356285691,0.9329774975776672,0.1504619959047341,0.05009269673093558,0.9791124226447436,1.0309581936078398,0.003268768515691238,0.9987335586802671,0,0,0
Inviable_Ctrl_124,EPCAM,CCR2,Control Inviable Screen,Non-Viable Control,0,0,1.3818910121917725,0.0157700050622224,1.3133620023727417,0.0145133156329393,0.4207297249094102,0.1940582738543504,1.050264720374901,1.019479535611428,1.3389904499053955,0.0149993011727929,1.3404426574707031,0.0151497218757867,1.4144569635391235,0.0156854148954153,1.36612100712955,0.02179242825770389,1.397661017253995,0.0157700050622224,1.3818910121917725,0.1940582738543504,0.08164608417513583,1.019479535611428,1.0707233893968702,0.002223809061579856,0.9985381405588841,0,0,0
Inviable_Ctrl_125,IGF2,ALB,Control Inviable Screen,Non-Viable Control,0,0,0.1870694756507873,0.0072426851838827,0.1957902014255523,0.0080474475398659,0.4215968282741453,0.1106753489979695,0.96451963616049,0.9861361284588688,0.1827088743448257,0.0088660465553402,0.1821517348289489,0.0076932180672883,0.1817259490489959,0.0068280911073088,0.17982679046690458,0.0013548853196526627,0.19431216083467,0.0072426851838827,0.1870694756507873,0.1106753489979695,0.046660376105678046,0.96451963616049,0.9511476598258624,4.9418862177794294e-05,0.8972632581737459,0,0,0
Inviable_Ctrl_126,SSTR2,KLRK1,Control Inviable Screen,Non-Viable Control,0,0,0.008195087313652,0.0027021639980375,0.0078613795340061,0.0030933830421417,0.1232683363971403,0.0482799311574813,1.0057673664598643,0.9926314915025533,0.0082294307649135,0.0028104281518608,0.0080009466037154,0.0028879158198833,0.0068006692454218,0.0030164257623255,0.0054929233156145,2.2144469899724285e-05,0.0108972513116895,0.0027021639980375,0.008195087313652,0.0482799311574813,0.00595138679515118,0.9926314915025533,0.9983563610736501,1.6988055812212244e-05,0.8509310337830732,0,0,0
Inviable_Ctrl_127,ERBB2,LRRC15,Control Inviable Screen,Non-Viable Control,0,0,0.1458282619714737,0.0018162085907533,0.1440167427062988,0.0010001163464039,0.3952691077726624,0.0343624642752457,1.0093369223702364,1.0160017722078585,0.1456919759511947,0.0013663959689438,0.1421233266592025,0.001159900566563,0.1540296673774719,0.0016179011436179,0.1440120533807204,0.0002648545421672133,0.147644470562227,0.0018162085907533,0.1458282619714737,0.0343624642752457,0.013582420594946352,1.0093369223702364,1.0254881018829858,8.97189516091198e-05,0.8645669710668747,0,0,0
Inviable_Ctrl_128,ENTPD1,ABCB1,Control Inviable Screen,Non-Viable Control,0,0,0.1274003833532333,0.0141088394448161,0.1273171305656433,0.0141179207712411,0.3819095345732655,0.1781223596888414,1.0004695135056858,0.9998583652383634,0.121500551700592,0.0150458831340074,0.1275417208671569,0.013445378281176,0.1256752610206604,0.0138755589723587,0.11329154390841721,0.0017974715539387906,0.14150922279804942,0.0141088394448161,0.1274003833532333,0.1781223596888414,0.06802662748585721,0.9998583652383634,1.0003278122446158,0.0011446738325931612,0.9973540968678116,0,0,0
Inviable_Ctrl_129,CD27,PDCD1LG2,Control Inviable Screen,Non-Viable Control,0,0,0.3675386011600494,0.0225032661110162,0.3589021861553192,0.0231887437403202,0.3843166406304593,0.230530768326318,1.0211209802665366,0.9906341112817012,0.3574988842010498,0.0224057883024215,0.3622913956642151,0.0228192694485187,0.3672909736633301,0.0245427377521991,0.34503533504903316,0.00827081894797524,0.3900418672710656,0.0225032661110162,0.3675386011600494,0.230530768326318,0.08859681044512922,0.9906341112817012,1.0115572747974402,0.0037903639847376943,0.9930683092655097,1,0,0
Inviable_Ctrl_130,TNFRSF10B,CACNA1G-AS1,Control Inviable Screen,Non-Viable Control,0,0,0.1318744570016861,0.0002436377399135,0.1314571499824524,0.0002325851819477,0.3817222277611071,0.0048256596727128,1.0022997551723591,1.0002200276558673,0.1319193243980407,0.0001863267243606,0.130642682313919,0.000284057285171,0.1341486871242523,0.0001645323209231,0.13163081926177259,3.212959465621083e-05,0.1321180947415996,0.0002436377399135,0.1318744570016861,0.0048256596727128,0.001842061560684865,1.0002200276558673,1.002520288837966,1.913529426235253e-05,0.8881542477083993,0,0,0
Inviable_Ctrl_131,ERBB2,CCR2,Control Inviable Screen,Non-Viable Control,0,0,0.1458282619714737,0.0157700050622224,0.1440167427062988,0.0145133156329393,0.3952691077726624,0.1940582738543504,1.0093369223702364,1.019479535611428,0.1456919759511947,0.0149993011727929,0.1421233266592025,0.0151497218757867,0.1540296673774719,0.0156854148954153,0.1300582569092513,0.0022997124295052345,0.1615982670336961,0.0157700050622224,0.1458282619714737,0.1940582738543504,0.07670524076231205,1.0093369223702364,1.0289983368934765,0.0010766274193094853,0.9976952232401913,0,0,0
Inviable_Ctrl_132,BIRC5,TNFSF11,Control Inviable Screen,Non-Viable Control,0,0,0.117566280066967,0.003100843867287,0.1190603524446487,0.0032794510480016,0.3956046357699982,0.0548477724334817,0.9911624910508164,0.99664772858576,0.116562895476818,0.0032296632416546,0.1143803969025611,0.0030062729492783,0.1125126853585243,0.0032358022872358,0.11446543619968,0.0003645546785454005,0.120667123934254,0.003100843867287,0.117566280066967,0.0548477724334817,0.021698033036343274,0.9911624910508164,0.9878398453651999,8.791069916972864e-05,0.9944527074165395,0,0,0
Inviable_Ctrl_133,IGF1,CCR2,Control Inviable Screen,Non-Viable Control,0,0,0.0801125168800354,0.0157700050622224,0.0804977342486381,0.0145133156329393,0.3700493393468034,0.1940582738543504,0.997048091518058,1.019479535611428,0.0737387984991073,0.0149993011727929,0.0763877406716346,0.0151497218757867,0.0808950588107109,0.0156854148954153,0.064342511817813,0.001263374796745536,0.0958825219422578,0.0157700050622224,0.0801125168800354,0.1940582738543504,0.07181113603458342,0.997048091518058,1.0164701253230901,0.00037889118883674525,0.9970053088590047,0,0,0
Inviable_Ctrl_134,MUC17,ENPP3,Control Inviable Screen,Non-Viable Control,0,0,0.000221488851821,0.0112073356285691,0.0002558437117841,0.0125130824744701,0.0043867647921779,0.1504619959047341,0.9993164006924232,0.9791124226447436,0.0003260717785451,0.0112572396174073,0.0002603858301881,0.0122854774817824,0.0002742205397225,0.0112704634666442,0.0109858467767481,2.4822999003443553e-06,0.0114288244803901,0.000221488851821,0.0112073356285691,0.0043867647921779,0.000660041386195703,0.9791124226447436,0.9784431020705838,2.173238824340947e-06,0.8812651032984655,0,0,0
Inviable_Ctrl_135,FOLR1,NCR1,Control Inviable Screen,Non-Viable Control,0,0,0.3427318334579468,0.0108751021325588,0.3417839407920837,0.0109082451090216,0.4228079695956087,0.1499591243178454,1.0024194270544795,0.999455854024303,0.3401549756526947,0.0098287351429462,0.3402532935142517,0.0113386195152997,0.3510022759437561,0.0106123341247439,0.33185673132538795,0.0037272436929343044,0.3536069355905056,0.0108751021325588,0.3427318334579468,0.1499591243178454,0.06340391287516367,0.999455854024303,1.0018739645572874,0.0009153755514088828,0.9988199514809665,0,0,0
Inviable_Ctrl_136,MET,DLL4,Control Inviable Screen,Non-Viable Control,0,0,0.2726970613002777,0.0069326008670032,0.2730317413806915,0.0074427258223295,0.4203732279753822,0.107006552796355,0.998963940574436,0.9911194159395544,0.2747542858123779,0.0075928140431642,0.2727423310279846,0.00714877480641,0.2936901748180389,0.0075410646386444,0.2657644604332745,0.00189049988359953,0.2796296621672809,0.0069326008670032,0.2726970613002777,0.107006552796355,0.04498269001352191,0.9911194159395544,0.9900925573268108,0.00047856386860521054,0.9966089454275577,0,0,0
Inviable_Ctrl_137,PDCD1LG2,CDH17,Control Inviable Screen,Non-Viable Control,0,0,0.0225032661110162,0.0132450331002473,0.0231887437403202,0.0152808465063571,0.230530768326318,0.1679373217468908,0.9906341112817012,0.9688145372638274,0.0224057883024215,0.0138813406229019,0.0228192694485187,0.013516392558813,0.0245427377521991,0.0136013384908437,0.0092582330107689,0.0002980565045040829,0.035748299211263504,0.0132450331002473,0.0225032661110162,0.1679373217468908,0.03871471981297481,0.9688145372638274,0.9597407281191442,9.195302149762138e-05,0.9479538871525061,0,0,0
Inviable_Ctrl_138,SIGLEC15,LGR5,Control Inviable Screen,Non-Viable Control,0,0,0.0089481491595506,0.0043190326541662,0.0062100244686007,0.0034190022852271,0.1366972210322077,0.0746473580480634,1.0487123910162937,1.0168485057832677,0.0073909601196646,0.0030743910465389,0.008498047478497,0.0026512013282626,0.0073765320703387,0.0032906462438404,0.004629116505384399,3.8647348414448874e-05,0.013267181813716798,0.0043190326541662,0.0089481491595506,0.0746473580480634,0.010204086402566469,1.0168485057832677,1.066381627801316,1.1076159407667972e-05,0.9565299137166101,0,0,0
Inviable_Ctrl_139,LY6G6D,ENPP3,Control Inviable Screen,Non-Viable Control,0,0,4.429776890901849e-05,0.0112073356285691,0.0,0.0125130824744701,0.000885171156034,0.1504619959047341,1.0008859553781804,0.9791124226447436,1.552722642372828e-05,0.0112572396174073,0.0,0.0122854774817824,2.742205288086552e-05,0.0112704634666442,0.011163037859660082,4.964599637601634e-07,0.011251633397478119,4.429776890901849e-05,0.0112073356285691,0.000885171156034,0.00013318461885417646,0.9791124226447436,0.9799798725614289,4.34647764868192e-07,0.5966002124738206,0,0,0
Inviable_Ctrl_140,LY6G6D,TEK,Control Inviable Screen,Non-Viable Control,0,0,4.429776890901849e-05,0.0038760548923164,0.0,0.0050238398835062,0.000885171156034,0.0655580157836503,1.0008859553781804,0.979140223699039,1.552722642372828e-05,0.0040215519256889,0.0,0.0051130312494933,2.742205288086552e-05,0.0044423723593354,0.0038317571234073814,1.717005838985024e-07,0.003920352661225418,4.429776890901849e-05,0.0038760548923164,0.000885171156034,5.803006461850895e-05,0.979140223699039,0.9800076982462179,1.353981750605196e-07,0.46896368365904223,0,0,1
Inviable_Ctrl_141,IL6,DLL3,Control Inviable Screen,Non-Viable Control,0,0,0.1670690327882766,0.0083279805257916,0.1579485982656479,0.0079311551526188,0.4234988239587675,0.1248928920695039,1.0438590815167588,1.006849947530432,0.1573373973369598,0.0088349925354123,0.1496745198965072,0.008379690349102,0.1640935689210891,0.008308881893754,0.158741052262485,0.0013913476515236057,0.17539701331406818,0.0083279805257916,0.1670690327882766,0.1248928920695039,0.052891992912244175,1.006849947530432,1.0510094614543135,0.00033521546591776735,0.9989512890985793,0,0,0
Inviable_Ctrl_142,CD38,CD248,Control Inviable Screen,Non-Viable Control,0,0,0.1074885353446006,0.019247381016612,0.1087568327784538,0.0208396334201097,0.37467679369076,0.2116555818642764,0.9920110686787064,0.977523141684614,0.1058180555701255,0.0219399724155664,0.1106639802455902,0.0186530947685241,0.109743058681488,0.0214440450072288,0.0882411543279886,0.0020688727946950934,0.1267359163612126,0.019247381016612,0.1074885353446006,0.2116555818642764,0.07930243477965926,0.977523141684614,0.9697137764407204,0.0006822978950772559,0.9974859214417855,0,0,0
Inviable_Ctrl_143,TNFSF10,IL17F,Control Inviable Screen,Non-Viable Control,0,0,0.4391016364097595,0.0003986799274571,0.4400511682033539,0.0003953948034904,0.3832102995330202,0.007847667678513,0.9980623823486116,1.000065186987411,0.4418738186359405,0.0001397450396325,0.4295419454574585,0.0005207716603763,0.4418515264987945,0.00041133078048,0.4387029564823024,0.00017506100855013682,0.43950031633721665,0.0003986799274571,0.4391016364097595,0.007847667678513,0.003007307081718568,0.9980623823486116,0.9981274430285652,2.5142852421020828e-05,0.7983470598870787,0,0,0
Inviable_Ctrl_144,IL17A,IL17F,Control Inviable Screen,Non-Viable Control,0,0,0.0016611663158982,0.0003986799274571,0.0013489940902218,0.0003953948034904,0.0313236340045822,0.007847667678513,1.0060794224153249,1.000065186987411,0.0022359206341207,0.0001397450396325,0.0009705290431156,0.0005207716603763,0.0020292319823056,0.00041133078048,0.0012624863884411,6.622736663164723e-07,0.0020598462433553,0.0003986799274571,0.0016611663158982,0.007847667678513,0.0002458174701513305,1.000065186987411,1.0061450057019685,4.7095017412354354e-08,0.3206367426155712,0,0,0
Inviable_Ctrl_145,IL7,IL31,Control Inviable Screen,Non-Viable Control,0,0,0.0261356849223375,6.644665700150654e-05,0.0256076287478208,6.977555312914774e-05,0.2509697526268256,0.0013252298980694,1.0069841652656233,0.999933514858198,0.0260546877980232,4.658168109017424e-05,0.0260859280824661,2.367144043091685e-05,0.025036334991455,2.742205288086552e-05,0.026069238265335994,1.7366288915340059e-06,0.026202131579339007,6.644665700150654e-05,0.0261356849223375,0.0013252298980694,0.00033259261969215056,0.999933514858198,1.0069172157806032,1.5453052588428934e-06,0.6105387848038064,0,0,0
Inviable_Ctrl_146,CD19,NCR3LG1,Control Inviable Screen,Non-Viable Control,0,0,0.064342513680458,0.0121597377583384,0.0662170052528381,0.0118385860696434,0.3396251482844286,0.162486147336355,0.9838707634196736,1.0051933866717662,0.0652454048395156,0.0115522565320134,0.0630370453000068,0.0122618060559034,0.0646611973643302,0.0107768671587109,0.052182775922119604,0.0007823880930666701,0.0765022514387964,0.0121597377583384,0.064342513680458,0.162486147336355,0.055184381883275076,0.9838707634196736,0.9889803847291577,0.0005243029419745691,0.9976158584738783,0,0,0
Inviable_Ctrl_147,TNFRSF9,MUC17,Control Inviable Screen,Non-Viable Control,0,0,0.0411083288490772,0.000221488851821,0.0405395962297916,0.0002558437117841,0.3043941037308105,0.0043867647921779,1.0062815899669149,0.9993164006924232,0.042078785598278,0.0003260717785451,0.039554975926876,0.0002603858301881,0.0414621420204639,0.0002742205397225,0.040886839997256196,9.105036557062199e-06,0.0413298177008982,0.000221488851821,0.0411083288490772,0.0043867647921779,0.0013353053371928671,0.9993164006924232,1.0055936965687862,5.631779165560731e-06,0.8825904923812986,1,0,0
Inviable_Ctrl_148,CD3E,CACNA1G-AS1,Control Inviable Screen,Non-Viable Control,0,0,0.736981987953186,0.0002436377399135,0.7350622415542603,0.0002325851819477,0.3243314437737325,0.0048256596727128,1.0024453429260909,1.0002200276558673,0.7345154881477356,0.0001863267243606,0.7241330146789551,0.000284057285171,0.7432199120521545,0.0001645323209231,0.7367383502132725,0.00017955662590187253,0.7372256256930996,0.0002436377399135,0.736981987953186,0.0048256596727128,0.00156511316881162,1.0002200276558673,1.00266590862503,6.648344739328672e-05,0.8695031281730032,1,0,0
Inviable_Ctrl_149,IL5RA,PVRIG,Control Inviable Screen,Non-Viable Control,0,0,0.0073312809690833,0.0028572061564773,0.0075590186752378,0.0033027096651494,0.1122990291774831,0.0507094080705659,0.9960434053360164,0.9916420101066008,0.0066145989112555,0.0029967548325657,0.0076222037896513,0.0025091727729886,0.0069377794861793,0.0027147831860929,0.004474074812606,2.094698111972967e-05,0.0101884871255606,0.0028572061564773,0.0073312809690833,0.0507094080705659,0.005694617296489377,0.9916420101066008,0.9877184846208311,1.5575695862939837e-05,0.9870949435011942,0,0,0
Inviable_Ctrl_150,IGF2,TEK,Control Inviable Screen,Non-Viable Control,0,0,0.1870694756507873,0.0038760548923164,0.1957902014255523,0.0050238398835062,0.4215968282741453,0.0655580157836503,0.96451963616049,0.979140223699039,0.1827088743448257,0.0040215519256889,0.1821517348289489,0.0051130312494933,0.1817259490489959,0.0044423723593354,0.1831934207584709,0.0007250915562992977,0.1909455305431037,0.0038760548923164,0.1870694756507873,0.0655580157836503,0.02763905152233332,0.96451963616049,0.9443999723122978,7.49428898959976e-05,0.9502980124708796,0,0,1
Inviable_Ctrl_151,CD40,ENPP3,Control Inviable Screen,Non-Viable Control,0,0,0.2458526194095611,0.0112073356285691,0.2523316740989685,0.0125130824744701,0.3797339301663551,0.1504619959047341,0.978569712522789,0.9791124226447436,0.2438085228204727,0.0112572396174073,0.2444076240062713,0.0122854774817824,0.2505553066730499,0.0112704634666442,0.234645283780992,0.0027553528208858133,0.25705995503813023,0.0112073356285691,0.2458526194095611,0.1504619959047341,0.05713552504557871,0.978569712522789,0.9581297619549582,0.0014991001410303937,0.9989934807783445,0,0,0
Inviable_Ctrl_152,CXCR4,DLL3,Control Inviable Screen,Non-Viable Control,0,0,2.8377373218536377,0.0083279805257916,2.7688567638397217,0.0079311551526188,0.2273407793972287,0.1248928920695039,1.0244356360697413,1.006849947530432,2.8197133541107178,0.0088349925354123,2.782909154891968,0.008379690349102,2.804206609725952,0.008308881893754,2.829409341327846,0.023632621153709104,2.8460653023794293,0.0083279805257916,2.8377373218536377,0.1248928920695039,0.02839324742425498,1.006849947530432,1.0314529664251237,0.0036462905150113226,0.9962382215285696,0,0,0
Inviable_Ctrl_153,CDH17,IL17F,Control Inviable Screen,Non-Viable Control,0,0,0.0132450331002473,0.0003986799274571,0.0152808465063571,0.0003953948034904,0.1679373217468908,0.007847667678513,0.9688145372638274,1.000065186987411,0.0138813406229019,0.0001397450396325,0.013516392558813,0.0005207716603763,0.0136013384908437,0.00041133078048,0.0128463531727902,5.280528835573481e-06,0.0136437130277044,0.0003986799274571,0.0132450331002473,0.007847667678513,0.0013179162918891133,0.9688145372638274,0.9688776913648717,6.269524193019607e-07,0.8904344770846313,0,0,0
Inviable_Ctrl_154,CSF3R,FAP,Control Inviable Screen,Non-Viable Control,0,0,0.1269352585077285,0.0157035589218139,0.1185719296336174,0.0169089436531066,0.39562204891936,0.188207968448754,1.0496128204279829,0.9819846994216184,0.1228824779391288,0.0173749662935733,0.1210084035992622,0.0155284646898508,0.12449611723423,0.0191131699830293,0.1112316995859146,0.0019933353112317935,0.1426388174295424,0.0157035589218139,0.1269352585077285,0.188207968448754,0.07445922210064632,0.9819846994216184,1.0307037299770498,0.000789609288555385,0.9855848178344739,0,0,0
Inviable_Ctrl_155,LRP5,ENPP3,Control Inviable Screen,Non-Viable Control,0,0,0.0797802805900573,0.0112073356285691,0.078381210565567,0.0125130824744701,0.3636682982689544,0.1504619959047341,1.010897778719541,0.9791124226447436,0.0814403071999549,0.0112572396174073,0.0770742073655128,0.0122854774817824,0.0812241211533546,0.0112704634666442,0.0685729449614882,0.0008941243811141891,0.0909876162186264,0.0112073356285691,0.0797802805900573,0.1504619959047341,0.05471825800482504,0.9791124226447436,0.9897825731682798,0.0005157095730161091,0.998186041733775,0,0,0
Inviable_Ctrl_156,CD274,IL2,Control Inviable Screen,Non-Viable Control,0,0,0.0394914634525775,0.0080621941015124,0.039888359606266,0.0065356437116861,0.2958513039616033,0.1242398973189801,0.9955845656164276,1.0270015567101565,0.0397807545959949,0.008198375813663,0.0414723642170429,0.0080956323072314,0.0420105867087841,0.0074313762597739,0.0314292693510651,0.00031838784370746283,0.0475536575540899,0.0080621941015124,0.0394914634525775,0.1242398973189801,0.03675653562587596,0.9955845656164276,1.022466898724676,0.00019021971876708845,0.9807062420130103,0,0,0
Inviable_Ctrl_157,PITRM1,CD248,Control Inviable Screen,Non-Viable Control,0,0,0.059868436306715,0.019247381016612,0.0596580989658832,0.0208396334201097,0.3349080558811468,0.2116555818642764,1.001918119526194,0.977523141684614,0.0582115724682807,0.0219399724155664,0.0594153143465518,0.0186530947685241,0.0600542947649955,0.0214440450072288,0.040621055290103,0.0011523106044641108,0.079115817323327,0.019247381016612,0.059868436306715,0.2116555818642764,0.07088515943855772,0.977523141684614,0.9793981479099857,0.0004916248867675725,0.9969023670889504,0,0,0
Inviable_Ctrl_158,CCR8,MUC17,Control Inviable Screen,Non-Viable Control,0,0,0.000531573256012,0.000221488851821,0.0005814629839733,0.0002558437117841,0.0103943911797954,0.0043867647921779,0.999013675662622,0.9993164006924232,0.0006366163142956,0.0003260717785451,0.0003787430468946,0.0002603858301881,0.0007129733567126,0.0002742205397225,0.000310084404191,1.1773755013284838e-07,0.000753062107833,0.000221488851821,0.000531573256012,0.0043867647921779,4.5597749263650964e-05,0.999013675662622,0.9983307506056793,1.177375435308859e-07,0.7714108034356079,0,0,0
Inviable_Ctrl_159,PDCD1LG2,TMEFF2,Control Inviable Screen,Non-Viable Control,0,0,0.0225032661110162,0.0032115883659571,0.0231887437403202,0.0038376555312424,0.230530768326318,0.0561706335135108,0.9906341112817012,0.98837120303424,0.0224057883024215,0.0028104281518608,0.0228192694485187,0.0038111018948256,0.0245427377521991,0.0033454904332756,0.0192916777450591,7.227122763817631e-05,0.0257148544769733,0.0032115883659571,0.0225032661110162,0.0561706335135108,0.012949059301245671,0.98837120303424,0.9791142283342502,3.9285093691471486e-05,0.9792380737348771,0,0,0
Inviable_Ctrl_160,ALB,CCR8,Control Inviable Screen,Non-Viable Control,0,0,0.0072426851838827,0.000531573256012,0.0080474475398659,0.0005814629839733,0.1106753489979695,0.0103943911797954,0.9861361284588688,0.999013675662622,0.0088660465553402,0.0006366163142956,0.0076932180672883,0.0003787430468946,0.0068280911073088,0.0007129733567126,0.0067111119278707,3.850017745466398e-06,0.0077742584398947006,0.000531573256012,0.0072426851838827,0.0103943911797954,0.0011504028714452719,0.9861361284588688,0.9851634783954021,1.071411646131035e-06,0.7797130170450765,0,0,0
Inviable_Ctrl_161,F10,CXCR4,Control Inviable Screen,Non-Viable Control,0,0,0.0115174204111099,2.8377373218536377,0.0102104898542165,2.7688567638397217,0.1595626203571792,0.2273407793972287,1.0217060276383356,1.0244356360697413,0.0102945519611239,2.8197133541107178,0.0100366910919547,2.782909154891968,0.0105574904009699,2.804206609725952,2.8262199014425278,0.03268341375208543,2.8492547422647476,0.0115174204111099,2.8377373218536377,0.1595626203571792,0.03627509047466523,1.0217060276383356,1.046672064299967,0.003817592753971586,0.9982073970210749,0,0,0
Inviable_Ctrl_162,IL6,IL5,Control Inviable Screen,Non-Viable Control,0,0,0.1670690327882766,0.0004208288155496,0.1579485982656479,0.0005814629839733,0.4234988239587675,0.0082477202361288,1.0438590815167588,0.9968242482730362,0.1573373973369598,0.0004037079052068,0.1496745198965072,0.000591785996221,0.1640935689210891,0.0003290646418463,0.16664820397272698,7.030746318330772e-05,0.1674898616038262,0.0004208288155496,0.1670690327882766,0.0082477202361288,0.003492899820341475,0.9968242482730362,1.040544044235925,1.799814582108818e-05,0.9740719225525989,0,0,0
Inviable_Ctrl_163,MAGEA8,DLL4,Control Inviable Screen,Non-Viable Control,0,0,0.0,0.0069326008670032,0.0,0.0074427258223295,0.0,0.107006552796355,1.0,0.9911194159395544,0.0,0.0075928140431642,0.0,0.00714877480641,2.742205288086552e-05,0.0075410646386444,0.0069326008670032,0.0,0.0069326008670032,0.0,0.0069326008670032,0.0,0.0,0.9911194159395544,0.9911194159395544,0.0,0.449083975821801,0,0,0
Inviable_Ctrl_164,IL5,TSLP,Control Inviable Screen,Non-Viable Control,0,0,0.0004208288155496,0.0077521097846329,0.0005814629839733,0.0073264334350824,0.0082477202361288,0.1183740140335872,0.9968242482730362,1.0074254811270011,0.0004037079052068,0.0076393955387175,0.000591785996221,0.0079772751778364,0.0003290646418463,0.0084734139963984,0.0073312809690833005,3.2623111786775283e-06,0.0081729386001825,0.0004208288155496,0.0077521097846329,0.0082477202361288,0.0009763157509766118,0.9968242482730362,1.0042261479155248,2.237013327086814e-06,0.9720434754959683,0,0,0
Inviable_Ctrl_165,CD22,CXCR4,Control Inviable Screen,Non-Viable Control,0,0,0.0799131765961647,2.8377373218536377,0.0787068232893943,2.7688567638397217,0.3618876210800308,0.2273407793972287,1.009372877645017,1.0244356360697413,0.0791112184524536,2.8197133541107178,0.0790389403700828,2.782909154891968,0.0765897929668426,2.804206609725952,2.757824145257473,0.22677260373481722,2.9176504984498024,0.0799131765961647,2.8377373218536377,0.2273407793972287,0.08227181383054318,1.009372877645017,1.0340375459418183,0.031177007490768117,0.9994304953851757,0,0,0
Inviable_Ctrl_166,IL2RG,ABCB1,Control Inviable Screen,Non-Viable Control,0,0,0.6048860549926758,0.0141088394448161,0.5917199850082397,0.0141179207712411,0.3100279590227093,0.1781223596888414,1.0205168458081713,0.9998583652383634,0.5970839858055115,0.0150458831340074,0.5865309238433838,0.013445378281176,0.6025722026824951,0.0138755589723587,0.5907772155478597,0.008534240232299865,0.6189948944374919,0.0141088394448161,0.6048860549926758,0.1781223596888414,0.05522291163064041,0.9998583652383634,1.020372305147969,0.004822833938345904,0.9989905932856363,0,0,0
Inviable_Ctrl_167,IL3RA,F10,Control Inviable Screen,Non-Viable Control,0,0,0.0737114921212196,0.0115174204111099,0.0763344541192054,0.0102104898542165,0.3510154527042275,0.1595626203571792,0.9792379520197168,1.0217060276383356,0.074499636888504,0.0102945519611239,0.0712747052311897,0.0100366910919547,0.0758768171072006,0.0105574904009699,0.0621940717101097,0.0008489662438903011,0.08522891253232949,0.0115174204111099,0.0737114921212196,0.1595626203571792,0.05600894541934804,0.9792379520197168,1.0004933180707638,0.00031514808276912403,0.9971494947995786,0,0,0
Inviable_Ctrl_168,LILRB2,FCAR,Control Inviable Screen,Non-Viable Control,0,0,0.0752619132399559,0.0024585262872278,0.0728689357638359,0.0030701244249939,0.3611648395889898,0.0441523724416926,1.0194758541794444,0.9884756603759142,0.0695309191942215,0.00284148263745,0.0753225237131118,0.0025801870506256,0.0733265727758407,0.0025776729453355,0.0728033869527281,0.0001850333921274896,0.0777204395271837,0.0024585262872278,0.0752619132399559,0.0441523724416926,0.015946284510377242,0.9884756603759142,1.0077270681973256,0.00012032188261138943,0.9586963449535479,0,0,0
Inviable_Ctrl_169,KLK2,NTRK2,Control Inviable Screen,Non-Viable Control,0,0,0.0004651265917345,0.0101884873583912,0.0006512385443784,0.0101639721542596,0.0090936532811131,0.1438572902765215,0.9963256189188586,1.00040747316465,0.0005589801585301,0.009440554305911,0.0007338146679103,0.0099420053884387,0.0005210189847275,0.010502646677196,0.0097233607666567,4.738936399938538e-06,0.0106536139501257,0.0004651265917345,0.0101884873583912,0.0090936532811131,0.0013081883197351293,0.9963256189188586,0.9967315948718213,3.3378593591002564e-06,0.984227629588857,0,0,0
Inviable_Ctrl_170,PTK7,NCR1,Control Inviable Screen,Non-Viable Control,0,0,0.0806883871555328,0.0108751021325588,0.0815211087465286,0.0109082451090216,0.3608181959242394,0.1499591243178454,0.9936685327630514,0.999455854024303,0.0824806317687034,0.0098287351429462,0.0831814408302307,0.0113386195152997,0.0777415186166763,0.0106123341247439,0.069813285022974,0.0008774944512278648,0.09156348928809159,0.0108751021325588,0.0806883871555328,0.1499591243178454,0.054107980698743716,0.9936685327630514,0.9931278320297717,0.0005174349186019351,0.9959349600876378,0,0,0
Inviable_Ctrl_171,MET,CDH19,Control Inviable Screen,Non-Viable Control,0,0,0.2726970613002777,0.0022591862361878,0.2730317413806915,0.0020467496942728,0.4203732279753822,0.0415585184792733,0.998963940574436,1.0040816485786876,0.2747542858123779,0.0012887598713859,0.2727423310279846,0.0020830866415053,0.2936901748180389,0.0016727452166378,0.2704378750640899,0.0006160734475384482,0.2749562475364655,0.0022591862361878,0.2726970613002777,0.0415585184792733,0.017470088563006688,0.998963940574436,1.003041360322642,0.00010535547853621769,0.8432883325828427,0,0,0
Inviable_Ctrl_172,CTLA4,FCAR,Control Inviable Screen,Non-Viable Control,0,0,0.0449843853712081,0.0024585262872278,0.0441446676850318,0.0030701244249939,0.3134094143326692,0.0441523724416926,1.008919439696634,0.9884756603759142,0.044516559690237,0.00284148263745,0.043271392583847,0.0025801870506256,0.0453834980726242,0.0025776729453355,0.0425258590839803,0.00011059529394990082,0.0474429116584359,0.0024585262872278,0.0449843853712081,0.0441523724416926,0.013837769188348763,0.9884756603759142,0.9972923094202275,7.454552568658076e-05,0.9623943211992205,0,0,0
Inviable_Ctrl_173,CD1D,LRRC15,Control Inviable Screen,Non-Viable Control,0,0,0.0353717692196369,0.0018162085907533,0.0340272113680839,0.0010001163464039,0.2886416100806888,0.0343624642752457,1.0160014575000362,1.0160017722078585,0.0354176051914691,0.0013663959689438,0.0364303477108478,0.001159900566563,0.0345517881214618,0.0016179011436179,0.0335555606288836,6.424251112684769e-05,0.0371879778103902,0.0018162085907533,0.0353717692196369,0.0343624642752457,0.009918437014747067,1.0160014575000362,1.032259281385804,2.9948015916373805e-05,0.8539942498496728,0,0,0
Inviable_Ctrl_174,PDCD1LG2,CACNA1G-AS1,Control Inviable Screen,Non-Viable Control,0,0,0.0225032661110162,0.0002436377399135,0.0231887437403202,0.0002325851819477,0.230530768326318,0.0048256596727128,0.9906341112817012,1.0002200276558673,0.0224057883024215,0.0001863267243606,0.0228192694485187,0.000284057285171,0.0245427377521991,0.0001645323209231,0.0222596283711027,5.482644895960044e-06,0.0227469038509297,0.0002436377399135,0.0225032661110162,0.0048256596727128,0.00111246303203181,0.9906341112817012,0.9908520781830287,3.8853389365182805e-06,0.8462021464335396,0,0,0
Inviable_Ctrl_175,HLA-G,CACNA1G-AS1,Control Inviable Screen,Non-Viable Control,0,0,0.0723604038357734,0.0002436377399135,0.0693569034337997,0.0002325851819477,0.3667844648371205,0.0048256596727128,1.0251640275138303,1.0002200276558673,0.070431500673294,0.0001863267243606,0.0706829205155372,0.000284057285171,0.0734362602233886,0.0001645323209231,0.0721167660958599,1.7629725249775986e-05,0.0726040415756869,0.0002436377399135,0.0723604038357734,0.0048256596727128,0.0017699770005420385,1.0002200276558673,1.0253895919516836,5.6293263000691e-06,0.87225106237353,0,0,0
Inviable_Ctrl_176,CCR8,LRRC15,Control Inviable Screen,Non-Viable Control,0,0,0.000531573256012,0.0018162085907533,0.0005814629839733,0.0010001163464039,0.0103943911797954,0.0343624642752457,0.999013675662622,1.0160017722078585,0.0006366163142956,0.0013663959689438,0.0003787430468946,0.001159900566563,0.0007129733567126,0.0016179011436179,0.0012846353347413,9.654479141836978e-07,0.0023477818467653,0.000531573256012,0.0018162085907533,0.0103943911797954,0.0003571768955786484,0.999013675662622,1.0149996649331108,6.004614720074915e-07,0.7639686204418095,0,0,0
Inviable_Ctrl_177,MAGEA4,IL5RA,Control Inviable Screen,Non-Viable Control,0,0,0.0027021639980375,0.0073312809690833,0.0015350622124969,0.0075590186752378,0.0497876013414117,0.1122990291774831,1.0226467522388585,0.9960434053360164,0.001925376127474,0.0066145989112555,0.0015859864652156,0.0076222037896513,0.0018646996468305,0.0069377794861793,0.0046291169710458,1.9810323494154365e-05,0.010033444967120799,0.0027021639980375,0.0073312809690833,0.0497876013414117,0.005591099295716089,0.9960434053360164,1.01860055355581,4.6604444314309e-06,0.9723958512173366,0,0,0
Inviable_Ctrl_178,NT5E,CXCR4,Control Inviable Screen,Non-Viable Control,0,0,0.083722785115242,2.8377373218536377,0.0849866271018982,2.7688567638397217,0.362210083073571,0.2273407793972287,0.9906372800492144,1.0244356360697413,0.0837228074669838,2.8197133541107178,0.0867558270692825,2.782909154891968,0.0819919407367706,2.804206609725952,2.7540145367383957,0.23758327201105445,2.9214601069688797,0.083722785115242,2.8377373218536377,0.2273407793972287,0.08234512259148058,0.9906372800492144,1.0148441321016153,0.02980658957908601,0.9988193689560517,0,0,0
Inviable_Ctrl_179,CD1D,WT1,Control Inviable Screen,Non-Viable Control,0,0,0.0353717692196369,0.0024806750006973,0.0340272113680839,0.0020002326928079,0.2886416100806888,0.0454842081684382,1.0160014575000362,1.009239233807427,0.0354176051914691,0.0021738116629421,0.0364303477108478,0.002296129707247,0.0345517881214618,0.0025228287559002,0.032891094218939605,8.774586363358752e-05,0.0378524442203342,0.0024806750006973,0.0353717692196369,0.0454842081684382,0.013128635078983219,1.009239233807427,1.0253885325145657,3.464574390325618e-05,0.9817792374273312,0,0,0
Inviable_Ctrl_180,MUC16,CCR8,Control Inviable Screen,Non-Viable Control,0,0,0.0516290515661239,0.000531573256012,0.0512850321829319,0.0005814629839733,0.327559138933106,0.0103943911797954,1.0033965471084685,0.999013675662622,0.0499666146934032,0.0006366163142956,0.0509409382939338,0.0003787430468946,0.0531439371407032,0.0007129733567126,0.0510974783101119,2.7444623045815932e-05,0.0521606248221359,0.000531573256012,0.0516290515661239,0.0103943911797954,0.0034047778245876533,0.999013675662622,1.0024068726740143,1.528233315030904e-05,0.9677310628786616,0,0,0
Inviable_Ctrl_181,CTHRC1,CCR2,Control Inviable Screen,Non-Viable Control,0,0,0.1442556828260421,0.0157700050622224,0.1362716555595398,0.0145133156329393,0.4204024678900451,0.1940582738543504,1.0428622768317557,1.019479535611428,0.1518096923828125,0.0149993011727929,0.1362528055906295,0.0151497218757867,0.1659582704305648,0.0156854148954153,0.1284856777638197,0.0022749128484210327,0.1600256878882645,0.0157700050622224,0.1442556828260421,0.1940582738543504,0.08158257724285112,1.019479535611428,1.0631767496911146,0.0005209003269665239,0.9714642343725063,0,0,0
Inviable_Ctrl_182,TNFSF9,TNFSF11,Control Inviable Screen,Non-Viable Control,0,0,0.0278411488980054,0.003100843867287,0.0253517851233482,0.0032794510480016,0.2638357216521236,0.0548477724334817,1.0330365600573663,0.99664772858576,0.0275763552635908,0.0032296632416546,0.0268434137105941,0.0030062729492783,0.0263251699507236,0.0032358022872358,0.024740305030718397,8.633105581860425e-05,0.0309419927652924,0.003100843867287,0.0278411488980054,0.0548477724334817,0.014470801620999094,0.99664772858576,1.029573541127221,5.9284777752585544e-05,0.9950644582419288,0,0,0
Inviable_Ctrl_183,F10,IL13,Control Inviable Screen,Non-Viable Control,0,0,0.0115174204111099,0.0022591862361878,0.0102104898542165,0.0022560763172805,0.1595626203571792,0.0413844849378975,1.0217060276383356,1.0000595130581256,0.0102945519611239,0.0021893389057368,0.0100366910919547,0.002272458281368,0.0105574904009699,0.0017001673113554,0.0092582341749221,2.601999766916792e-05,0.0137766066472977,0.0022591862361878,0.0115174204111099,0.0413844849378975,0.006603416858823139,1.0000595130581256,1.0217668324885456,9.795763621769708e-06,0.9116358645100645,0,0,0
Inviable_Ctrl_184,CD55,VTCN1,Control Inviable Screen,Non-Viable Control,0,0,0.9329774975776672,0.0198011025786399,0.8835446238517761,0.0157460160553455,0.3329259088298421,0.2294777666621129,1.0529518059050382,1.061678056962126,0.913559913635254,0.0169867854565382,0.9121316075325012,0.0166883654892444,0.9364356994628906,0.0184276197105646,0.9131763949990274,0.01847398313309815,0.9527786001563071,0.0198011025786399,0.9329774975776672,0.2294777666621129,0.07639909402222637,1.0529518059050382,1.1178958273680226,0.003445857554916044,0.9963327516635051,0,0,0
Inviable_Ctrl_185,SDC1,ENPP3,Control Inviable Screen,Non-Viable Control,0,0,0.4800770878791809,0.0112073356285691,0.4830794334411621,0.0125130824744701,0.4114316894661823,0.1504619959047341,0.994367920850744,0.9791124226447436,0.4914988577365875,0.0112572396174073,0.4748017489910126,0.0122854774817824,0.4962020516395569,0.0112704634666442,0.4688697522506118,0.005380385051448043,0.49128442350775003,0.0112073356285691,0.4800770878791809,0.1504619959047341,0.061904833175538555,0.9791124226447436,0.9735979839843887,0.001273300627181368,0.9986670764282802,0,0,0
Inviable_Ctrl_186,SIRPA,LY6G6D,Control Inviable Screen,Non-Viable Control,0,0,0.1832598745822906,4.429776890901849e-05,0.1815792471170425,0.0,0.3951860349793112,0.000885171156034,1.0072572455700173,1.0008859553781804,0.1780662387609481,1.552722642372828e-05,0.177441120147705,0.0,0.1837551742792129,2.742205288086552e-05,0.18321557681338158,8.11800357454202e-06,0.1833041723511996,4.429776890901849e-05,0.1832598745822906,0.000885171156034,0.00034980727943112965,1.0008859553781804,1.0081496305439412,4.64082150750914e-06,0.6257594157214438,0,0,0
Inviable_Ctrl_187,CACNA1G-AS1,MAGEA4,Control Inviable Screen,Non-Viable Control,0,0,0.0002436377399135,0.0027021639980375,0.0002325851819477,0.0015350622124969,0.0048256596727128,0.0497876013414117,1.0002200276558673,1.0226467522388585,0.0001863267243606,0.001925376127474,0.000284057285171,0.0015859864652156,0.0001645323209231,0.0018646996468305,0.002458526258124,6.583491293574837e-07,0.002945801737951,0.0002436377399135,0.0027021639980375,0.0048256596727128,0.00024025801999435212,1.0002200276558673,1.0228717628065338,1.6777599953147032e-07,0.8455370090846572,0,0,0
Inviable_Ctrl_188,CD276,IL17A,Control Inviable Screen,Non-Viable Control,0,0,0.1288622170686721,0.0016611663158982,0.1321548968553543,0.0013489940902218,0.3766942831236453,0.0313236340045822,0.9819237371955102,1.0060794224153249,0.1285343915224075,0.0022359206341207,0.1307610422372818,0.0009705290431156,0.1309951394796371,0.0020292319823056,0.1272010507527739,0.00021406157438644017,0.13052338338457029,0.0016611663158982,0.1288622170686721,0.0313236340045822,0.01179943385618353,0.9819237371955102,0.9878932663735561,3.108271149215406e-05,0.7655001910341119,0,0,0
Inviable_Ctrl_189,TNFSF10,LRRC15,Control Inviable Screen,Non-Viable Control,0,0,0.4391016364097595,0.0018162085907533,0.4400511682033539,0.0010001163464039,0.3832102995330202,0.0343624642752457,0.9980623823486116,1.0160017722078585,0.4418738186359405,0.0013663959689438,0.4295419454574585,0.001159900566563,0.4418515264987945,0.0016179011436179,0.4372854278190062,0.0007975001642612372,0.44091784500051284,0.0018162085907533,0.4391016364097595,0.0343624642752457,0.01316805022760961,0.9980623823486116,1.0140331492401866,0.00021371424557866758,0.8485193422126532,0,0,0
Inviable_Ctrl_190,ROR1,KIT,Control Inviable Screen,Non-Viable Control,0,0,0.0114731220528483,0.0257591530680656,0.0120246540755033,0.0271194316446781,0.1544750715903064,0.2461153443348412,0.9911078581432534,0.9823614029875136,0.0121267642825841,0.0271105375140905,0.0114569775760173,0.0263699851930141,0.012367345392704,0.0255847759544849,0.014286031015217302,0.00029553790712791837,0.0372322751209139,0.0114731220528483,0.0257591530680656,0.1544750715903064,0.038018685435597506,0.9823614029875136,0.9736261060375561,0.00016037717606679283,0.981471142257806,0,0,0
Inviable_Ctrl_191,HLA-G,VEGFC,Control Inviable Screen,Non-Viable Control,0,0,0.0723604038357734,0.0062902830541133,0.0693569034337997,0.0062798000872135,0.3667844648371205,0.1000314202844103,1.0251640275138303,1.0001862651765576,0.070431500673294,0.0063506360165774,0.0706829205155372,0.0059652030467987,0.0734362602233886,0.0068829352967441,0.0660701207816601,0.0004551674220369604,0.0786506868898867,0.0062902830541133,0.0723604038357734,0.1000314202844103,0.03668997095591451,1.0001862651765576,1.0253549798724158,0.0001407331575017614,0.9959351659986225,0,0,0
Inviable_Ctrl_192,FCGR3A,DLL4,Control Inviable Screen,Non-Viable Control,0,0,1.1602472066879272,0.0069326008670032,1.13978374004364,0.0074427258223295,0.3864865631973361,0.107006552796355,1.0171993161072588,0.9911194159395544,1.136282444000244,0.0075928140431642,1.1368446350097656,0.00714877480641,1.1213973760604858,0.0075410646386444,1.153314605820924,0.008043530791022765,1.1671798075549304,0.0069326008670032,1.1602472066879272,0.107006552796355,0.04135659482985754,0.9911194159395544,1.0081659920743404,0.001288704131886888,0.9985997368099637,0,0,0
Inviable_Ctrl_193,TNFSF15,PDCD1LG2,Control Inviable Screen,Non-Viable Control,0,0,0.029147932305932,0.0225032661110162,0.0290964059531688,0.0231887437403202,0.2633917977320164,0.230530768326318,1.000651437345885,0.9906341112817012,0.0286011528223752,0.0224057883024215,0.0286897849291563,0.0228192694485187,0.029122220352292,0.0245427377521991,0.006644666194915799,0.0006559236772662739,0.0516511984169482,0.0225032661110162,0.029147932305932,0.230530768326318,0.06071991350201188,0.9906341112817012,0.9912794473378977,0.00041486785755500137,0.992504386399949,0,0,0
Inviable_Ctrl_194,HLA-G,ENPP3,Control Inviable Screen,Non-Viable Control,0,0,0.0723604038357734,0.0112073356285691,0.0693569034337997,0.0125130824744701,0.3667844648371205,0.1504619959047341,1.0251640275138303,0.9791124226447436,0.070431500673294,0.0112572396174073,0.0706829205155372,0.0122854774817824,0.0734362602233886,0.0112704634666442,0.0611530682072043,0.0008109673320063113,0.0835677394643425,0.0112073356285691,0.0723604038357734,0.1504619959047341,0.05518712264624292,0.9791124226447436,1.003750834587309,0.00027708795010347216,0.9979832732293468,0,0,0
Inviable_Ctrl_195,FCGRT,IL13,Control Inviable Screen,Non-Viable Control,0,0,1.6746107339859009,0.0022591862361878,1.662007212638855,0.0022560763172805,0.3213105791088368,0.0413844849378975,1.0073618389303507,1.0000595130581256,1.6727015972137451,0.0021893389057368,1.6685998439788818,0.002272458281368,1.6905969381332395,0.0017001673113554,1.672351547749713,0.003783257521193297,1.6768699202220887,0.0022591862361878,1.6746107339859009,0.0413844849378975,0.01329727282151678,1.0000595130581256,1.0074217901140243,0.0004964756735610427,0.9155131072537152,0,0,0
Inviable_Ctrl_196,CD86,NCR1,Control Inviable Screen,Non-Viable Control,0,0,0.2222640663385391,0.0108751021325588,0.2160716354846954,0.0109082451090216,0.4023429693561834,0.1499591243178454,1.023273547526263,0.999455854024303,0.2212629914283752,0.0098287351429462,0.2158125191926956,0.0113386195152997,0.2197603285312652,0.0106123341247439,0.2113889642059803,0.0024171444218294372,0.2331391684710979,0.0108751021325588,0.2222640663385391,0.1499591243178454,0.06033499936009497,0.999455854024303,1.0227167373433395,0.0011550366987162783,0.9979531487271688,0,0,0
Inviable_Ctrl_197,TNFRSF4,FLT3,Control Inviable Screen,Non-Viable Control,0,0,0.1408004611730575,0.008770958520472,0.1439702361822128,0.0083498079329729,0.3946843765455293,0.1298354461491612,0.9836584464114504,1.0072176859259403,0.145024299621582,0.0090989554300904,0.1464078575372696,0.008734761737287,0.1364795565605163,0.0079523948952555,0.1320295026525855,0.0012349550046122156,0.1495714196935295,0.008770958520472,0.1408004611730575,0.1298354461491612,0.05124402211689233,0.9836584464114504,0.9907581841360467,0.0004268290108315425,0.9700511050916438,0,0,0
Inviable_Ctrl_198,LILRB4,FOLH1,Control Inviable Screen,Non-Viable Control,0,0,0.31451416015625,0.0090145962312817,0.2935690283775329,0.0096290269866585,0.4318717868322566,0.1305335044641855,1.060963387409011,0.9896957776031748,0.3094576299190521,0.0086952466517686,0.3013374507427215,0.009113504551351,0.2976938188076019,0.0089121675118803,0.3054995639249683,0.00283521816282926,0.3235287563875317,0.0090145962312817,0.31451416015625,0.1305335044641855,0.056373737814424126,0.9896957776031748,1.0500309847102596,0.0005753034118204562,0.9628335598577956,0,0,0
Inviable_Ctrl_199,CD27,ABCB1,Control Inviable Screen,Non-Viable Control,0,0,0.3675386011600494,0.0141088394448161,0.3589021861553192,0.0141179207712411,0.3843166406304593,0.1781223596888414,1.0211209802665366,0.9998583652383634,0.3574988842010498,0.0150458831340074,0.3622913956642151,0.013445378281176,0.3672909736633301,0.0138755589723587,0.35342976171523327,0.005185543113539437,0.3816474406048655,0.0141088394448161,0.3675386011600494,0.1781223596888414,0.06845538689678587,0.9998583652383634,1.0209763540398944,0.002567110153299607,0.9983793206974643,1,0,0
Inviable_Ctrl_200,LILRB4,MAGEA4,Control Inviable Screen,Non-Viable Control,0,0,0.31451416015625,0.0027021639980375,0.2935690283775329,0.0015350622124969,0.4318717868322566,0.0497876013414117,1.060963387409011,1.0226467522388585,0.3094576299190521,0.001925376127474,0.3013374507427215,0.0015859864652156,0.2976938188076019,0.0018646996468305,0.3118119961582125,0.000849868840447219,0.3172163241542875,0.0027021639980375,0.31451416015625,0.0497876013414117,0.021501860353407523,1.0226467522388585,1.084990762378163,8.3123686879002e-05,0.9796488734646362,0,0,0
Inviable_Ctrl_201,ROR1,CD248,Control Inviable Screen,Non-Viable Control,0,0,0.0114731220528483,0.019247381016612,0.0120246540755033,0.0208396334201097,0.1544750715903064,0.2116555818642764,0.9911078581432534,0.977523141684614,0.0121267642825841,0.0219399724155664,0.0114569775760173,0.0186530947685241,0.012367345392704,0.0214440450072288,0.007774258963763702,0.00022082755160126487,0.030720503069460302,0.0114731220528483,0.019247381016612,0.1544750715903064,0.03269551116097206,0.977523141684614,0.9688308672405018,9.3863313141411e-05,0.9961991244657841,0,0,0
Inviable_Ctrl_202,CD27,KLK2,Control Inviable Screen,Non-Viable Control,0,0,0.3675386011600494,0.0004651265917345,0.3589021861553192,0.0006512385443784,0.3843166406304593,0.0090936532811131,1.0211209802665366,0.9963256189188586,0.3574988842010498,0.0005589801585301,0.3622913956642151,0.0007338146679103,0.3672909736633301,0.0005210189847275,0.3670734745683149,0.00017095197688843952,0.36800372775178386,0.0004651265917345,0.3675386011600494,0.0090936532811131,0.00349484228005554,0.9963256189188586,1.0173689926550888,9.045186781759389e-05,0.9916490428745593,1,0,0
Inviable_Ctrl_203,EGFR,IL5RA,Control Inviable Screen,Non-Viable Control,0,0,0.2500387728214264,0.0073312809690833,0.2226305454969406,0.0075590186752378,0.4410472192302643,0.1122990291774831,1.100532489030263,0.9960434053360164,0.2356877774000167,0.0066145989112555,0.2406675368547439,0.0076222037896513,0.2502810657024383,0.0069377794861793,0.24270749185234308,0.0018331044967186659,0.2573700537905097,0.0073312809690833,0.2500387728214264,0.1122990291774831,0.049529174540987236,0.9960434053360164,1.0961781280566254,0.000440902571868268,0.9939998783604388,0,0,0
Inviable_Ctrl_204,FCGRT,CDH17,Control Inviable Screen,Non-Viable Control,0,0,1.6746107339859009,0.0132450331002473,1.662007212638855,0.0152808465063571,0.3213105791088368,0.1679373217468908,1.0073618389303507,0.9688145372638274,1.6727015972137451,0.0138813406229019,1.6685998439788818,0.013516392558813,1.6905969381332395,0.0136013384908437,1.6613657008856535,0.022180274601672684,1.6878557670861483,0.0132450331002473,1.6746107339859009,0.1679373217468908,0.05396003810448054,0.9688145372638274,0.975946793840546,0.0016523331010703274,0.9673516889766727,0,0,0
Inviable_Ctrl_205,IL15RA,TRDV2,Control Inviable Screen,Non-Viable Control,0,0,0.0571441240608692,0.0,0.0586579851806163,9.303407568950206e-05,0.32789890969658,0.0,0.9860676496326456,0.998142774191938,0.0577302314341068,6.210890569491312e-05,0.0587525144219398,7.101432129275054e-05,0.058765459805727,0.0001645323209231,0.0571441240608692,0.0,0.0571441240608692,0.0,0.0571441240608692,0.0,0.0,0.9860676496326456,0.9842362993452528,0.0,0.8542706458563589,0,0,0
Inviable_Ctrl_206,CD248,TRDV2,Control Inviable Screen,Non-Viable Control,0,0,0.019247381016612,0.0,0.0208396334201097,9.303407568950206e-05,0.2116555818642764,0.0,0.977523141684614,0.998142774191938,0.0219399724155664,6.210890569491312e-05,0.0186530947685241,7.101432129275054e-05,0.0214440450072288,0.0001645323209231,0.019247381016612,0.0,0.019247381016612,0.0,0.019247381016612,0.0,0.0,0.977523141684614,0.9757076604778995,0.0,0.8308059775146924,0,0,0
Inviable_Ctrl_207,FAP,GPRC5D,Control Inviable Screen,Non-Viable Control,0,0,0.0157035589218139,0.0003322332631796,0.0169089436531066,0.0005814629839733,0.188207968448754,0.0065222330204565,0.9819846994216184,0.9950727063613674,0.0173749662935733,0.0003881806624121,0.0155284646898508,0.0005207716603763,0.0191131699830293,0.0003290646418463,0.015371325658634298,5.217244624127353e-06,0.0160357921849935,0.0003322332631796,0.0157035589218139,0.0065222330204565,0.0012275362265294985,0.9819846994216184,0.9771461724589237,3.2745754294522877e-06,0.9152705827308611,0,0,0
Inviable_Ctrl_208,GIPR,CXCR4,Control Inviable Screen,Non-Viable Control,0,0,0.0093025313690304,2.8377373218536377,0.0089312708005309,2.7688567638397217,0.1352011678957059,0.2273407793972287,1.0062998907618368,1.0244356360697413,0.0088660465553402,2.8197133541107178,0.009184518828988,2.782909154891968,0.0087202126160264,2.804206609725952,2.828434790484607,0.02639814045361178,2.847039853222668,0.0093025313690304,2.8377373218536377,0.1352011678957059,0.030736738884825355,1.0062998907618368,1.0308894686695134,0.0045884528292928,0.9934826071227032,0,0,0
Inviable_Ctrl_209,LAG3,TMEFF2,Control Inviable Screen,Non-Viable Control,0,0,0.0885069444775581,0.0032115883659571,0.0936155393719673,0.0038376555312424,0.3563741201757921,0.0561706335135108,0.9644286759166234,0.98837120303424,0.09308572858572,0.0028104281518608,0.089312344789505,0.0038111018948256,0.0903282389044761,0.0033454904332756,0.085295356111601,0.0002842478731905366,0.0917185328435152,0.0032115883659571,0.0885069444775581,0.0561706335135108,0.020017760098094275,0.9644286759166234,0.9532135306564322,0.00012664978500307348,0.9798500758838797,0,0,0
Inviable_Ctrl_210,PGF,PDCD1LG2,Control Inviable Screen,Non-Viable Control,0,0,0.0390484854578971,0.0225032661110162,0.047470636665821,0.0231887437403202,0.2820977222589978,0.230530768326318,0.9135929394121092,0.9906341112817012,0.0430880561470985,0.0224057883024215,0.0419694632291793,0.0228192694485187,0.0430251993238925,0.0245427377521991,0.016545219346880902,0.0008787184594912048,0.06155175156891331,0.0225032661110162,0.0390484854578971,0.230530768326318,0.06503220465547102,0.9135929394121092,0.9050363296077518,0.00026549816066215006,0.9684666063434346,0,0,0
Inviable_Ctrl_211,GUCY2C,MAGEA4,Control Inviable Screen,Non-Viable Control,0,0,0.0042082881554961,0.0027021639980375,0.0047679962590336,0.0015350622124969,0.0710386114433816,0.0497876013414117,0.9897803801166956,1.0226467522388585,0.0044873687438666,0.001925376127474,0.004473902285099,0.0015859864652156,0.0046891709789633,0.0018646996468305,0.0015061241574585997,1.1371484747149197e-05,0.0069104521535336,0.0027021639980375,0.0042082881554961,0.0497876013414117,0.00353684206639053,0.9897803801166956,1.0121956911560814,3.3182364351788006e-06,0.9896975765659185,0,0,0
Inviable_Ctrl_212,TNFRSF9,KIT,Control Inviable Screen,Non-Viable Control,0,0,0.0411083288490772,0.0257591530680656,0.0405395962297916,0.0271194316446781,0.3043941037308105,0.2461153443348412,1.0062815899669149,0.9823614029875136,0.042078785598278,0.0271105375140905,0.039554975926876,0.0263699851930141,0.0414621420204639,0.0255847759544849,0.015349175781011595,0.0010589157351957566,0.0668674819171428,0.0257591530680656,0.0411083288490772,0.2461153443348412,0.07491605965320379,0.9823614029875136,0.9885321945204044,0.00041280941283560287,0.9920304936306075,1,0,0
Inviable_Ctrl_213,ADAM17,NCR1,Control Inviable Screen,Non-Viable Control,0,0,0.2919223010540008,0.0108751021325588,0.3014769256114959,0.0109082451090216,0.3720082294035162,0.1499591243178454,0.9728157843054076,0.999455854024303,0.2953433990478515,0.0098287351429462,0.296058714389801,0.0113386195152997,0.2934433817863464,0.0106123341247439,0.281047198921442,0.003174684838733836,0.3027974031865596,0.0108751021325588,0.2919223010540008,0.1499591243178454,0.05578602832038343,0.9728157843054076,0.9722864305112834,0.0017912933273957813,0.9981330840269561,0,0,0
Inviable_Ctrl_214,PSCA,FLT3,Control Inviable Screen,Non-Viable Control,0,0,0.0952623561024665,0.008770958520472,0.104012094438076,0.0083498079329729,0.3744611340804747,0.1298354461491612,0.9431879790510383,1.0072176859259403,0.0856016054749488,0.0090989554300904,0.0884838476777076,0.008734761737287,0.0898072198033332,0.0079523948952555,0.0864913975819945,0.0008355421739371663,0.1040333146229385,0.008770958520472,0.0952623561024665,0.1298354461491612,0.04861832840885931,0.9431879790510383,0.9499956136529512,0.00013956019722433628,0.9917527113083495,0,0,0
Inviable_Ctrl_215,TNFSF11,CD248,Control Inviable Screen,Non-Viable Control,0,0,0.003100843867287,0.019247381016612,0.0032794510480016,0.0208396334201097,0.0548477724334817,0.2116555818642764,0.99664772858576,0.977523141684614,0.0032296632416546,0.0219399724155664,0.0030062729492783,0.0186530947685241,0.0032358022872358,0.0214440450072288,0.016146537149325,5.9683123386697545e-05,0.022348224883899002,0.003100843867287,0.019247381016612,0.0548477724334817,0.011608837188367988,0.977523141684614,0.9742462187999865,2.3571056214883482e-05,0.9986244889757748,0,0,0
Inviable_Ctrl_216,CD96,F10,Control Inviable Screen,Non-Viable Control,0,0,0.139560118317604,0.0115174204111099,0.133945807814598,0.0102104898542165,0.3845315393277677,0.1595626203571792,1.0305215463712265,1.0217060276383356,0.1357234865427017,0.0102945519611239,0.136134460568428,0.0100366910919547,0.1345600187778473,0.0105574904009699,0.1280426979064941,0.001607372555288085,0.1510775387287139,0.0115174204111099,0.139560118317604,0.1595626203571792,0.061356860025118316,1.0217060276383356,1.0528900755386608,0.0007721816792473197,0.9981507813004111,0,0,0
Inviable_Ctrl_217,CD47,TRDV2,Control Inviable Screen,Non-Viable Control,0,0,1.0568561553955078,0.0,1.0716129541397097,9.303407568950206e-05,0.2853614815892538,0.0,0.9868432343887108,0.998142774191938,1.0485692024230957,6.210890569491312e-05,1.054349660873413,7.101432129275054e-05,1.0603833198547363,0.0001645323209231,1.0568561553955078,0.0,1.0568561553955078,0.0,1.0568561553955078,0.0,0.0,0.9868432343887108,0.9850104436652927,0.0,0.8479369042123603,0,0,0
Inviable_Ctrl_218,CD40,ROR1,Control Inviable Screen,Non-Viable Control,0,0,0.2458526194095611,0.0114731220528483,0.2523316740989685,0.0120246540755033,0.3797339301663551,0.1544750715903064,0.978569712522789,0.9911078581432534,0.2438085228204727,0.0121267642825841,0.2444076240062713,0.0114569775760173,0.2505553066730499,0.012367345392704,0.2343794973567128,0.0028206971094983553,0.2573257414624094,0.0114731220528483,0.2458526194095611,0.1544750715903064,0.058659426047716116,0.978569712522789,0.9698681318223207,0.0015092520607213368,0.995933968320129,0,0,0
Inviable_Ctrl_219,PSCA,CDH19,Control Inviable Screen,Non-Viable Control,0,0,0.0952623561024665,0.0022591862361878,0.104012094438076,0.0020467496942728,0.3744611340804747,0.0415585184792733,0.9431879790510383,1.0040816485786876,0.0856016054749488,0.0012887598713859,0.0884838476777076,0.0020830866415053,0.0898072198033332,0.0016727452166378,0.0930031698662787,0.0002152154037335132,0.0975215423386543,0.0022591862361878,0.0952623561024665,0.0415585184792733,0.015562049960453045,0.9431879790510383,0.9470377409251673,2.726507164316399e-05,0.7959243129466473,0,0,0
Inviable_Ctrl_220,FLT3,FCAR,Control Inviable Screen,Non-Viable Control,0,0,0.008770958520472,0.0024585262872278,0.0083498079329729,0.0030701244249939,0.1298354461491612,0.0441523724416926,1.0072176859259403,0.9884756603759142,0.0090989554300904,0.00284148263745,0.008734761737287,0.0025801870506256,0.0079523948952555,0.0025776729453355,0.0063124322332442,2.1563632086765063e-05,0.011229484807699799,0.0024585262872278,0.008770958520472,0.0441523724416926,0.005732542974511089,0.9884756603759142,0.9956101672379439,1.6000532165847392e-05,0.8622231637204779,0,0,0
Inviable_Ctrl_221,TEK,DLL4,Control Inviable Screen,Non-Viable Control,0,0,0.0038760548923164,0.0069326008670032,0.0050238398835062,0.0074427258223295,0.0655580157836503,0.107006552796355,0.979140223699039,0.9911194159395544,0.0040215519256889,0.0075928140431642,0.0051130312494933,0.00714877480641,0.0044423723593354,0.0075410646386444,0.0030565459746868,2.687114150702467e-05,0.0108086557593196,0.0038760548923164,0.0069326008670032,0.0655580157836503,0.00701513727717745,0.979140223699039,0.9704448866355162,1.814335545810952e-05,0.9641845411505017,0,0,1
Inviable_Ctrl_222,IL10,DLL4,Control Inviable Screen,Non-Viable Control,0,0,0.0601120740175247,0.0069326008670032,0.0565647184848785,0.0074427258223295,0.3505008143291034,0.107006552796355,1.0332882738591342,0.9911194159395544,0.0594537518918514,0.0075928140431642,0.0603148303925991,0.00714877480641,0.0585735030472278,0.0075410646386444,0.053179473150521496,0.0004167330164512522,0.0670446748845279,0.0069326008670032,0.0601120740175247,0.107006552796355,0.037505883893672626,0.9911194159395544,1.0241120704844555,0.00017183598249093668,0.9989055782217916,0,0,0
Inviable_Ctrl_223,TSLP,MAGEA8,Control Inviable Screen,Non-Viable Control,0,0,0.0077521097846329,0.0,0.0073264334350824,0.0,0.1183740140335872,0.0,1.0074254811270011,1.0,0.0076393955387175,0.0,0.0079772751778364,0.0,0.0084734139963984,2.742205288086552e-05,0.0077521097846329,0.0,0.0077521097846329,0.0,0.0077521097846329,0.0,0.0,1.0,1.0074254811270011,0.0,0.4558902239181123,0,0,0
Inviable_Ctrl_224,MICA,F10,Control Inviable Screen,Non-Viable Control,0,0,0.0760592669248581,0.0115174204111099,0.0751947909593582,0.0102104898542165,0.3532794277841877,0.1595626203571792,1.0069050473975432,1.0217060276383356,0.0751362517476081,0.0102945519611239,0.0749674513936042,0.0100366910919547,0.0772204995155334,0.0105574904009699,0.0645418465137482,0.0008760065533344167,0.08757668733596799,0.0115174204111099,0.0760592669248581,0.1595626203571792,0.056370191215529844,1.0069050473975432,1.028760956185534,0.0004556560672188839,0.9986612533105,0,0,0
Inviable_Ctrl_225,CD19,CCR8,Control Inviable Screen,Non-Viable Control,0,0,0.064342513680458,0.000531573256012,0.0662170052528381,0.0005814629839733,0.3396251482844286,0.0103943911797954,0.9838707634196736,0.999013675662622,0.0652454048395156,0.0006366163142956,0.0630370453000068,0.0003787430468946,0.0646611973643302,0.0007129733567126,0.063810940424446,3.420275949711771e-05,0.06487408693647,0.000531573256012,0.064342513680458,0.0103943911797954,0.0035301966457643693,0.9838707634196736,0.9829003477408781,2.4819074176310853e-05,0.9657299058646392,0,0,0
Inviable_Ctrl_226,TNFRSF13B,IL17F,Control Inviable Screen,Non-Viable Control,0,0,0.0646525919437408,0.0003986799274571,0.056936852633953,0.0003953948034904,0.3628613371481914,0.007847667678513,1.0721522947397646,1.000065186987411,0.0620933808386325,0.0001397450396325,0.0570245012640953,0.0005207716603763,0.0596978105604648,0.00041133078048,0.0642539120162837,2.577569066604407e-05,0.0650512718711979,0.0003986799274571,0.0646525919437408,0.007847667678513,0.0028476151873198705,1.000065186987411,1.0722221851179046,5.357058230655334e-06,0.8134509911205454,0,0,0
Inviable_Ctrl_227,FOLH1,ANGPT1,Control Inviable Screen,Non-Viable Control,0,0,0.0090145962312817,0.0075527695007622,0.0096290269866585,0.0088149784132838,0.1305335044641855,0.113134795847933,0.9896957776031748,0.9785393288142988,0.0086952466517686,0.0088194645941257,0.009113504551351,0.006746360566467,0.0089121675118803,0.0076781748794019,0.0014618267305195002,6.80851674773103e-05,0.0165673657320439,0.0075527695007622,0.0090145962312817,0.113134795847933,0.014767881378870876,0.9785393288142988,0.9684562419461563,3.1481056847766436e-05,0.9904602757486922,0,0,1
Inviable_Ctrl_228,ABCB1,GIPR,Control Inviable Screen,Non-Viable Control,0,0,0.0141088394448161,0.0093025313690304,0.0141179207712411,0.0089312708005309,0.1781223596888414,0.1352011678957059,0.9998583652383634,1.0062998907618368,0.0150458831340074,0.0088660465553402,0.013445378281176,0.009184518828988,0.0138755589723587,0.0087202126160264,0.004806308075785701,0.00013124792151601521,0.023411370813846498,0.0093025313690304,0.0141088394448161,0.1352011678957059,0.024082351058270366,0.9998583652383634,1.0061573637166739,0.00010964308741313816,0.9874323068637494,0,0,0
Inviable_Ctrl_229,CD86,MAGEA8,Control Inviable Screen,Non-Viable Control,0,0,0.2222640663385391,0.0,0.2160716354846954,0.0,0.4023429693561834,0.0,1.023273547526263,1.0,0.2212629914283752,0.0,0.2158125191926956,0.0,0.2197603285312652,2.742205288086552e-05,0.2222640663385391,0.0,0.2222640663385391,0.0,0.2222640663385391,0.0,0.0,1.0,1.023273547526263,0.0,0.45225679028713367,0,0,0
Inviable_Ctrl_230,FCGRT,CXCR4,Control Inviable Screen,Non-Viable Control,0,0,1.6746107339859009,2.8377373218536377,1.662007212638855,2.7688567638397217,0.3213105791088368,0.2273407793972287,1.0073618389303507,1.0244356360697413,1.6727015972137451,2.8197133541107178,1.6685998439788818,2.782909154891968,1.6905969381332395,2.804206609725952,1.1631265878677368,4.752105379408505,4.512348055839539,1.6746107339859009,2.8377373218536377,0.2273407793972287,0.07304699748317786,1.0073618389303507,1.0319773662169982,0.19348587890561877,0.9995004144981533,0,0,0
Inviable_Ctrl_231,LGALS3BP,KLRK1,Control Inviable Screen,Non-Viable Control,0,0,1.3216460943222046,0.0027021639980375,1.319223165512085,0.0030933830421417,0.354041546871842,0.0482799311574813,1.001769564575847,0.9926314915025533,1.321071982383728,0.0028104281518608,1.292436957359314,0.0028879158198833,1.3323004245758057,0.0030164257623255,1.318943930324167,0.003571304494224335,1.3243482583202422,0.0027021639980375,1.3216460943222046,0.0482799311574813,0.01709310150986072,0.9926314915025533,0.9943880170267865,0.000730077752534465,0.9288904087030033,0,0,0
Inviable_Ctrl_232,VTCN1,IL17F,Control Inviable Screen,Non-Viable Control,0,0,0.0198011025786399,0.0003986799274571,0.0157460160553455,0.0003953948034904,0.2294777666621129,0.007847667678513,1.061678056962126,1.000065186987411,0.0169867854565382,0.0001397450396325,0.0166883654892444,0.0005207716603763,0.0184276197105646,0.00041133078048,0.0194024226511828,7.894302139622752e-06,0.020199782506097,0.0003986799274571,0.0198011025786399,0.007847667678513,0.0018008652523716115,1.000065186987411,1.0617472645562598,1.3745858207230993e-06,0.7791511575658826,0,0,0
Inviable_Ctrl_233,PVRIG,ABCB1,Control Inviable Screen,Non-Viable Control,0,0,0.0028572061564773,0.0141088394448161,0.0033027096651494,0.0141179207712411,0.0507094080705659,0.1781223596888414,0.9916420101066008,0.9998583652383634,0.0029967548325657,0.0150458831340074,0.0025091727729886,0.013445378281176,0.0027147831860929,0.0138755589723587,0.011251633288338801,4.031186292247833e-05,0.0169660456012934,0.0028572061564773,0.0141088394448161,0.0507094080705659,0.009032479423953577,0.9916420101066008,0.9915015591268704,3.713245893724857e-05,0.9990772952541028,0,0,0
Inviable_Ctrl_234,CD40LG,CCR2,Control Inviable Screen,Non-Viable Control,0,0,0.071939580142498,0.0157700050622224,0.0685661137104034,0.0145133156329393,0.3576957186798642,0.1940582738543504,1.028452197061415,1.019479535611428,0.0740493461489677,0.0149993011727929,0.0669665038585662,0.0151497218757867,0.0722022652626037,0.0156854148954153,0.056169575080275605,0.0011344875430213477,0.0877095852047204,0.0157700050622224,0.071939580142498,0.1940582738543504,0.06941381373210577,1.019479535611428,1.0484859682587242,0.0007364659954172243,0.9993850649740222,0,0,0
Inviable_Ctrl_235,TSPAN8,TSLP,Control Inviable Screen,Non-Viable Control,0,0,0.1848324388265609,0.0077521097846329,0.1721828132867813,0.0073264334350824,0.4311758952785225,0.1183740140335872,1.0569334115121327,1.0074254811270011,0.1834076046943664,0.0076393955387175,0.1776304841041565,0.0079772751778364,0.1951079070568084,0.0084734139963984,0.177080329041928,0.0014328413575449446,0.19258454861119378,0.0077521097846329,0.1848324388265609,0.1183740140335872,0.05104002147864435,1.0074254811270011,1.064781650611813,0.0003033949324861511,0.9996043890422183,0,0,0
Inviable_Ctrl_236,CEACAM5,KLK2,Control Inviable Screen,Non-Viable Control,0,0,0.2892422974109649,0.0004651265917345,0.280055820941925,0.0006512385443784,0.4454749295791184,0.0090936532811131,1.0278330993915612,0.9963256189188586,0.2842103540897369,0.0005589801585301,0.2666824460029602,0.0007338146679103,0.286066859960556,0.0005210189847275,0.28877717081923043,0.0001345342839802187,0.2897074240026994,0.0004651265917345,0.2892422974109649,0.0090936532811131,0.004050994555020777,0.9963256189188586,1.024056448896586,2.066588232825662e-05,0.9731137827326432,0,0,0
Inviable_Ctrl_237,CA9,TMEFF2,Control Inviable Screen,Non-Viable Control,0,0,0.0398901402950286,0.0032115883659571,0.0401442013680934,0.0038376555312424,0.3008656108362232,0.0561706335135108,0.9971816149102328,0.98837120303424,0.0409297719597816,0.0028104281518608,0.039365604519844,0.0038111018948256,0.0418734736740589,0.0033454904332756,0.036678551929071504,0.00012811071048791039,0.0431017286609857,0.0032115883659571,0.0398901402950286,0.0561706335135108,0.01689981196310006,0.98837120303424,0.985585592372453,3.9954725970303286e-05,0.9877216762143869,0,0,0
Inviable_Ctrl_238,IL23A,LRRC15,Control Inviable Screen,Non-Viable Control,0,0,0.0366342552006244,0.0018162085907533,0.035352949053049,0.0010001163464039,0.2915603002620152,0.0343624642752457,1.015011855615897,1.0160017722078585,0.0357436761260032,0.0013663959689438,0.0351284183561801,0.001159900566563,0.0358132012188434,0.0016179011436179,0.034818046609871096,6.653544901122279e-05,0.0384504637913777,0.0018162085907533,0.0366342552006244,0.0343624642752457,0.010018730401833405,1.015011855615897,1.0312538441177381,3.427634236042775e-05,0.8980656404031097,0,0,0
Inviable_Ctrl_239,KLRK1,CDH17,Control Inviable Screen,Non-Viable Control,0,0,0.0027021639980375,0.0132450331002473,0.0030933830421417,0.0152808465063571,0.0482799311574813,0.1679373217468908,0.9926314915025533,0.9688145372638274,0.0028104281518608,0.0138813406229019,0.0028879158198833,0.013516392558813,0.0030164257623255,0.0136013384908437,0.0105428691022098,3.579025159630327e-05,0.0159471970982848,0.0027021639980375,0.0132450331002473,0.0482799311574813,0.008108002332711674,0.9688145372638274,0.9616758191135489,1.243455631615532e-05,0.8073164537267804,0,0,0
Inviable_Ctrl_240,CACNA1G-AS1,FLT3,Control Inviable Screen,Non-Viable Control,0,0,0.0002436377399135,0.008770958520472,0.0002325851819477,0.0083498079329729,0.0048256596727128,0.1298354461491612,1.0002200276558673,1.0072176859259403,0.0001863267243606,0.0090989554300904,0.000284057285171,0.008734761737287,0.0001645323209231,0.0079523948952555,0.0085273207805585,2.1369365108028537e-06,0.0090145962603855,0.0002436377399135,0.008770958520472,0.0048256596727128,0.0006265416765706816,1.0002200276558673,1.0074393016723227,1.3333776804869484e-06,0.9468271059673039,0,0,0
Inviable_Ctrl_241,IL2,TSLP,Control Inviable Screen,Non-Viable Control,0,0,0.0080621941015124,0.0077521097846329,0.0065356437116861,0.0073264334350824,0.1242398973189801,0.1183740140335872,1.0270015567101565,1.0074254811270011,0.008198375813663,0.0076393955387175,0.0080956323072314,0.0079772751778364,0.0074313762597739,0.0084734139963984,0.00031008431687949874,6.249901377994393e-05,0.015814303886145298,0.0077521097846329,0.0080621941015124,0.1183740140335872,0.014706775348768382,1.0074254811270011,1.0346275373869085,3.94273598899051e-05,0.9593383995482211,0,0,0
Inviable_Ctrl_242,CACNA1G-AS1,TSLP,Control Inviable Screen,Non-Viable Control,0,0,0.0002436377399135,0.0077521097846329,0.0002325851819477,0.0073264334350824,0.0048256596727128,0.1183740140335872,1.0002200276558673,1.0074254811270011,0.0001863267243606,0.0076393955387175,0.000284057285171,0.0079772751778364,0.0001645323209231,0.0084734139963984,0.0075084720447194005,1.888706507489289e-06,0.0079957475245464,0.0002436377399135,0.0077521097846329,0.0048256596727128,0.0005712327058190208,1.0002200276558673,1.0076471425940745,1.2583199964860175e-06,0.8358600081991833,0,0,0
Inviable_Ctrl_243,IL17F,DLL4,Control Inviable Screen,Non-Viable Control,0,0,0.0003986799274571,0.0069326008670032,0.0003953948034904,0.0074427258223295,0.007847667678513,0.107006552796355,1.000065186987411,0.9911194159395544,0.0001397450396325,0.0075928140431642,0.0005207716603763,0.00714877480641,0.00041133078048,0.0075410646386444,0.0065339209395461,2.763888810745864e-06,0.0073312807944602995,0.0003986799274571,0.0069326008670032,0.007847667678513,0.00083975186576905,0.9911194159395544,0.9911840240284442,7.888415416569356e-07,0.7894388516350848,0,0,0
Inviable_Ctrl_244,TRDV2,ENPP3,Control Inviable Screen,Non-Viable Control,0,0,0.0,0.0112073356285691,9.303407568950206e-05,0.0125130824744701,0.0,0.1504619959047341,0.998142774191938,0.9791124226447436,6.210890569491312e-05,0.0112572396174073,7.101432129275054e-05,0.0122854774817824,0.0001645323209231,0.0112704634666442,0.0112073356285691,0.0,0.0112073356285691,0.0,0.0112073356285691,0.0,0.0,0.9791124226447436,0.9772939897844137,0.0,0.817824579944011,0,0,0
Inviable_Ctrl_245,TNFSF13B,CD248,Control Inviable Screen,Non-Viable Control,0,0,0.4118806719779968,0.019247381016612,0.411745548248291,0.0208396334201097,0.3940227308658232,0.2116555818642764,1.000292636778456,0.977523141684614,0.4064407050609588,0.0219399724155664,0.4176588952541351,0.0186530947685241,0.4091095924377441,0.0214440450072288,0.39263329096138483,0.007927624226938691,0.4311280529946088,0.019247381016612,0.4118806719779968,0.2116555818642764,0.083397110369157,0.977523141684614,0.9778092009076627,0.0015691588851622527,0.9978970519772085,0,0,0
Inviable_Ctrl_246,IL17A,SIGLEC6,Control Inviable Screen,Non-Viable Control,0,0,0.0016611663158982,0.0016611663158982,0.0013489940902218,0.0015118037117645,0.0313236340045822,0.0311993866017774,1.0060794224153249,1.0028995801616567,0.0022359206341207,0.001925376127474,0.0009705290431156,0.0014913007616996,0.0020292319823056,0.0013711026404052,0.0,2.759473529074798e-06,0.0033223326317964,0.0016611663158982,0.0016611663158982,0.0311993866017774,0.000977278167081541,1.0028995801616567,1.0089966303496114,5.651402089482523e-07,0.8061095433405914,0,0,0
Inviable_Ctrl_247,PVRIG,TRDV2,Control Inviable Screen,Non-Viable Control,0,0,0.0028572061564773,0.0,0.0033027096651494,9.303407568950206e-05,0.0507094080705659,0.0,0.9916420101066008,0.998142774191938,0.0029967548325657,6.210890569491312e-05,0.0025091727729886,7.101432129275054e-05,0.0027147831860929,0.0001645323209231,0.0028572061564773,0.0,0.0028572061564773,0.0,0.0028572061564773,0.0,0.0,0.9916420101066008,0.9898003069730723,0.0,0.8216285649761108,0,0,0
Inviable_Ctrl_248,IL6,MAGEA4,Control Inviable Screen,Non-Viable Control,0,0,0.1670690327882766,0.0027021639980375,0.1579485982656479,0.0015350622124969,0.4234988239587675,0.0497876013414117,1.0438590815167588,1.0226467522388585,0.1573373973369598,0.001925376127474,0.1496745198965072,0.0015859864652156,0.1640935689210891,0.0018646996468305,0.1643668687902391,0.0004514479255874276,0.16977119678631408,0.0027021639980375,0.1670690327882766,0.0497876013414117,0.02108499061581581,1.0226467522388585,1.0674990995081513,4.274559632508442e-05,0.9890949277352044,0,0,0
Inviable_Ctrl_249,CHI3L1,VEGFC,Control Inviable Screen,Non-Viable Control,0,0,0.3686017394065857,0.0062902830541133,0.312757283449173,0.0062798000872135,0.4800940654994692,0.1000314202844103,1.1539444099548652,1.0001862651765576,0.3750446438789367,0.0063506360165774,0.3628831803798675,0.0059652030467987,0.3615871965885162,0.0068829352967441,0.3623114563524724,0.0023186092751059325,0.37489202246069897,0.0062902830541133,0.3686017394065857,0.1000314202844103,0.04802449124202861,1.0001862651765576,1.1541593496141231,0.00023841852565004254,0.9848534453877738,0,0,0
Inviable_Ctrl_250,F10,TNFSF11,Control Inviable Screen,Non-Viable Control,0,0,0.0115174204111099,0.003100843867287,0.0102104898542165,0.0032794510480016,0.1595626203571792,0.0548477724334817,1.0217060276383356,0.99664772858576,0.0102945519611239,0.0032296632416546,0.0100366910919547,0.0030062729492783,0.0105574904009699,0.0032358022872358,0.0084165765438229,3.571372244875625e-05,0.0146182642783969,0.003100843867287,0.0115174204111099,0.0548477724334817,0.008751654290240598,0.99664772858576,1.018280991728127,1.7142586338096988e-05,0.9950900103684371,0,0,0
